# Zandalar-Sniffer - WowPacketParser
# Detected build: V8_3_0
# Detected locale: enUS
# Targeted database: BattleForAzeroth
# Parsing date: 11/17/2020 20:55:28

SET @CGUID := 600000000;
SET @OGUID := 600000000;

DELETE FROM `conversation_actors` WHERE (`ConversationId`=9652 AND `Idx`=0);
INSERT INTO `conversation_actors` (`ConversationId`, `ConversationActorNearId`, `Idx`, `VerifiedBuild`) VALUES
(9652, 144152, 0, 31478); -- Full: 0x20002904208CC6000000000000000074 Creature/0 R10/S0 Map: 2081 Entry: 144152 Low: 116

DELETE FROM `conversation_line_template` WHERE `Id` IN (22071, 22070, 22069, 22068);
INSERT INTO `conversation_line_template` (`Id`, `StartTime`, `UiCameraID`, `ActorIdx`, `Flags`, `VerifiedBuild`) VALUES
(22071, 21237, 0, 0, 0, 31478),
(22070, 13965, 0, 0, 0, 31478),
(22069, 7943, 0, 0, 0, 31478),
(22068, 0, 0, 0, 0, 31478);

DELETE FROM `conversation_template` WHERE `Id`=9652;
INSERT INTO `conversation_template` (`Id`, `FirstLineID`, `LastLineEndTime`, `TextureKitId`, `VerifiedBuild`) VALUES
(9652, 22068, 27681, 0, 31478);

DELETE FROM `gameobject_template_addon` WHERE `entry` IN (301350 /*301350*/, 299341 /*299341*/, 299338 /*299338*/, 299340 /*299340*/, 301282 /*301282*/);
INSERT INTO `gameobject_template_addon` (`entry`, `faction`, `flags`) VALUES
(301350, 0, 32), -- 301350
(299341, 114, 32), -- 299341
(299338, 114, 32), -- 299338
(299340, 114, 32), -- 299340
(301282, 114, 32); -- 301282

UPDATE `creature_template` SET `faction`=84,`minlevel`=120, `maxlevel`=120, `npcflag`=0 WHERE `entry`=144125;
UPDATE `creature_template` SET `faction`=84,`minlevel`=120, `maxlevel`=120, `npcflag`=0 WHERE `entry`=144133;
UPDATE `creature_template` SET `faction`=84,`minlevel`=120, `maxlevel`=120, `npcflag`=0 WHERE `entry`=143567;
UPDATE `creature_template` SET `faction`=84,`minlevel`=120, `maxlevel`=120, `npcflag`=3 WHERE `entry`=144130;
UPDATE `creature_template` SET `faction`=84,`minlevel`=120, `maxlevel`=120, `npcflag`=0 WHERE `entry`=144129;
UPDATE `creature_template` SET `faction`=84,`minlevel`=120, `maxlevel`=120, `npcflag`=0 WHERE `entry`=144153;
UPDATE `creature_template` SET `faction`=35,`minlevel`=120, `maxlevel`=120, `npcflag`=0 WHERE `entry`=73678;
UPDATE `creature_template` SET `faction`=84,`minlevel`=120, `maxlevel`=120, `npcflag`=2 WHERE `entry`=144152;
UPDATE `creature_template` SET `faction`=84,`minlevel`=120, `maxlevel`=120, `npcflag`=0 WHERE `entry`=144123;
UPDATE `creature_template` SET `faction`=84,`minlevel`=120, `maxlevel`=120, `npcflag`=0 WHERE `entry`=144122;
UPDATE `creature_template` SET `faction`=84,`minlevel`=120, `maxlevel`=120, `npcflag`=0 WHERE `entry`=144135;
UPDATE `creature_template` SET `faction`=84,`minlevel`=120, `maxlevel`=120, `npcflag`=1 WHERE `entry`=144127;
UPDATE `creature_template` SET `faction`=84,`minlevel`=120, `maxlevel`=120, `npcflag`=1 WHERE `entry`=144163;
UPDATE `creature_template` SET `faction`=84,`minlevel`=120, `maxlevel`=120, `npcflag`=0 WHERE `entry`=144154;
UPDATE `creature_template` SET `faction`=84,`minlevel`=120, `maxlevel`=120, `npcflag`=0 WHERE `entry`=144156;
UPDATE `creature_template` SET `faction`=84,`minlevel`=120, `maxlevel`=120, `npcflag`=0 WHERE `entry`=144132;
UPDATE `creature_template` SET `faction`=84,`minlevel`=120, `maxlevel`=120, `npcflag`=1 WHERE `entry`=144126;

DELETE FROM `quest_poi` WHERE (`QuestID`=51486 AND `BlobIndex`=0 AND `Idx1`=1) OR (`QuestID`=51486 AND `BlobIndex`=0 AND `Idx1`=0);
INSERT INTO `quest_poi` (`QuestID`, `BlobIndex`, `Idx1`, `ObjectiveIndex`, `QuestObjectiveID`, `QuestObjectID`, `MapID`, `UiMapID`, `Priority`, `Flags`, `WorldEffectID`, `PlayerConditionID`, `SpawnTrackingID`, `AlwaysAllowMergingBlobs`, `VerifiedBuild`) VALUES
(51486, 0, 1, 32, 0, 0, 1865, 971, 0, 0, 0, 0, 1430507, 0, 31478), -- 51486
(51486, 0, 0, -1, 0, 0, 0, 84, 0, 0, 0, 0, 1456603, 0, 31478); -- 51486

DELETE FROM `quest_poi_points` WHERE (`QuestID`=51486 AND `Idx1`=1 AND `Idx2`=0) OR (`QuestID`=51486 AND `Idx1`=0 AND `Idx2`=0);
INSERT INTO `quest_poi_points` (`QuestID`, `Idx1`, `Idx2`, `X`, `Y`, `VerifiedBuild`) VALUES
(51486, 1, 0, 2138, 3319, 31478), -- 51486
(51486, 0, 0, -8173, 801, 31478); -- 51486

DELETE FROM `creature_queststarter` WHERE `id` = '144152';
INSERT INTO `creature_queststarter` (`id`, `quest`) VALUES ('144152', '51486');

DELETE FROM `quest_details` WHERE `ID`=51486;
INSERT INTO `quest_details` (`ID`, `Emote1`, `Emote2`, `Emote3`, `Emote4`, `EmoteDelay1`, `EmoteDelay2`, `EmoteDelay3`, `EmoteDelay4`, `VerifiedBuild`) VALUES
(51486, 1, 1, 0, 0, 0, 0, 0, 0, 31478); -- 51486


DELETE FROM `creature` WHERE `guid` BETWEEN @CGUID+0 AND @CGUID+92;
INSERT INTO `creature` (`guid`, `id`, `map`, `zoneId`, `areaId`, `spawnDifficulties`, `PhaseId`, `PhaseGroup`, `modelid`, `equipment_id`, `position_x`, `position_y`, `position_z`, `orientation`, `spawntimesecs`, `spawndist`, `currentwaypoint`, `curhealth`, `curmana`, `MovementType`, `npcflag`, `unit_flags`, `dynamicflags`, `VerifiedBuild`) VALUES
(@CGUID+0, 144126, 2081, 10028, 10028, '0', '0', 0, 0, 0, 1610.1800537109375, 597.67901611328125, 229.677001953125, 3.172450065612792968, 7200, 0, 0, 0, 0, 0, 0, 0, 0, 31478), -- 144126 (Area: 10028 - Difficulty: 0)
(@CGUID+1, 144132, 2081, 10028, 10028, '0', '0', 0, 0, 0, 1606.81005859375, 482.704986572265625, 223.2969970703125, 0.818343997001647949, 7200, 0, 0, 0, 0, 0, 0, 0, 0, 31478), -- 144132 (Area: 10028 - Difficulty: 0)
(@CGUID+2, 144126, 2081, 10028, 10028, '0', '0', 0, 0, 0, 1595.6800537109375, 591.7340087890625, 229.677001953125, 0.925235986709594726, 7200, 0, 0, 0, 0, 0, 0, 0, 0, 31478), -- 144126 (Area: 10028 - Difficulty: 0)
(@CGUID+3, 144156, 2081, 10028, 10028, '0', '0', 0, 0, 0, 1634.75, 525.08697509765625, 201.477996826171875, 3.227869987487792968, 7200, 0, 0, 0, 0, 0, 0, 0, 0, 31478), -- 144156 (Area: 10028 - Difficulty: 0)
(@CGUID+4, 144154, 2081, 10028, 10028, '0', '0', 0, 0, 0, 1631.1600341796875, 513.22698974609375, 201.4799957275390625, 2.064389944076538085, 7200, 0, 0, 0, 0, 0, 0, 0, 0, 31478), -- 144154 (Area: 10028 - Difficulty: 0)
(@CGUID+5, 144163, 2081, 10028, 10028, '0', '0', 0, 0, 0, 1625.25, 589.21502685546875, 229.677001953125, 3.701250076293945312, 7200, 0, 0, 0, 0, 0, 0, 0, 0, 31478), -- 144163 (Area: 10028 - Difficulty: 0) (Auras: 3417 - 3417, 14869 - 14869)
(@CGUID+6, 144127, 2081, 10028, 10028, '0', '0', 0, 0, 0, 1613.449951171875, 578.60797119140625, 229.677001953125, 3.294729948043823242, 7200, 0, 0, 0, 0, 0, 0, 0, 0, 31478), -- 144127 (Area: 10028 - Difficulty: 0)
(@CGUID+7, 144135, 2081, 10028, 10028, '0', '0', 0, 0, 0, 1598.8399658203125, 489.5419921875, 223.28399658203125, 0.701026976108551025, 7200, 0, 0, 0, 0, 0, 0, 0, 0, 31478), -- 144135 (Area: 10028 - Difficulty: 0)
(@CGUID+8, 144122, 2081, 10028, 10028, '0', '0', 0, 0, 0, 1628.673583984375, 562.04296875, 223.3614501953125, 2.856365919113159179, 7200, 10, 0, 0, 0, 1, 0, 0, 0, 31478), -- 144122 (Area: 10028 - Difficulty: 0) (Auras: 8278 - 8278, 8279 - 8279) (possible waypoints or random movement)
(@CGUID+9, 144132, 2081, 10028, 10028, '0', '0', 0, 0, 0, 1675.5799560546875, 557.47601318359375, 222.949005126953125, 3.917700052261352539, 7200, 0, 0, 0, 0, 0, 0, 0, 0, 31478), -- 144132 (Area: 10028 - Difficulty: 0)
(@CGUID+10, 144126, 2081, 10028, 10028, '0', '0', 0, 0, 0, 1630.5799560546875, 592.63702392578125, 229.677001953125, 0.908855974674224853, 7200, 0, 0, 0, 0, 0, 0, 0, 0, 31478), -- 144126 (Area: 10028 - Difficulty: 0)
(@CGUID+11, 144135, 2081, 10028, 10028, '0', '0', 0, 0, 0, 1612.1800537109375, 559.85198974609375, 229.6269989013671875, 0.593129992485046386, 7200, 0, 0, 0, 0, 0, 0, 0, 0, 31478), -- 144135 (Area: 10028 - Difficulty: 0)
(@CGUID+12, 144123, 2081, 10028, 10028, '0', '0', 0, 0, 0, 1606.6300048828125, 543.36602783203125, 201.6219940185546875, 1.081310033798217773, 7200, 0, 0, 0, 0, 0, 0, 0, 0, 31478), -- 144123 (Area: 10028 - Difficulty: 0)
(@CGUID+13, 144126, 2081, 10028, 10028, '0', '0', 0, 0, 0, 1610.56005859375, 582.76202392578125, 229.677001953125, 0.415378987789154052, 7200, 0, 0, 0, 0, 0, 0, 0, 0, 31478), -- 144126 (Area: 10028 - Difficulty: 0)
(@CGUID+14, 144122, 2081, 10028, 10028, '0', '0', 0, 0, 0, 1624.7247314453125, 482.425933837890625, 223.3487548828125, 1.933881402015686035, 7200, 10, 0, 0, 0, 1, 0, 0, 0, 31478), -- 144122 (Area: 10028 - Difficulty: 0) (Auras: 8278 - 8278, 8279 - 8279) (possible waypoints or random movement)
(@CGUID+15, 144135, 2081, 10028, 10028, '0', '0', 0, 0, 0, 1633.9908447265625, 559.1768798828125, 223.3614501953125, 3.659962177276611328, 7200, 10, 0, 0, 0, 1, 0, 0, 0, 31478), -- 144135 (Area: 10028 - Difficulty: 0) (possible waypoints or random movement)
(@CGUID+16, 144127, 2081, 10028, 10028, '0', '0', 0, 0, 0, 1629.77001953125, 594.7239990234375, 229.677001953125, 0.008508949540555477, 7200, 0, 0, 0, 0, 0, 0, 0, 0, 31478), -- 144127 (Area: 10028 - Difficulty: 0)
(@CGUID+17, 144163, 2081, 10028, 10028, '0', '0', 0, 0, 0, 1616.93994140625, 588.78497314453125, 229.677001953125, 3.897890090942382812, 7200, 0, 0, 0, 0, 0, 0, 0, 0, 31478), -- 144163 (Area: 10028 - Difficulty: 0) (Auras: 3417 - 3417, 14869 - 14869)
(@CGUID+18, 144152, 2081, 10028, 10028, '0', '0', 0, 0, 0, 1632.300048828125, 524.54901123046875, 201.4949951171875, 2.144989967346191406, 7200, 0, 0, 0, 0, 0, 0, 0, 0, 31478), -- 144152 (Area: 10028 - Difficulty: 0)
(@CGUID+19, 73678, 2081, 10028, 10028, '0', '0', 0, 0, 0, 1616.2900390625, 565.41802978515625, 229.6280059814453125, 5.587739944458007812, 7200, 0, 0, 0, 0, 0, 0, 0, 0, 31478), -- 73678 (Area: 10028 - Difficulty: 0)
(@CGUID+20, 144135, 2081, 10028, 10028, '0', '0', 0, 0, 0, 1622.26904296875, 491.123809814453125, 223.3614349365234375, 5.036481857299804687, 7200, 10, 0, 0, 0, 1, 0, 0, 0, 31478), -- 144135 (Area: 10028 - Difficulty: 0) (possible waypoints or random movement)
(@CGUID+21, 144132, 2081, 10028, 10028, '0', '0', 0, 0, 0, 1592.93994140625, 543.72698974609375, 223.38800048828125, 5.754449844360351562, 7200, 0, 0, 0, 0, 0, 0, 0, 0, 31478), -- 144132 (Area: 10028 - Difficulty: 0)
(@CGUID+22, 144123, 2081, 10028, 10028, '0', '0', 0, 0, 0, 1573.550048828125, 565.8070068359375, 201.3350067138671875, 0.894465029239654541, 7200, 0, 0, 0, 0, 0, 0, 0, 0, 31478), -- 144123 (Area: 10028 - Difficulty: 0)
(@CGUID+23, 144126, 2081, 10028, 10028, '0', '0', 0, 0, 0, 1594.6700439453125, 593.64398193359375, 229.677001953125, 5.196219921112060546, 7200, 0, 0, 0, 0, 0, 0, 0, 0, 31478), -- 144126 (Area: 10028 - Difficulty: 0)
(@CGUID+24, 144127, 2081, 10028, 10028, '0', '0', 0, 0, 0, 1632.219970703125, 594.7449951171875, 229.677001953125, 3.812459945678710937, 7200, 0, 0, 0, 0, 0, 0, 0, 0, 31478), -- 144127 (Area: 10028 - Difficulty: 0)
(@CGUID+25, 144163, 2081, 10028, 10028, '0', '0', 0, 0, 0, 1621.97998046875, 587.16802978515625, 229.677001953125, 4.522480010986328125, 7200, 0, 0, 0, 0, 0, 0, 0, 0, 31478), -- 144163 (Area: 10028 - Difficulty: 0) (Auras: 3417 - 3417, 14869 - 14869)
(@CGUID+26, 73678, 2081, 10028, 10028, '0', '0', 0, 0, 0, 1634.8800048828125, 518.76702880859375, 201.4799957275390625, 0, 7200, 0, 0, 0, 0, 0, 0, 0, 0, 31478), -- 73678 (Area: 10028 - Difficulty: 0)
(@CGUID+27, 144127, 2081, 10028, 10028, '0', '0', 0, 0, 0, 1610.7099609375, 578.18402099609375, 229.677001953125, 0.502044975757598876, 7200, 0, 0, 0, 0, 0, 0, 0, 0, 31478), -- 144127 (Area: 10028 - Difficulty: 0)
(@CGUID+28, 144123, 2081, 10028, 10028, '0', '0', 0, 0, 0, 1587.9100341796875, 590.09698486328125, 201.125, 3.812469959259033203, 7200, 0, 0, 0, 0, 0, 0, 0, 0, 31478), -- 144123 (Area: 10028 - Difficulty: 0)
(@CGUID+29, 144153, 2081, 10028, 10028, '0', '0', 0, 0, 0, 1629.77001953125, 514.83001708984375, 201.4799957275390625, 5.951230049133300781, 7200, 0, 0, 0, 0, 0, 0, 0, 0, 31478), -- 144153 (Area: 10028 - Difficulty: 0)
(@CGUID+30, 144126, 2081, 10028, 10028, '0', '0', 0, 0, 0, 1612.0899658203125, 585.85101318359375, 229.677001953125, 4.251200199127197265, 7200, 0, 0, 0, 0, 0, 0, 0, 0, 31478), -- 144126 (Area: 10028 - Difficulty: 0)
(@CGUID+31, 144123, 2081, 10028, 10028, '0', '0', 0, 0, 0, 1612.7099609375, 555.0050048828125, 201.6199951171875, 3.723390102386474609, 7200, 0, 0, 0, 0, 0, 0, 0, 0, 31478), -- 144123 (Area: 10028 - Difficulty: 0)
(@CGUID+32, 144163, 2081, 10028, 10028, '0', '0', 0, 0, 0, 1619.97998046875, 586.91802978515625, 229.677001953125, 0.124145001173019409, 7200, 0, 0, 0, 0, 0, 0, 0, 0, 31478), -- 144163 (Area: 10028 - Difficulty: 0) (Auras: 3417 - 3417, 14869 - 14869)
(@CGUID+33, 144163, 2081, 10028, 10028, '0', '0', 0, 0, 0, 1621.3800048828125, 584.04302978515625, 229.677001953125, 2.024719953536987304, 7200, 0, 0, 0, 0, 0, 0, 0, 0, 31478), -- 144163 (Area: 10028 - Difficulty: 0) (Auras: 3417 - 3417, 14869 - 14869)
(@CGUID+34, 144135, 2081, 10028, 10028, '0', '0', 0, 0, 0, 1644.4000244140625, 469.64801025390625, 223.3769989013671875, 1.857480049133300781, 7200, 0, 0, 0, 0, 0, 0, 0, 0, 31478), -- 144135 (Area: 10028 - Difficulty: 0)
(@CGUID+35, 144126, 2081, 10028, 10028, '0', '0', 0, 0, 0, 1599.5, 596.81402587890625, 229.677001953125, 3.073709964752197265, 7200, 0, 0, 0, 0, 0, 0, 0, 0, 31478), -- 144126 (Area: 10028 - Difficulty: 0)
(@CGUID+36, 144127, 2081, 10028, 10028, '0', '0', 0, 0, 0, 1605.72998046875, 601.45001220703125, 229.677001953125, 5.580379962921142578, 7200, 0, 0, 0, 0, 0, 0, 0, 0, 31478), -- 144127 (Area: 10028 - Difficulty: 0)
(@CGUID+37, 144126, 2081, 10028, 10028, '0', '0', 0, 0, 0, 1644.300048828125, 597.70001220703125, 229.677001953125, 3.376359939575195312, 7200, 0, 0, 0, 0, 0, 0, 0, 0, 31478), -- 144126 (Area: 10028 - Difficulty: 0)
(@CGUID+38, 144126, 2081, 10028, 10028, '0', '0', 0, 0, 0, 1642.449951171875, 597.25897216796875, 229.677001953125, 3.382410049438476562, 7200, 0, 0, 0, 0, 0, 0, 0, 0, 31478), -- 144126 (Area: 10028 - Difficulty: 0)
(@CGUID+39, 144127, 2081, 10028, 10028, '0', '0', 0, 0, 0, 1613.8399658203125, 601.9219970703125, 229.677001953125, 3.999739885330200195, 7200, 0, 0, 0, 0, 0, 0, 0, 0, 31478), -- 144127 (Area: 10028 - Difficulty: 0)
(@CGUID+40, 144126, 2081, 10028, 10028, '0', '0', 0, 0, 0, 1594.0899658203125, 597.1820068359375, 229.677001953125, 4.875800132751464843, 7200, 0, 0, 0, 0, 0, 0, 0, 0, 31478), -- 144126 (Area: 10028 - Difficulty: 0)
(@CGUID+41, 144126, 2081, 10028, 10028, '0', '0', 0, 0, 0, 1642.8199462890625, 600.3800048828125, 229.677001953125, 5.217589855194091796, 7200, 0, 0, 0, 0, 0, 0, 0, 0, 31478), -- 144126 (Area: 10028 - Difficulty: 0)
(@CGUID+42, 144135, 2081, 10028, 10028, '0', '0', 0, 0, 0, 1568.6248779296875, 590.72412109375, 200.7255859375, 5.134542465209960937, 7200, 0, 0, 0, 0, 0, 0, 0, 0, 31478), -- 144135 (Area: 10028 - Difficulty: 0)
(@CGUID+43, 144163, 2081, 10028, 10028, '0', '0', 0, 0, 0, 1585.3499755859375, 610.09698486328125, 223.6269989013671875, 4.030280113220214843, 7200, 0, 0, 0, 0, 0, 0, 0, 0, 31478), -- 144163 (Area: 10028 - Difficulty: 0) (Auras: 3417 - 3417, 14869 - 14869)
(@CGUID+44, 144126, 2081, 10028, 10028, '0', '0', 0, 0, 0, 1582.239990234375, 606.27099609375, 223.6280059814453125, 5.628729820251464843, 7200, 0, 0, 0, 0, 0, 0, 0, 0, 31478), -- 144126 (Area: 10028 - Difficulty: 0)
(@CGUID+45, 144126, 2081, 10028, 10028, '0', '0', 0, 0, 0, 1632.27001953125, 605.42999267578125, 229.677001953125, 1.539369940757751464, 7200, 0, 0, 0, 0, 0, 0, 0, 0, 31478), -- 144126 (Area: 10028 - Difficulty: 0)
(@CGUID+46, 144129, 2081, 10028, 10028, '0', '0', 0, 0, 0, 1624.34130859375, 610.840576171875, 229.3722381591796875, 5.065157890319824218, 7200, 0, 0, 0, 0, 0, 0, 0, 0, 31478), -- 144129 (Area: 10028 - Difficulty: 0) (Auras: 13787 - 13787)
(@CGUID+47, 144126, 2081, 10028, 10028, '0', '0', 0, 0, 0, 1634.7099609375, 605.72900390625, 229.677001953125, 3.263339996337890625, 7200, 0, 0, 0, 0, 0, 0, 0, 0, 31478), -- 144126 (Area: 10028 - Difficulty: 0)
(@CGUID+48, 144127, 2081, 10028, 10028, '0', '0', 0, 0, 0, 1632.3699951171875, 608.74298095703125, 229.677001953125, 4.68096017837524414, 7200, 0, 0, 0, 0, 0, 0, 0, 0, 31478), -- 144127 (Area: 10028 - Difficulty: 0)
(@CGUID+49, 144127, 2081, 10028, 10028, '0', '0', 0, 0, 0, 1607.4100341796875, 620.63201904296875, 223.623992919921875, 2.75896000862121582, 7200, 0, 0, 0, 0, 0, 0, 0, 0, 31478), -- 144127 (Area: 10028 - Difficulty: 0)
(@CGUID+50, 144126, 2081, 10028, 10028, '0', '0', 0, 0, 0, 1565.780029296875, 610.03802490234375, 223.6280059814453125, 2.097409963607788085, 7200, 0, 0, 0, 0, 0, 0, 0, 0, 31478), -- 144126 (Area: 10028 - Difficulty: 0)
(@CGUID+51, 144163, 2081, 10028, 10028, '0', '0', 0, 0, 0, 1595.8699951171875, 622.34698486328125, 223.626007080078125, 6.135650157928466796, 7200, 0, 0, 0, 0, 0, 0, 0, 0, 31478), -- 144163 (Area: 10028 - Difficulty: 0) (Auras: 3417 - 3417, 14869 - 14869)
(@CGUID+52, 144123, 2081, 10028, 10028, '0', '0', 0, 0, 0, 1544.050048828125, 586.03302001953125, 200.561004638671875, 0.79428797960281372, 7200, 0, 0, 0, 0, 0, 0, 0, 0, 31478), -- 144123 (Area: 10028 - Difficulty: 0)
(@CGUID+53, 144122, 2081, 10028, 10028, '0', '0', 0, 0, 0, 1551.1910400390625, 607.87042236328125, 200.14715576171875, 2.838717937469482421, 7200, 0, 0, 0, 0, 0, 0, 0, 0, 31478), -- 144122 (Area: 10028 - Difficulty: 0) (Auras: 8278 - 8278, 8279 - 8279)
(@CGUID+54, 144163, 2081, 10028, 10028, '0', '0', 0, 0, 0, 1598.4100341796875, 624.25701904296875, 223.626007080078125, 3.787290096282958984, 7200, 0, 0, 0, 0, 0, 0, 0, 0, 31478), -- 144163 (Area: 10028 - Difficulty: 0) (Auras: 3417 - 3417, 14869 - 14869)
(@CGUID+55, 144126, 2081, 10028, 10028, '0', '0', 0, 0, 0, 1562.949951171875, 614.90301513671875, 223.6280059814453125, 1.402789950370788574, 7200, 0, 0, 0, 0, 0, 0, 0, 0, 31478), -- 144126 (Area: 10028 - Difficulty: 0)
(@CGUID+56, 144126, 2081, 10028, 10028, '0', '0', 0, 0, 0, 1572.6800537109375, 624.7760009765625, 223.6280059814453125, 0.92915499210357666, 7200, 0, 0, 0, 0, 0, 0, 0, 0, 31478), -- 144126 (Area: 10028 - Difficulty: 0)
(@CGUID+57, 144163, 2081, 10028, 10028, '0', '0', 0, 0, 0, 1562.030029296875, 616.73297119140625, 223.6280059814453125, 5.181350231170654296, 7200, 0, 0, 0, 0, 0, 0, 0, 0, 31478), -- 144163 (Area: 10028 - Difficulty: 0) (Auras: 3417 - 3417, 14869 - 14869)
(@CGUID+58, 144127, 2081, 10028, 10028, '0', '0', 0, 0, 0, 1564.43994140625, 623.66497802734375, 223.6280059814453125, 5.35973978042602539, 7200, 0, 0, 0, 0, 0, 0, 0, 0, 31478), -- 144127 (Area: 10028 - Difficulty: 0)
(@CGUID+59, 144127, 2081, 10028, 10028, '0', '0', 0, 0, 0, 1569.239990234375, 617.3179931640625, 223.6280059814453125, 3.508450031280517578, 7200, 0, 0, 0, 0, 0, 0, 0, 0, 31478), -- 144127 (Area: 10028 - Difficulty: 0)
(@CGUID+60, 144130, 2081, 10028, 10028, '0', '0', 0, 0, 0, 1569.8236083984375, 623.60699462890625, 224.0382537841796875, 3.077155828475952148, 7200, 0, 0, 0, 0, 0, 0, 0, 0, 31478), -- 144130 (Area: 10028 - Difficulty: 0)
(@CGUID+61, 144123, 2081, 10028, 10028, '0', '0', 0, 0, 0, 1564.22998046875, 619.78497314453125, 200.1820068359375, 3.748960018157958984, 7200, 0, 0, 0, 0, 0, 0, 0, 0, 31478), -- 144123 (Area: 10028 - Difficulty: 0)
(@CGUID+62, 144163, 2081, 10028, 10028, '0', '0', 0, 0, 0, 1560.989990234375, 626.8280029296875, 223.6280059814453125, 5.540820121765136718, 7200, 0, 0, 0, 0, 0, 0, 0, 0, 31478), -- 144163 (Area: 10028 - Difficulty: 0) (Auras: 3417 - 3417, 14869 - 14869)
(@CGUID+63, 144127, 2081, 10028, 10028, '0', '0', 0, 0, 0, 1576.699951171875, 630.16497802734375, 223.6280059814453125, 2.721669912338256835, 7200, 0, 0, 0, 0, 0, 0, 0, 0, 31478), -- 144127 (Area: 10028 - Difficulty: 0)
(@CGUID+64, 144126, 2081, 10028, 10028, '0', '0', 0, 0, 0, 1568.7099609375, 633.7340087890625, 223.6280059814453125, 5.129429817199707031, 7200, 0, 0, 0, 0, 0, 0, 0, 0, 31478), -- 144126 (Area: 10028 - Difficulty: 0)
(@CGUID+65, 144127, 2081, 10028, 10028, '0', '0', 0, 0, 0, 1576.1199951171875, 637.197998046875, 223.6280059814453125, 4.794410228729248046, 7200, 0, 0, 0, 0, 0, 0, 0, 0, 31478), -- 144127 (Area: 10028 - Difficulty: 0)
(@CGUID+66, 144135, 2081, 10028, 10028, '0', '0', 0, 0, 0, 1541.5400390625, 632.86798095703125, 199.5319976806640625, 5.399310111999511718, 7200, 0, 0, 0, 0, 0, 0, 0, 0, 31478), -- 144135 (Area: 10028 - Difficulty: 0)
(@CGUID+67, 144163, 2081, 10028, 10028, '0', '0', 0, 0, 0, 1585.489990234375, 641.43798828125, 223.6280059814453125, 1.53582000732421875, 7200, 0, 0, 0, 0, 0, 0, 0, 0, 31478), -- 144163 (Area: 10028 - Difficulty: 0) (Auras: 3417 - 3417, 14869 - 14869)
(@CGUID+68, 144127, 2081, 10028, 10028, '0', '0', 0, 0, 0, 1580.02001953125, 638.54498291015625, 223.6280059814453125, 3.474390029907226562, 7200, 0, 0, 0, 0, 0, 0, 0, 0, 31478), -- 144127 (Area: 10028 - Difficulty: 0)
(@CGUID+69, 144126, 2081, 10028, 10028, '0', '0', 0, 0, 0, 1576.1600341796875, 642.02801513671875, 223.6280059814453125, 4.704480171203613281, 7200, 0, 0, 0, 0, 0, 0, 0, 0, 31478), -- 144126 (Area: 10028 - Difficulty: 0)
(@CGUID+70, 144135, 2081, 10028, 10028, '0', '0', 0, 0, 0, 1527.050048828125, 614.65802001953125, 199.615997314453125, 5.680809974670410156, 7200, 0, 0, 0, 0, 0, 0, 0, 0, 31478), -- 144135 (Area: 10028 - Difficulty: 0)
(@CGUID+71, 144126, 2081, 10028, 10028, '0', '0', 0, 0, 0, 1584.47998046875, 645.14398193359375, 223.6280059814453125, 1.093340039253234863, 7200, 0, 0, 0, 0, 0, 0, 0, 0, 31478), -- 144126 (Area: 10028 - Difficulty: 0)
(@CGUID+72, 144127, 2081, 10028, 10028, '0', '0', 0, 0, 0, 1616.93994140625, 626.8800048828125, 223.6230010986328125, 0.494500011205673217, 7200, 0, 0, 0, 0, 0, 0, 0, 0, 31478), -- 144127 (Area: 10028 - Difficulty: 0)
(@CGUID+73, 143567, 2081, 10028, 10028, '0', '0', 0, 0, 0, 1683.989990234375, 483.582000732421875, 201.6190032958984375, 1.698629975318908691, 7200, 0, 0, 0, 0, 0, 0, 0, 0, 31478), -- 143567 (Area: 10028 - Difficulty: 0)
(@CGUID+74, 144123, 2081, 10028, 10028, '0', '0', 0, 0, 0, 1670.8900146484375, 473.90301513671875, 201.6190032958984375, 0.619047999382019042, 7200, 0, 0, 0, 0, 0, 0, 0, 0, 31478), -- 144123 (Area: 10028 - Difficulty: 0)
(@CGUID+75, 144135, 2081, 10028, 10028, '0', '0', 0, 0, 0, 1679.47998046875, 473.233001708984375, 201.6190032958984375, 2.218830108642578125, 7200, 0, 0, 0, 0, 0, 0, 0, 0, 31478), -- 144135 (Area: 10028 - Difficulty: 0)
(@CGUID+76, 144132, 2081, 10028, 10028, '0', '0', 0, 0, 0, 1644.1300048828125, 439.121002197265625, 223.44500732421875, 2.001919984817504882, 7200, 0, 0, 0, 0, 0, 0, 0, 0, 31478), -- 144132 (Area: 10028 - Difficulty: 0)
(@CGUID+77, 144133, 2081, 10028, 10028, '0', '0', 0, 0, 0, 1719.300048828125, 469.516998291015625, 202.602996826171875, 1.001889944076538085, 7200, 0, 0, 0, 0, 0, 0, 0, 0, 31478), -- 144133 (Area: 10028 - Difficulty: 0)
(@CGUID+78, 144132, 2081, 10028, 10028, '0', '0', 0, 0, 0, 1715.0799560546875, 456.25201416015625, 201.884002685546875, 3.09516000747680664, 7200, 0, 0, 0, 0, 0, 0, 0, 0, 31478), -- 144132 (Area: 10028 - Difficulty: 0)
(@CGUID+79, 144132, 2081, 10028, 10028, '0', '0', 0, 0, 0, 1733.800048828125, 432.364990234375, 207.3650054931640625, 3.245300054550170898, 7200, 0, 0, 0, 0, 0, 0, 0, 0, 31478), -- 144132 (Area: 10028 - Difficulty: 0)
(@CGUID+80, 144132, 2081, 10028, 10028, '0', '0', 0, 0, 0, 1653.18115234375, 415.0098876953125, 223.965179443359375, 5.788605690002441406, 7200, 10, 0, 0, 0, 1, 0, 0, 0, 31478), -- 144132 (Area: 10028 - Difficulty: 0) (possible waypoints or random movement)
(@CGUID+81, 144133, 2081, 10028, 10028, '0', '0', 0, 0, 0, 1746.68994140625, 443.031005859375, 208.233001708984375, 2.085210084915161132, 7200, 0, 0, 0, 0, 0, 0, 0, 0, 31478), -- 144133 (Area: 10028 - Difficulty: 0)
(@CGUID+82, 144132, 2081, 10028, 10028, '0', '0', 0, 0, 0, 1712.9100341796875, 396.964996337890625, 212.542999267578125, 2.288170099258422851, 7200, 0, 0, 0, 0, 0, 0, 0, 0, 31478), -- 144132 (Area: 10028 - Difficulty: 0)
(@CGUID+83, 144133, 2081, 10028, 10028, '0', '0', 0, 0, 0, 1722.3299560546875, 385.930999755859375, 212.5579986572265625, 5.224909782409667968, 7200, 0, 0, 0, 0, 0, 0, 0, 0, 31478), -- 144133 (Area: 10028 - Difficulty: 0)
(@CGUID+84, 144133, 2081, 10028, 10028, '0', '0', 0, 0, 0, 1692.2099609375, 364.906005859375, 218.65899658203125, 2.571680068969726562, 7200, 0, 0, 0, 0, 0, 0, 0, 0, 31478), -- 144133 (Area: 10028 - Difficulty: 0)
(@CGUID+85, 144132, 2081, 10028, 10028, '0', '0', 0, 0, 0, 1680.1400146484375, 368.3590087890625, 217.6179962158203125, 1.363590002059936523, 7200, 0, 0, 0, 0, 0, 0, 0, 0, 31478), -- 144132 (Area: 10028 - Difficulty: 0)
(@CGUID+86, 144133, 2081, 10028, 10028, '0', '0', 0, 0, 0, 1640.4300537109375, 388.531005859375, 224.2220001220703125, 5.14497995376586914, 7200, 0, 0, 0, 0, 0, 0, 0, 0, 31478), -- 144133 (Area: 10028 - Difficulty: 0)
(@CGUID+87, 144133, 2081, 10028, 10028, '0', '0', 0, 0, 0, 1660.0400390625, 359.427001953125, 217.6840057373046875, 3.420939922332763671, 7200, 0, 0, 0, 0, 0, 0, 0, 0, 31478), -- 144133 (Area: 10028 - Difficulty: 0)
(@CGUID+88, 144135, 2081, 10028, 10028, '0', '0', 0, 0, 0, 1585.8699951171875, 457.186004638671875, 223.1009979248046875, 4.351439952850341796, 7200, 0, 0, 0, 0, 0, 0, 0, 0, 31478), -- 144135 (Area: 10028 - Difficulty: 0)
(@CGUID+89, 144135, 2081, 10028, 10028, '0', '0', 0, 0, 0, 1591.8599853515625, 466.610992431640625, 223.0980072021484375, 0.745486974716186523, 7200, 0, 0, 0, 0, 0, 0, 0, 0, 31478), -- 144135 (Area: 10028 - Difficulty: 0)
(@CGUID+90, 144135, 2081, 10028, 10028, '0', '0', 0, 0, 0, 1583.25, 454.02301025390625, 223.102996826171875, 1.076290011405944824, 7200, 0, 0, 0, 0, 0, 0, 0, 0, 31478), -- 144135 (Area: 10028 - Difficulty: 0)
(@CGUID+91, 144132, 2081, 10028, 10028, '0', '0', 0, 0, 0, 1576.72998046875, 456.1300048828125, 223.1280059814453125, 0.939076006412506103, 7200, 0, 0, 0, 0, 0, 0, 0, 0, 31478), -- 144132 (Area: 10028 - Difficulty: 0)
(@CGUID+92, 144125, 2081, 10028, 10028, '0', '0', 0, 0, 0, 1579.989990234375, 483.246002197265625, 223.0980072021484375, 0.953440010547637939, 7200, 0, 0, 0, 0, 0, 0, 0, 0, 31478); -- 144125 (Area: 10028 - Difficulty: 0) (Auras: 133464 - 133464)
DELETE FROM `creature_addon` WHERE `guid` BETWEEN @CGUID+0 AND @CGUID+92;
INSERT INTO `creature_addon` (`guid`, `path_id`, `mount`, `bytes1`, `bytes2`, `emote`, `aiAnimKit`, `movementAnimKit`, `meleeAnimKit`, `auras`) VALUES
(@CGUID+0, 0, 0, 0, 1, 0, 0, 0, 0, ''), -- 144126
(@CGUID+1, 0, 0, 0, 1, 0, 0, 0, 0, ''), -- 144132
(@CGUID+2, 0, 0, 0, 1, 0, 0, 0, 0, ''), -- 144126
(@CGUID+3, 0, 0, 0, 1, 0, 0, 0, 0, ''), -- 144156
(@CGUID+4, 0, 0, 0, 0, 0, 0, 0, 0, ''), -- 144154
(@CGUID+5, 0, 0, 0, 0, 0, 0, 0, 0, '3417 14869'), -- 144163 - 3417 - 3417, 14869 - 14869
(@CGUID+6, 0, 0, 0, 1, 0, 0, 0, 0, ''), -- 144127
(@CGUID+7, 0, 0, 0, 1, 0, 0, 0, 0, ''), -- 144135
(@CGUID+8, 0, 0, 0, 1, 0, 0, 0, 0, '8278 8279'), -- 144122 - 8278 - 8278, 8279 - 8279
(@CGUID+9, 0, 0, 0, 1, 0, 0, 0, 0, ''), -- 144132
(@CGUID+10, 0, 0, 0, 1, 0, 0, 0, 0, ''), -- 144126
(@CGUID+11, 0, 0, 0, 1, 0, 0, 0, 0, ''), -- 144135
(@CGUID+12, 0, 0, 0, 1, 0, 0, 0, 0, ''), -- 144123
(@CGUID+13, 0, 0, 0, 1, 0, 0, 0, 0, ''), -- 144126
(@CGUID+14, 0, 0, 0, 1, 0, 0, 0, 0, '8278 8279'), -- 144122 - 8278 - 8278, 8279 - 8279
(@CGUID+15, 0, 0, 0, 1, 0, 0, 0, 0, ''), -- 144135
(@CGUID+16, 0, 0, 0, 1, 0, 0, 0, 0, ''), -- 144127
(@CGUID+17, 0, 0, 0, 1, 0, 0, 0, 0, '3417 14869'), -- 144163 - 3417 - 3417, 14869 - 14869
(@CGUID+18, 0, 0, 0, 0, 0, 0, 0, 0, ''), -- 144152
(@CGUID+19, 0, 0, 0, 1, 0, 0, 0, 0, ''), -- 73678
(@CGUID+20, 0, 0, 0, 1, 0, 0, 0, 0, ''), -- 144135
(@CGUID+21, 0, 0, 0, 1, 0, 0, 0, 0, ''), -- 144132
(@CGUID+22, 0, 0, 0, 1, 0, 0, 0, 0, ''), -- 144123
(@CGUID+23, 0, 0, 0, 1, 0, 0, 0, 0, ''), -- 144126
(@CGUID+24, 0, 0, 0, 0, 0, 0, 0, 0, ''), -- 144127
(@CGUID+25, 0, 0, 0, 1, 0, 0, 0, 0, '3417 14869'), -- 144163 - 3417 - 3417, 14869 - 14869
(@CGUID+26, 0, 0, 0, 1, 0, 0, 0, 0, ''), -- 73678
(@CGUID+27, 0, 0, 0, 0, 0, 0, 0, 0, ''), -- 144127
(@CGUID+28, 0, 0, 0, 1, 0, 0, 0, 0, ''), -- 144123
(@CGUID+29, 0, 0, 0, 0, 0, 0, 0, 0, ''), -- 144153
(@CGUID+30, 0, 0, 0, 1, 0, 0, 0, 0, ''), -- 144126
(@CGUID+31, 0, 0, 0, 1, 0, 0, 0, 0, ''), -- 144123
(@CGUID+32, 0, 0, 0, 0, 0, 0, 0, 0, '3417 14869'), -- 144163 - 3417 - 3417, 14869 - 14869
(@CGUID+33, 0, 0, 0, 0, 0, 0, 0, 0, '3417 14869'), -- 144163 - 3417 - 3417, 14869 - 14869
(@CGUID+34, 0, 0, 0, 1, 0, 0, 0, 0, ''), -- 144135
(@CGUID+35, 0, 0, 0, 1, 0, 0, 0, 0, ''), -- 144126
(@CGUID+36, 0, 0, 0, 1, 0, 0, 0, 0, ''), -- 144127
(@CGUID+37, 0, 0, 0, 1, 0, 0, 0, 0, ''), -- 144126
(@CGUID+38, 0, 0, 0, 0, 0, 0, 0, 0, ''), -- 144126
(@CGUID+39, 0, 0, 0, 1, 0, 0, 0, 0, ''), -- 144127
(@CGUID+40, 0, 0, 0, 1, 0, 0, 0, 0, ''), -- 144126
(@CGUID+41, 0, 0, 0, 1, 0, 0, 0, 0, ''), -- 144126
(@CGUID+42, 0, 0, 0, 1, 0, 0, 0, 0, ''), -- 144135
(@CGUID+43, 0, 0, 0, 1, 0, 0, 0, 0, '3417 14869'), -- 144163 - 3417 - 3417, 14869 - 14869
(@CGUID+44, 0, 0, 0, 1, 0, 0, 0, 0, ''), -- 144126
(@CGUID+45, 0, 0, 0, 0, 0, 0, 0, 0, ''), -- 144126
(@CGUID+46, 0, 0, 0, 1, 0, 0, 0, 0, '13787'), -- 144129 - 13787 - 13787
(@CGUID+47, 0, 0, 0, 1, 0, 0, 0, 0, ''), -- 144126
(@CGUID+48, 0, 0, 0, 1, 0, 0, 0, 0, ''), -- 144127
(@CGUID+49, 0, 0, 0, 1, 0, 0, 0, 0, ''), -- 144127
(@CGUID+50, 0, 0, 0, 1, 0, 0, 0, 0, ''), -- 144126
(@CGUID+51, 0, 0, 0, 1, 0, 0, 0, 0, '3417 14869'), -- 144163 - 3417 - 3417, 14869 - 14869
(@CGUID+52, 0, 0, 0, 1, 0, 0, 0, 0, ''), -- 144123
(@CGUID+53, 0, 0, 0, 1, 0, 0, 0, 0, '8278 8279'), -- 144122 - 8278 - 8278, 8279 - 8279
(@CGUID+54, 0, 0, 0, 1, 0, 0, 0, 0, '3417 14869'), -- 144163 - 3417 - 3417, 14869 - 14869
(@CGUID+55, 0, 0, 0, 1, 0, 0, 0, 0, ''), -- 144126
(@CGUID+56, 0, 0, 0, 1, 0, 0, 0, 0, ''), -- 144126
(@CGUID+57, 0, 0, 0, 1, 0, 0, 0, 0, '3417 14869'), -- 144163 - 3417 - 3417, 14869 - 14869
(@CGUID+58, 0, 0, 0, 1, 0, 0, 0, 0, ''), -- 144127
(@CGUID+59, 0, 0, 0, 1, 0, 0, 0, 0, ''), -- 144127
(@CGUID+60, 0, 0, 0, 1, 0, 0, 0, 0, ''), -- 144130
(@CGUID+61, 0, 0, 0, 1, 0, 0, 0, 0, ''), -- 144123
(@CGUID+62, 0, 0, 0, 1, 0, 0, 0, 0, '3417 14869'), -- 144163 - 3417 - 3417, 14869 - 14869
(@CGUID+63, 0, 0, 0, 1, 0, 0, 0, 0, ''), -- 144127
(@CGUID+64, 0, 0, 0, 1, 0, 0, 0, 0, ''), -- 144126
(@CGUID+65, 0, 0, 0, 1, 0, 0, 0, 0, ''), -- 144127
(@CGUID+66, 0, 0, 0, 1, 0, 0, 0, 0, ''), -- 144135
(@CGUID+67, 0, 0, 0, 1, 0, 0, 0, 0, '3417 14869'), -- 144163 - 3417 - 3417, 14869 - 14869
(@CGUID+68, 0, 0, 0, 1, 0, 0, 0, 0, ''), -- 144127
(@CGUID+69, 0, 0, 0, 1, 0, 0, 0, 0, ''), -- 144126
(@CGUID+70, 0, 0, 0, 1, 0, 0, 0, 0, ''), -- 144135
(@CGUID+71, 0, 0, 0, 1, 0, 0, 0, 0, ''), -- 144126
(@CGUID+72, 0, 0, 0, 1, 0, 0, 0, 0, ''), -- 144127
(@CGUID+73, 0, 0, 0, 1, 0, 0, 0, 0, ''), -- 143567
(@CGUID+74, 0, 0, 0, 1, 0, 0, 0, 0, ''), -- 144123
(@CGUID+75, 0, 0, 0, 1, 0, 0, 0, 0, ''), -- 144135
(@CGUID+76, 0, 0, 0, 1, 0, 0, 0, 0, ''), -- 144132
(@CGUID+77, 0, 0, 0, 1, 0, 0, 0, 0, ''), -- 144133
(@CGUID+78, 0, 0, 0, 1, 0, 0, 0, 0, ''), -- 144132
(@CGUID+79, 0, 0, 0, 1, 0, 0, 0, 0, ''), -- 144132
(@CGUID+80, 0, 0, 0, 1, 0, 0, 0, 0, ''), -- 144132
(@CGUID+81, 0, 0, 0, 1, 0, 0, 0, 0, ''), -- 144133
(@CGUID+82, 0, 0, 0, 1, 0, 0, 0, 0, ''), -- 144132
(@CGUID+83, 0, 0, 0, 1, 0, 0, 0, 0, ''), -- 144133
(@CGUID+84, 0, 0, 0, 1, 0, 0, 0, 0, ''), -- 144133
(@CGUID+85, 0, 0, 0, 1, 0, 0, 0, 0, ''), -- 144132
(@CGUID+86, 0, 0, 0, 1, 0, 0, 0, 0, ''), -- 144133
(@CGUID+87, 0, 0, 0, 1, 0, 0, 0, 0, ''), -- 144133
(@CGUID+88, 0, 0, 0, 1, 0, 0, 0, 0, ''), -- 144135
(@CGUID+89, 0, 0, 0, 1, 0, 0, 0, 0, ''), -- 144135
(@CGUID+90, 0, 0, 0, 1, 0, 0, 0, 0, ''), -- 144135
(@CGUID+91, 0, 0, 0, 1, 0, 0, 0, 0, ''), -- 144132
(@CGUID+92, 0, 0, 0, 1, 0, 0, 0, 0, '133464'); -- 144125 - 133464 - 133464

DELETE FROM `gameobject` WHERE `guid` BETWEEN @OGUID+0 AND @OGUID+100;
INSERT INTO `gameobject` (`guid`, `id`, `map`, `zoneId`, `areaId`, `spawnDifficulties`, `PhaseId`, `PhaseGroup`, `position_x`, `position_y`, `position_z`, `orientation`, `rotation0`, `rotation1`, `rotation2`, `rotation3`, `spawntimesecs`, `animprogress`, `state`, `VerifiedBuild`) VALUES
(@OGUID+0, 301360, 2081, 10028, 10028, '0', '', 0, 1634.1600341796875, 595.5360107421875, 229.600006103515625, 0.532325029373168945, 0, 0, 0.263031005859375, 0.96478736400604248, 7200, 255, 1, 31478), -- 301360 (Area: 10028 - Difficulty: 0)
(@OGUID+1, 301353, 2081, 10028, 10028, '0', '', 0, 1625.4000244140625, 586.2239990234375, 229.576995849609375, 5.262169837951660156, 0, 0, -0.48862075805664062, 0.872496306896209716, 7200, 255, 1, 31478), -- 301353 (Area: 10028 - Difficulty: 0)
(@OGUID+2, 301361, 2081, 10028, 10028, '0', '', 0, 1637.050048828125, 596.655029296875, 229.576995849609375, 3.604110002517700195, 0, 0, -0.97337913513183593, 0.229200854897499084, 7200, 255, 1, 31478), -- 301361 (Area: 10028 - Difficulty: 0)
(@OGUID+3, 301354, 2081, 10028, 10028, '0', '', 0, 1617.469970703125, 590.72601318359375, 229.5970001220703125, 0, 0, 0, 0, 1, 7200, 255, 1, 31478), -- 301354 (Area: 10028 - Difficulty: 0)
(@OGUID+4, 301356, 2081, 10028, 10028, '0', '', 0, 1617.219970703125, 582.7230224609375, 229.576995849609375, 3.73500990867614746, 0, 0, -0.95630455017089843, 0.292372345924377441, 7200, 255, 1, 31478), -- 301356 (Area: 10028 - Difficulty: 0)
(@OGUID+5, 301374, 2081, 10028, 10028, '0', '', 0, 1619.4300537109375, 579.07098388671875, 229.576995849609375, 3.73500990867614746, 0, 0, -0.95630455017089843, 0.292372345924377441, 7200, 255, 1, 31478), -- 301374 (Area: 10028 - Difficulty: 0)
(@OGUID+6, 301368, 2081, 10028, 10028, '0', '', 0, 1634.1500244140625, 587.7030029296875, 229.576995849609375, 1.87623000144958496, 0, 0, 0.806444168090820312, 0.59131026268005371, 7200, 255, 1, 31478), -- 301368 (Area: 10028 - Difficulty: 0)
(@OGUID+7, 301282, 2081, 10028, 10028, '0', '', 0, 1613.1199951171875, 565.43499755859375, 229.5469970703125, 2.164210081100463867, 0, 0, 0.882946014404296875, 0.469474554061889648, 7200, 255, 0, 31478), -- 301282 (Area: 10028 - Difficulty: 0)
(@OGUID+8, 301352, 2081, 10028, 10028, '0', '', 0, 1595.8199462890625, 586.343994140625, 229.576995849609375, 2.0333099365234375, 0, 0, 0.850351333618164062, 0.52621537446975708, 7200, 255, 1, 31478), -- 301352 (Area: 10028 - Difficulty: 0)
(@OGUID+9, 301347, 2081, 10028, 10028, '0', '', 0, 1594.699951171875, 589.2349853515625, 229.600006103515625, 5.244719982147216796, 0, 0, -0.4962158203125, 0.86819922924041748, 7200, 255, 1, 31478), -- 301347 (Area: 10028 - Difficulty: 0)
(@OGUID+10, 301342, 2081, 10028, 10028, '0', '', 0, 1599.9599609375, 594.64697265625, 229.5789947509765625, 4.24114990234375, 0, 0, -0.85263919830322265, 0.522500097751617431, 7200, 255, 1, 31478), -- 301342 (Area: 10028 - Difficulty: 0)
(@OGUID+11, 301363, 2081, 10028, 10028, '0', '', 0, 1632.0699462890625, 586.5999755859375, 229.576995849609375, 2.05076003074645996, 0, 0, 0.85491180419921875, 0.518773376941680908, 7200, 255, 1, 31478), -- 301363 (Area: 10028 - Difficulty: 0)
(@OGUID+12, 301373, 2081, 10028, 10028, '0', '', 0, 1613.3800048828125, 583.16802978515625, 229.576995849609375, 0.523598015308380126, 0, 0, 0.258818626403808593, 0.965925931930541992, 7200, 255, 1, 31478), -- 301373 (Area: 10028 - Difficulty: 0)
(@OGUID+13, 301371, 2081, 10028, 10028, '0', '', 0, 1626.8599853515625, 583.50799560546875, 229.576995849609375, 2.05076003074645996, 0, 0, 0.85491180419921875, 0.518773376941680908, 7200, 255, 1, 31478), -- 301371 (Area: 10028 - Difficulty: 0)
(@OGUID+14, 301365, 2081, 10028, 10028, '0', '', 0, 1632.68994140625, 590.41802978515625, 229.576995849609375, 5.262169837951660156, 0, 0, -0.48862075805664062, 0.872496306896209716, 7200, 255, 1, 31478), -- 301365 (Area: 10028 - Difficulty: 0)
(@OGUID+15, 299340, 2081, 10028, 10028, '0', '', 0, 1677.0699462890625, 561.45501708984375, 223.199005126953125, 3.920279979705810546, 0, 0, -0.92515754699707031, 0.379583328962326049, 7200, 255, 1, 31478), -- 299340 (Area: 10028 - Difficulty: 0)
(@OGUID+16, 301359, 2081, 10028, 10028, '0', '', 0, 1616.030029296875, 584.74798583984375, 229.576995849609375, 3.73500990867614746, 0, 0, -0.95630455017089843, 0.292372345924377441, 7200, 255, 1, 31478), -- 301359 (Area: 10028 - Difficulty: 0)
(@OGUID+17, 292529, 2081, 10028, 10028, '0', '', 0, 1637.510009765625, 520.875, 201.4250030517578125, 2.34600996971130371, 0, 0, 0.921918869018554687, 0.38738301396369934, 7200, 255, 1, 31478), -- 292529 (Area: 10028 - Difficulty: 0)
(@OGUID+18, 301367, 2081, 10028, 10028, '0', '', 0, 1630.6099853515625, 589.31500244140625, 229.576995849609375, 5.262169837951660156, 0, 0, -0.48862075805664062, 0.872496306896209716, 7200, 255, 1, 31478), -- 301367 (Area: 10028 - Difficulty: 0)
(@OGUID+19, 301364, 2081, 10028, 10028, '0', '', 0, 1627.47998046875, 587.3270263671875, 229.576995849609375, 5.262169837951660156, 0, 0, -0.48862075805664062, 0.872496306896209716, 7200, 255, 1, 31478), -- 301364 (Area: 10028 - Difficulty: 0)
(@OGUID+20, 301346, 2081, 10028, 10028, '0', '', 0, 1599.8299560546875, 591.21502685546875, 229.5789947509765625, 3.106650114059448242, 0, 0, 0.999847412109375, 0.017469281330704689, 7200, 255, 1, 31478), -- 301346 (Area: 10028 - Difficulty: 0)
(@OGUID+21, 301376, 2081, 10028, 10028, '0', '', 0, 1616.780029296875, 577.49102783203125, 229.576995849609375, 0.349065005779266357, 0, 0, 0.173647880554199218, 0.984807789325714111, 7200, 255, 1, 31478), -- 301376 (Area: 10028 - Difficulty: 0)
(@OGUID+22, 299338, 2081, 10028, 10028, '0', '', 0, 1590.449951171875, 545.81402587890625, 222.7610015869140625, 5.69216012954711914, 0, 0, -0.2912302017211914, 0.956652998924255371, 7200, 255, 1, 31478), -- 299338 (Area: 10028 - Difficulty: 0)
(@OGUID+23, 301349, 2081, 10028, 10028, '0', '', 0, 1607.1500244140625, 596.47601318359375, 229.602996826171875, 2.792520046234130859, 0, 0, 0.984807014465332031, 0.173652306199073791, 7200, 255, 1, 31478), -- 301349 (Area: 10028 - Difficulty: 0)
(@OGUID+24, 301362, 2081, 10028, 10028, '0', '', 0, 1637.010009765625, 590.989990234375, 229.600006103515625, 0.532325029373168945, 0, 0, 0.263031005859375, 0.96478736400604248, 7200, 255, 1, 31478), -- 301362 (Area: 10028 - Difficulty: 0)
(@OGUID+25, 301372, 2081, 10028, 10028, '0', '', 0, 1614.5699462890625, 581.14300537109375, 229.576995849609375, 0.349065005779266357, 0, 0, 0.173647880554199218, 0.984807789325714111, 7200, 255, 1, 31478), -- 301372 (Area: 10028 - Difficulty: 0)
(@OGUID+26, 301357, 2081, 10028, 10028, '0', '', 0, 1615.5899658203125, 579.5159912109375, 229.576995849609375, 0.523598015308380126, 0, 0, 0.258818626403808593, 0.965925931930541992, 7200, 255, 1, 31478), -- 301357 (Area: 10028 - Difficulty: 0)
(@OGUID+27, 301370, 2081, 10028, 10028, '0', '', 0, 1628.93994140625, 584.61199951171875, 229.576995849609375, 1.87623000144958496, 0, 0, 0.806444168090820312, 0.59131026268005371, 7200, 255, 1, 31478), -- 301370 (Area: 10028 - Difficulty: 0)
(@OGUID+28, 301355, 2081, 10028, 10028, '0', '', 0, 1618.239990234375, 581.09600830078125, 229.576995849609375, 3.73500990867614746, 0, 0, -0.95630455017089843, 0.292372345924377441, 7200, 255, 1, 31478), -- 301355 (Area: 10028 - Difficulty: 0)
(@OGUID+29, 301369, 2081, 10028, 10028, '0', '', 0, 1639.9000244140625, 592.1090087890625, 229.576995849609375, 3.604110002517700195, 0, 0, -0.97337913513183593, 0.229200854897499084, 7200, 255, 1, 31478), -- 301369 (Area: 10028 - Difficulty: 0)
(@OGUID+30, 301358, 2081, 10028, 10028, '0', '', 0, 1644.780029296875, 594.21502685546875, 229.5789947509765625, 0.13089899718761444, 0, 0, 0.065402984619140625, 0.997858941555023193, 7200, 255, 1, 31478), -- 301358 (Area: 10028 - Difficulty: 0)
(@OGUID+31, 301366, 2081, 10028, 10028, '0', '', 0, 1619.6500244140625, 590.6519775390625, 229.5970001220703125, 2.530719995498657226, 0, 0, 0.953716278076171875, 0.300707906484603881, 7200, 255, 1, 31478), -- 301366 (Area: 10028 - Difficulty: 0)
(@OGUID+32, 299341, 2081, 10028, 10028, '0', '', 0, 1679.5, 559.03497314453125, 223.199005126953125, 3.916440010070800781, 0, 0, -0.92588520050048828, 0.377804994583129882, 7200, 255, 1, 31478), -- 299341 (Area: 10028 - Difficulty: 0)
(@OGUID+33, 301345, 2081, 10028, 10028, '0', '', 0, 1604.3299560546875, 596.25299072265625, 229.602996826171875, 1.047189950942993164, 0, 0, 0.499998092651367187, 0.866026520729064941, 7200, 255, 1, 31478), -- 301345 (Area: 10028 - Difficulty: 0)
(@OGUID+34, 301343, 2081, 10028, 10028, '0', '', 0, 1604.9000244140625, 598.28399658203125, 229.602996826171875, 0.087265998125076293, 0, 0, 0.043619155883789062, 0.999048233032226562, 7200, 255, 1, 31478), -- 301343 (Area: 10028 - Difficulty: 0)
(@OGUID+35, 301344, 2081, 10028, 10028, '0', '', 0, 1607, 598.84600830078125, 229.602996826171875, 3.752460002899169921, 0, 0, -0.95371627807617187, 0.300707906484603881, 7200, 255, 1, 31478), -- 301344 (Area: 10028 - Difficulty: 0)
(@OGUID+36, 301350, 2081, 10028, 10028, '0', '', 0, 1590.68994140625, 597.20697021484375, 229.6230010986328125, 5.244719982147216796, 0, 0, -0.4962158203125, 0.86819922924041748, 7200, 255, 1, 31478), -- 301350 (Area: 10028 - Difficulty: 0)
(@OGUID+37, 301375, 2081, 10028, 10028, '0', '', 0, 1647.6800537109375, 596.0460205078125, 229.5789947509765625, 5.279620170593261718, 0, 0, -0.4809885025024414, 0.876726925373077392, 7200, 255, 1, 31478), -- 301375 (Area: 10028 - Difficulty: 0)
(@OGUID+38, 301351, 2081, 10028, 10028, '0', '', 0, 1583.68994140625, 603.2509765625, 223.5579986572265625, 2.076940059661865234, 0, 0, 0.861628532409667968, 0.50753939151763916, 7200, 255, 1, 31478), -- 301351 (Area: 10028 - Difficulty: 0)
(@OGUID+39, 301348, 2081, 10028, 10028, '0', '', 0, 1586.7099609375, 604.9010009765625, 223.5579986572265625, 3.211420059204101562, 0, 0, -0.9993906021118164, 0.034906134009361267, 7200, 255, 1, 31478), -- 301348 (Area: 10028 - Difficulty: 0)
(@OGUID+40, 301410, 2081, 10028, 10028, '0', '', 0, 1550.1600341796875, 575.719970703125, 230.0200042724609375, 0, 0, 0, 0, 1, 7200, 255, 1, 31478), -- 301410 (Area: 10028 - Difficulty: 0)
(@OGUID+41, 301415, 2081, 10028, 10028, '0', '', 0, 1552.31005859375, 575.64599609375, 230.0200042724609375, 2.530719995498657226, 0, 0, 0.953716278076171875, 0.300707906484603881, 7200, 255, 1, 31478), -- 301415 (Area: 10028 - Difficulty: 0)
(@OGUID+42, 301329, 2081, 10028, 10028, '0', '', 0, 1607.7099609375, 617.28497314453125, 223.5579986572265625, 0.610864996910095214, 0, 0, 0.300705909729003906, 0.953716933727264404, 7200, 255, 1, 31478), -- 301329 (Area: 10028 - Difficulty: 0)
(@OGUID+43, 301322, 2081, 10028, 10028, '0', '', 0, 1599.8399658203125, 620.81402587890625, 223.5579986572265625, 6.25700998306274414, 0, 0, -0.01308917999267578, 0.999914348125457763, 7200, 255, 1, 31478), -- 301322 (Area: 10028 - Difficulty: 0)
(@OGUID+44, 301414, 2081, 10028, 10028, '0', '', 0, 1538.93994140625, 583.02099609375, 230.0110015869140625, 4.721119880676269531, 0, 0, -0.70401382446289062, 0.710186243057250976, 7200, 255, 1, 31478), -- 301414 (Area: 10028 - Difficulty: 0)
(@OGUID+45, 301394, 2081, 10028, 10028, '0', '', 0, 1567.9200439453125, 613.6400146484375, 223.5579986572265625, 3.743740081787109375, 0, 0, -0.9550180435180664, 0.296547651290893554, 7200, 255, 1, 31478), -- 301394 (Area: 10028 - Difficulty: 0)
(@OGUID+46, 301413, 2081, 10028, 10028, '0', '', 0, 1538.22998046875, 580.989013671875, 230.0110015869140625, 1.055920004844665527, 0, 0, 0.503773689270019531, 0.863835692405700683, 7200, 255, 1, 31478), -- 301413 (Area: 10028 - Difficulty: 0)
(@OGUID+47, 301393, 2081, 10028, 10028, '0', '', 0, 1565.4100341796875, 612.0689697265625, 223.5579986572265625, 0.610864996910095214, 0, 0, 0.300705909729003906, 0.953716933727264404, 7200, 255, 1, 31478), -- 301393 (Area: 10028 - Difficulty: 0)
(@OGUID+48, 301412, 2081, 10028, 10028, '0', '', 0, 1539.5699462890625, 579.3800048828125, 230.0110015869140625, 2.015850067138671875, 0, 0, 0.84572601318359375, 0.533617377281188964, 7200, 255, 1, 31478), -- 301412 (Area: 10028 - Difficulty: 0)
(@OGUID+49, 301411, 2081, 10028, 10028, '0', '', 0, 1540.969970703125, 581.81201171875, 230.0110015869140625, 3.761189937591552734, 0, 0, -0.95239448547363281, 0.30486840009689331, 7200, 255, 1, 31478), -- 301411 (Area: 10028 - Difficulty: 0)
(@OGUID+50, 301334, 2081, 10028, 10028, '0', '', 0, 1610.219970703125, 618.85601806640625, 223.5579986572265625, 3.743740081787109375, 0, 0, -0.9550180435180664, 0.296547651290893554, 7200, 255, 1, 31478), -- 301334 (Area: 10028 - Difficulty: 0)
(@OGUID+51, 301387, 2081, 10028, 10028, '0', '', 0, 1570.27001953125, 621.989013671875, 223.5579986572265625, 3.141590118408203125, 0, 0, -1, 0, 7200, 255, 1, 31478), -- 301387 (Area: 10028 - Difficulty: 0)
(@OGUID+52, 301390, 2081, 10028, 10028, '0', '', 0, 1559.1300048828125, 615.48199462890625, 223.5579986572265625, 5.209809780120849609, 0, 0, -0.5112924575805664, 0.859406769275665283, 7200, 255, 1, 31478), -- 301390 (Area: 10028 - Difficulty: 0)
(@OGUID+53, 301327, 2081, 10028, 10028, '0', '', 0, 1612.8199462890625, 624.4990234375, 223.5579986572265625, 5.375619888305664062, 0, 0, -0.4383707046508789, 0.898794233798980712, 7200, 255, 1, 31478), -- 301327 (Area: 10028 - Difficulty: 0)
(@OGUID+54, 301336, 2081, 10028, 10028, '0', '', 0, 1601.2900390625, 628.05499267578125, 223.5579986572265625, 0.183258995413780212, 0, 0, 0.091500282287597656, 0.995805025100708007, 7200, 255, 1, 31478), -- 301336 (Area: 10028 - Difficulty: 0)
(@OGUID+55, 301389, 2081, 10028, 10028, '0', '', 0, 1557.0799560546875, 619.61102294921875, 223.55999755859375, 3.726279973983764648, 0, 0, -0.95757102966308593, 0.288197338581085205, 7200, 255, 1, 31478), -- 301389 (Area: 10028 - Difficulty: 0)
(@OGUID+56, 301386, 2081, 10028, 10028, '0', '', 0, 1567.6700439453125, 620.34002685546875, 223.5579986572265625, 0.549778997898101806, 0, 0, 0.271440505981445312, 0.962455213069915771, 7200, 255, 1, 31478), -- 301386 (Area: 10028 - Difficulty: 0)
(@OGUID+57, 301383, 2081, 10028, 10028, '0', '', 0, 1566.5400390625, 622.14801025390625, 223.5579986572265625, 0.549778997898101806, 0, 0, 0.271440505981445312, 0.962455213069915771, 7200, 255, 1, 31478), -- 301383 (Area: 10028 - Difficulty: 0)
(@OGUID+58, 301328, 2081, 10028, 10028, '0', '', 0, 1614.6300048828125, 621.83599853515625, 223.5579986572265625, 1.623160004615783691, 0, 0, 0.725373268127441406, 0.688355743885040283, 7200, 255, 1, 31478), -- 301328 (Area: 10028 - Difficulty: 0)
(@OGUID+59, 301391, 2081, 10028, 10028, '0', '', 0, 1560.47998046875, 612.55499267578125, 223.5579986572265625, 1.457350015640258789, 0, 0, 0.665880203247070312, 0.74605870246887207, 7200, 255, 1, 31478), -- 301391 (Area: 10028 - Difficulty: 0)
(@OGUID+60, 301380, 2081, 10028, 10028, '0', '', 0, 1569.3199462890625, 623.5150146484375, 223.5579986572265625, 3.761189937591552734, 0, 0, -0.95239448547363281, 0.30486840009689331, 7200, 255, 1, 31478), -- 301380 (Area: 10028 - Difficulty: 0)
(@OGUID+61, 301321, 2081, 10028, 10028, '0', '', 0, 1602.6300048828125, 622.4169921875, 223.5579986572265625, 3.726279973983764648, 0, 0, -0.95757102966308593, 0.288197338581085205, 7200, 255, 1, 31478), -- 301321 (Area: 10028 - Difficulty: 0)
(@OGUID+62, 301379, 2081, 10028, 10028, '0', '', 0, 1573.72998046875, 628.9730224609375, 223.5579986572265625, 2.094389915466308593, 0, 0, 0.866024017333984375, 0.500002384185791015, 7200, 255, 1, 31478), -- 301379 (Area: 10028 - Difficulty: 0)
(@OGUID+63, 301337, 2081, 10028, 10028, '0', '', 0, 1604.260009765625, 628.78802490234375, 223.5579986572265625, 3.403399944305419921, 0, 0, -0.99144458770751953, 0.130528271198272705, 7200, 255, 1, 31478), -- 301337 (Area: 10028 - Difficulty: 0)
(@OGUID+64, 301385, 2081, 10028, 10028, '0', '', 0, 1564.6300048828125, 631.0260009765625, 223.5579986572265625, 3.761189937591552734, 0, 0, -0.95239448547363281, 0.30486840009689331, 7200, 255, 1, 31478), -- 301385 (Area: 10028 - Difficulty: 0)
(@OGUID+65, 301382, 2081, 10028, 10028, '0', '', 0, 1563.260009765625, 627.385009765625, 223.5579986572265625, 0.375245004892349243, 0, 0, 0.186522483825683593, 0.982450664043426513, 7200, 255, 1, 31478), -- 301382 (Area: 10028 - Difficulty: 0)
(@OGUID+66, 301331, 2081, 10028, 10028, '0', '', 0, 1618.31005859375, 623.85101318359375, 223.5579986572265625, 2.138030052185058593, 0, 0, 0.876725196838378906, 0.480991601943969726, 7200, 255, 1, 31478), -- 301331 (Area: 10028 - Difficulty: 0)
(@OGUID+67, 301384, 2081, 10028, 10028, '0', '', 0, 1562.02001953125, 629.37799072265625, 223.5579986572265625, 0.549778997898101806, 0, 0, 0.271440505981445312, 0.962455213069915771, 7200, 255, 1, 31478), -- 301384 (Area: 10028 - Difficulty: 0)
(@OGUID+68, 301335, 2081, 10028, 10028, '0', '', 0, 1600.8900146484375, 630.14697265625, 223.5579986572265625, 0.183258995413780212, 0, 0, 0.091500282287597656, 0.995805025100708007, 7200, 255, 1, 31478), -- 301335 (Area: 10028 - Difficulty: 0)
(@OGUID+69, 301381, 2081, 10028, 10028, '0', '', 0, 1565.8699951171875, 629.03399658203125, 223.5579986572265625, 3.761189937591552734, 0, 0, -0.95239448547363281, 0.30486840009689331, 7200, 255, 1, 31478), -- 301381 (Area: 10028 - Difficulty: 0)
(@OGUID+70, 301388, 2081, 10028, 10028, '0', '', 0, 1555.199951171875, 622.4849853515625, 223.55999755859375, 4.860740184783935546, 0, 0, -0.65275955200195312, 0.757565200328826904, 7200, 255, 1, 31478), -- 301388 (Area: 10028 - Difficulty: 0)
(@OGUID+71, 301325, 2081, 10028, 10028, '0', '', 0, 1611.1099853515625, 628.68597412109375, 223.5579986572265625, 0.549778997898101806, 0, 0, 0.271440505981445312, 0.962455213069915771, 7200, 255, 1, 31478), -- 301325 (Area: 10028 - Difficulty: 0)
(@OGUID+72, 301338, 2081, 10028, 10028, '0', '', 0, 1603.68994140625, 630.84197998046875, 223.5579986572265625, 3.403399944305419921, 0, 0, -0.99144458770751953, 0.130528271198272705, 7200, 255, 1, 31478), -- 301338 (Area: 10028 - Difficulty: 0)
(@OGUID+73, 301392, 2081, 10028, 10028, '0', '', 0, 1572.43994140625, 631.791015625, 223.582000732421875, 5.30579996109008789, 0, 0, -0.46947002410888671, 0.88294839859008789, 7200, 255, 1, 31478), -- 301392 (Area: 10028 - Difficulty: 0)
(@OGUID+74, 301406, 2081, 10028, 10028, '0', '', 0, 1536.030029296875, 530.427978515625, 229.9720001220703125, 4.180069923400878906, 0, 0, -0.86819839477539062, 0.496217250823974609, 7200, 255, 1, 31478), -- 301406 (Area: 10028 - Difficulty: 0)
(@OGUID+75, 301398, 2081, 10028, 10028, '0', '', 0, 1574.469970703125, 639.35601806640625, 223.5579986572265625, 3.761189937591552734, 0, 0, -0.95239448547363281, 0.30486840009689331, 7200, 255, 1, 31478), -- 301398 (Area: 10028 - Difficulty: 0)
(@OGUID+76, 301400, 2081, 10028, 10028, '0', '', 0, 1570.6199951171875, 639.70001220703125, 223.5579986572265625, 0.549778997898101806, 0, 0, 0.271440505981445312, 0.962455213069915771, 7200, 255, 1, 31478), -- 301400 (Area: 10028 - Difficulty: 0)
(@OGUID+77, 301397, 2081, 10028, 10028, '0', '', 0, 1571.8599853515625, 637.70697021484375, 223.5579986572265625, 0.375245004892349243, 0, 0, 0.186522483825683593, 0.982450664043426513, 7200, 255, 1, 31478), -- 301397 (Area: 10028 - Difficulty: 0)
(@OGUID+78, 301399, 2081, 10028, 10028, '0', '', 0, 1573.219970703125, 641.3480224609375, 223.5579986572265625, 3.761189937591552734, 0, 0, -0.95239448547363281, 0.30486840009689331, 7200, 255, 1, 31478), -- 301399 (Area: 10028 - Difficulty: 0)
(@OGUID+79, 301396, 2081, 10028, 10028, '0', '', 0, 1580.18994140625, 640.81597900390625, 223.5579986572265625, 0.375245004892349243, 0, 0, 0.186522483825683593, 0.982450664043426513, 7200, 255, 1, 31478), -- 301396 (Area: 10028 - Difficulty: 0)
(@OGUID+80, 301324, 2081, 10028, 10028, '0', '', 0, 1609.97998046875, 630.4940185546875, 223.5579986572265625, 0.549778997898101806, 0, 0, 0.271440505981445312, 0.962455213069915771, 7200, 255, 1, 31478), -- 301324 (Area: 10028 - Difficulty: 0)
(@OGUID+81, 301395, 2081, 10028, 10028, '0', '', 0, 1578.949951171875, 642.80902099609375, 223.5579986572265625, 0.549778997898101806, 0, 0, 0.271440505981445312, 0.962455213069915771, 7200, 255, 1, 31478), -- 301395 (Area: 10028 - Difficulty: 0)
(@OGUID+82, 301401, 2081, 10028, 10028, '0', '', 0, 1582.800048828125, 642.46502685546875, 223.5579986572265625, 3.761189937591552734, 0, 0, -0.95239448547363281, 0.30486840009689331, 7200, 255, 1, 31478), -- 301401 (Area: 10028 - Difficulty: 0)
(@OGUID+83, 301402, 2081, 10028, 10028, '0', '', 0, 1581.550048828125, 644.4580078125, 223.5579986572265625, 3.761189937591552734, 0, 0, -0.95239448547363281, 0.30486840009689331, 7200, 255, 1, 31478), -- 301402 (Area: 10028 - Difficulty: 0)
(@OGUID+84, 301420, 2081, 10028, 10028, '0', '', 0, 1718.760009765625, 471.170013427734375, 202.5930023193359375, 5.733409881591796875, 0, 0, -0.2714395523071289, 0.962455451488494873, 7200, 255, 1, 31478), -- 301420 (Area: 10028 - Difficulty: 0)
(@OGUID+85, 301421, 2081, 10028, 10028, '0', '', 0, 1734.280029296875, 437.60699462890625, 207.9040069580078125, 4.380780220031738281, 0, 0, -0.81411552429199218, 0.580702960491180419, 7200, 255, 1, 31478), -- 301421 (Area: 10028 - Difficulty: 0)
(@OGUID+86, 301422, 2081, 10028, 10028, '0', '', 0, 1730.5699462890625, 414.2860107421875, 207.0099945068359375, 4.380780220031738281, 0, 0, -0.81411552429199218, 0.580702960491180419, 7200, 255, 1, 31478), -- 301422 (Area: 10028 - Difficulty: 0)
(@OGUID+87, 301423, 2081, 10028, 10028, '0', '', 0, 1717.5799560546875, 397.17498779296875, 212.110992431640625, 4.389239788055419921, -0.05295515060424804, 0.122542381286621093, -0.80218029022216796, 0.58196723461151123, 7200, 255, 1, 31478), -- 301423 (Area: 10028 - Difficulty: 0)
(@OGUID+88, 301424, 2081, 10028, 10028, '0', '', 0, 1715.239990234375, 385.785003662109375, 212.623992919921875, 4.399980068206787109, -0.0449385643005371, -0.04429817199707031, -0.80654430389404296, 0.587796270847320556, 7200, 255, 1, 31478), -- 301424 (Area: 10028 - Difficulty: 0)
(@OGUID+89, 301425, 2081, 10028, 10028, '0', '', 0, 1696.0899658203125, 364.927001953125, 218.3990020751953125, 4.096519947052001953, 0.045382976531982421, 0.070875167846679687, -0.88359355926513671, 0.460629492998123168, 7200, 255, 1, 31478), -- 301425 (Area: 10028 - Difficulty: 0)
(@OGUID+90, 301426, 2081, 10028, 10028, '0', '', 0, 1702.3699951171875, 357.48699951171875, 217.92999267578125, 4.096519947052001953, 0.045382976531982421, 0.070875167846679687, -0.88359355926513671, 0.460629492998123168, 7200, 255, 1, 31478), -- 301426 (Area: 10028 - Difficulty: 0)
(@OGUID+91, 301427, 2081, 10028, 10028, '0', '', 0, 1668.0699462890625, 358.063995361328125, 217.2700042724609375, 5.633339881896972656, -0.07499027252197265, 0.021477699279785156, -0.31852912902832031, 0.944698035717010498, 7200, 255, 1, 31478), -- 301427 (Area: 10028 - Difficulty: 0)
(@OGUID+92, 301429, 2081, 10028, 10028, '0', '', 0, 1650.8800048828125, 386.77398681640625, 224.1529998779296875, 1.287459969520568847, -0.06017637252807617, -0.04963397979736328, 0.598130226135253906, 0.797593533992767333, 7200, 255, 1, 31478), -- 301429 (Area: 10028 - Difficulty: 0)
(@OGUID+93, 301428, 2081, 10028, 10028, '0', '', 0, 1658.75, 359.358001708984375, 217.7339935302734375, 5.633339881896972656, -0.07499027252197265, 0.021477699279785156, -0.31852912902832031, 0.944698035717010498, 7200, 255, 1, 31478), -- 301428 (Area: 10028 - Difficulty: 0)
(@OGUID+94, 301430, 2081, 10028, 10028, '0', '', 0, 1642.1099853515625, 386.188995361328125, 223.826995849609375, 2.577869892120361328, 0, 0, 0.960538864135742187, 0.278145819902420043, 7200, 255, 1, 31478), -- 301430 (Area: 10028 - Difficulty: 0)
(@OGUID+95, 301432, 2081, 10028, 10028, '0', '', 0, 1639.4300537109375, 380.36199951171875, 223.826995849609375, 2.577869892120361328, 0, 0, 0.960538864135742187, 0.278145819902420043, 7200, 255, 1, 31478), -- 301432 (Area: 10028 - Difficulty: 0)
(@OGUID+96, 301431, 2081, 10028, 10028, '0', '', 0, 1635.1600341796875, 386.904998779296875, 223.826995849609375, 1.286329984664916992, 0, 0, 0.5997314453125, 0.800201356410980224, 7200, 255, 1, 31478), -- 301431 (Area: 10028 - Difficulty: 0)
(@OGUID+97, 301418, 2081, 10028, 10028, '0', '', 0, 1583.25, 456.516998291015625, 223.072998046875, 5.637420177459716796, 0, 0, -0.31730365753173828, 0.948323965072631835, 7200, 255, 1, 31478), -- 301418 (Area: 10028 - Difficulty: 0)
(@OGUID+98, 301416, 2081, 10028, 10028, '0', '', 0, 1583.199951171875, 454.23199462890625, 223.072998046875, 1.117009997367858886, 0, 0, 0.529918670654296875, 0.84804844856262207, 7200, 255, 1, 31478), -- 301416 (Area: 10028 - Difficulty: 0)
(@OGUID+99, 301419, 2081, 10028, 10028, '0', '', 0, 1585.75, 457.058013916015625, 223.072998046875, 4.066619873046875, 0, 0, -0.89493370056152343, 0.44619917869567871, 7200, 255, 1, 31478), -- 301419 (Area: 10028 - Difficulty: 0)
(@OGUID+100, 301417, 2081, 10028, 10028, '0', '', 0, 1585.449951171875, 454.489990234375, 223.072998046875, 2.417279958724975585, 0, 0, 0.9351348876953125, 0.354291886091232299, 7200, 255, 1, 31478); -- 301417 (Area: 10028 - Difficulty: 0)
DELETE FROM `gameobject_addon` WHERE `guid` BETWEEN @OGUID+0 AND @OGUID+100;
INSERT INTO `gameobject_addon` (`guid`, `parent_rotation0`, `parent_rotation1`, `parent_rotation2`, `parent_rotation3`) VALUES
(@OGUID+0, 0, 0, 1, -0.00000004371139894), -- 301360
(@OGUID+1, 0, 0, 1, -0.00000004371139894), -- 301353
(@OGUID+2, 0, 0, 1, -0.00000004371139894), -- 301361
(@OGUID+3, 0, 0, 1, -0.00000004371139894), -- 301354
(@OGUID+4, 0, 0, 1, -0.00000004371139894), -- 301356
(@OGUID+5, 0, 0, 1, -0.00000004371139894), -- 301374
(@OGUID+6, 0, 0, 1, -0.00000004371139894), -- 301368
(@OGUID+7, 0, 0, 1, -0.00000004371139894), -- 301282
(@OGUID+8, 0, 0, 1, -0.00000004371139894), -- 301352
(@OGUID+9, 0, 0, 1, -0.00000004371139894), -- 301347
(@OGUID+10, 0, 0, 1, -0.00000004371139894), -- 301342
(@OGUID+11, 0, 0, 1, -0.00000004371139894), -- 301363
(@OGUID+12, 0, 0, 1, -0.00000004371139894), -- 301373
(@OGUID+13, 0, 0, 1, -0.00000004371139894), -- 301371
(@OGUID+14, 0, 0, 1, -0.00000004371139894), -- 301365
(@OGUID+16, 0, 0, 1, -0.00000004371139894), -- 301359
(@OGUID+18, 0, 0, 1, -0.00000004371139894), -- 301367
(@OGUID+19, 0, 0, 1, -0.00000004371139894), -- 301364
(@OGUID+20, 0, 0, 1, -0.00000004371139894), -- 301346
(@OGUID+21, 0, 0, 1, -0.00000004371139894), -- 301376
(@OGUID+23, 0, 0, 1, -0.00000004371139894), -- 301349
(@OGUID+24, 0, 0, 1, -0.00000004371139894), -- 301362
(@OGUID+25, 0, 0, 1, -0.00000004371139894), -- 301372
(@OGUID+26, 0, 0, 1, -0.00000004371139894), -- 301357
(@OGUID+27, 0, 0, 1, -0.00000004371139894), -- 301370
(@OGUID+28, 0, 0, 1, -0.00000004371139894), -- 301355
(@OGUID+29, 0, 0, 1, -0.00000004371139894), -- 301369
(@OGUID+30, 0, 0, 1, -0.00000004371139894), -- 301358
(@OGUID+31, 0, 0, 1, -0.00000004371139894), -- 301366
(@OGUID+33, 0, 0, 1, -0.00000004371139894), -- 301345
(@OGUID+34, 0, 0, 1, -0.00000004371139894), -- 301343
(@OGUID+35, 0, 0, 1, -0.00000004371139894), -- 301344
(@OGUID+36, 0, 0, 1, -0.00000004371139894), -- 301350
(@OGUID+37, 0, 0, 1, -0.00000004371139894), -- 301375
(@OGUID+38, 0, 0, 1, -0.00000004371139894), -- 301351
(@OGUID+39, 0, 0, 1, -0.00000004371139894), -- 301348
(@OGUID+40, 0, 0, 1, -0.00000004371139894), -- 301410
(@OGUID+41, 0, 0, 1, -0.00000004371139894), -- 301415
(@OGUID+42, 0, 0, 1, -0.00000004371139894), -- 301329
(@OGUID+43, 0, 0, 1, -0.00000004371139894), -- 301322
(@OGUID+44, 0, 0, 1, -0.00000004371139894), -- 301414
(@OGUID+45, 0, 0, 1, -0.00000004371139894), -- 301394
(@OGUID+46, 0, 0, 1, -0.00000004371139894), -- 301413
(@OGUID+47, 0, 0, 1, -0.00000004371139894), -- 301393
(@OGUID+48, 0, 0, 1, -0.00000004371139894), -- 301412
(@OGUID+49, 0, 0, 1, -0.00000004371139894), -- 301411
(@OGUID+50, 0, 0, 1, -0.00000004371139894), -- 301334
(@OGUID+51, 0, 0, 1, -0.00000004371139894), -- 301387
(@OGUID+52, 0, 0, 1, -0.00000004371139894), -- 301390
(@OGUID+53, 0, 0, 1, -0.00000004371139894), -- 301327
(@OGUID+54, 0, 0, 1, -0.00000004371139894), -- 301336
(@OGUID+55, 0, 0, 1, -0.00000004371139894), -- 301389
(@OGUID+56, 0, 0, 1, -0.00000004371139894), -- 301386
(@OGUID+57, 0, 0, 1, -0.00000004371139894), -- 301383
(@OGUID+58, 0, 0, 1, -0.00000004371139894), -- 301328
(@OGUID+59, 0, 0, 1, -0.00000004371139894), -- 301391
(@OGUID+60, 0, 0, 1, -0.00000004371139894), -- 301380
(@OGUID+61, 0, 0, 1, -0.00000004371139894), -- 301321
(@OGUID+62, 0, 0, 1, -0.00000004371139894), -- 301379
(@OGUID+63, 0, 0, 1, -0.00000004371139894), -- 301337
(@OGUID+64, 0, 0, 1, -0.00000004371139894), -- 301385
(@OGUID+65, 0, 0, 1, -0.00000004371139894), -- 301382
(@OGUID+66, 0, 0, 1, -0.00000004371139894), -- 301331
(@OGUID+67, 0, 0, 1, -0.00000004371139894), -- 301384
(@OGUID+68, 0, 0, 1, -0.00000004371139894), -- 301335
(@OGUID+69, 0, 0, 1, -0.00000004371139894), -- 301381
(@OGUID+70, 0, 0, 1, -0.00000004371139894), -- 301388
(@OGUID+71, 0, 0, 1, -0.00000004371139894), -- 301325
(@OGUID+72, 0, 0, 1, -0.00000004371139894), -- 301338
(@OGUID+73, 0, 0, 1, -0.00000004371139894), -- 301392
(@OGUID+74, 0, 0, 1, -0.00000004371139894), -- 301406
(@OGUID+75, 0, 0, 1, -0.00000004371139894), -- 301398
(@OGUID+76, 0, 0, 1, -0.00000004371139894), -- 301400
(@OGUID+77, 0, 0, 1, -0.00000004371139894), -- 301397
(@OGUID+78, 0, 0, 1, -0.00000004371139894), -- 301399
(@OGUID+79, 0, 0, 1, -0.00000004371139894), -- 301396
(@OGUID+80, 0, 0, 1, -0.00000004371139894), -- 301324
(@OGUID+81, 0, 0, 1, -0.00000004371139894), -- 301395
(@OGUID+82, 0, 0, 1, -0.00000004371139894), -- 301401
(@OGUID+83, 0, 0, 1, -0.00000004371139894), -- 301402
(@OGUID+84, 0, 0, 1, -0.00000004371139894), -- 301420
(@OGUID+85, 0, 0, 1, -0.00000004371139894), -- 301421
(@OGUID+86, 0, 0, 1, -0.00000004371139894), -- 301422
(@OGUID+87, 0, 0, 1, -0.00000004371139894), -- 301423
(@OGUID+88, 0, 0, 1, -0.00000004371139894), -- 301424
(@OGUID+89, 0, 0, 1, -0.00000004371139894), -- 301425
(@OGUID+90, 0, 0, 1, -0.00000004371139894), -- 301426
(@OGUID+91, 0, 0, 1, -0.00000004371139894), -- 301427
(@OGUID+92, 0, 0, 1, -0.00000004371139894), -- 301429
(@OGUID+93, 0, 0, 1, -0.00000004371139894), -- 301428
(@OGUID+94, 0, 0, 1, -0.00000004371139894), -- 301430
(@OGUID+95, 0, 0, 1, -0.00000004371139894), -- 301432
(@OGUID+96, 0, 0, 1, -0.00000004371139894), -- 301431
(@OGUID+97, 0, 0, 1, -0.00000004371139894), -- 301418
(@OGUID+98, 0, 0, 1, -0.00000004371139894), -- 301416
(@OGUID+99, 0, 0, 1, -0.00000004371139894), -- 301419
(@OGUID+100, 0, 0, 1, -0.00000004371139894); -- 301417

DELETE FROM `creature_template_addon` WHERE `entry` IN (144125 /*144125 - 133464*/, 144133 /*144133*/, 143567 /*143567*/, 144130 /*144130*/, 144129 /*144129 - 13787*/, 144153 /*144153*/, 73678 /*73678*/, 144152 /*144152*/, 144123 /*144123*/, 144122 /*144122 - 8278, 8279*/, 144135 /*144135*/, 144127 /*144127*/, 144163 /*144163 - 3417, 14869*/, 144154 /*144154*/, 144156 /*144156*/, 144132 /*144132*/, 144126 /*144126*/);
INSERT INTO `creature_template_addon` (`entry`, `path_id`, `mount`, `bytes1`, `bytes2`, `emote`, `aiAnimKit`, `movementAnimKit`, `meleeAnimKit`, `auras`) VALUES
(144125, 0, 0, 0, 1, 0, 0, 0, 0, '133464'), -- 144125 - 133464
(144133, 0, 0, 0, 1, 0, 0, 0, 0, ''), -- 144133
(143567, 0, 0, 0, 1, 0, 0, 0, 0, ''), -- 143567
(144130, 0, 0, 0, 1, 0, 0, 0, 0, ''), -- 144130
(144129, 0, 0, 0, 1, 0, 0, 0, 0, '13787'), -- 144129 - 13787
(144153, 0, 0, 0, 0, 0, 0, 0, 0, ''), -- 144153
(73678, 0, 0, 0, 1, 0, 0, 0, 0, ''), -- 73678
(144152, 0, 0, 0, 0, 0, 0, 0, 0, ''), -- 144152
(144123, 0, 0, 0, 1, 0, 0, 0, 0, ''), -- 144123
(144122, 0, 0, 0, 1, 0, 0, 0, 0, '8278 8279'), -- 144122 - 8278, 8279
(144135, 0, 0, 0, 1, 0, 0, 0, 0, ''), -- 144135
(144127, 0, 0, 0, 1, 0, 0, 0, 0, ''), -- 144127
(144163, 0, 0, 0, 0, 0, 0, 0, 0, '3417 14869'), -- 144163 - 3417, 14869
(144154, 0, 0, 0, 0, 0, 0, 0, 0, ''), -- 144154
(144156, 0, 0, 0, 1, 0, 0, 0, 0, ''), -- 144156
(144132, 0, 0, 0, 1, 0, 0, 0, 0, ''), -- 144132
(144126, 0, 0, 0, 1, 0, 0, 0, 0, ''); -- 144126


DELETE FROM `creature_model_info` WHERE `DisplayID` IN (8798, 8805, 8803, 8804, 80349, 2834, 8652, 87993, 8675, 8682, 87912, 8684, 8676, 11686, 82772, 8683, 8674, 8678, 1070, 8180, 87992, 8673, 8681, 85249, 82281, 8679, 8289, 8680);
INSERT INTO `creature_model_info` (`DisplayID`, `BoundingRadius`, `CombatReach`, `DisplayID_Other_Gender`, `VerifiedBuild`) VALUES
(8798, 0.347000002861022949, 1.5, 0, 31478),
(8805, 0.347000002861022949, 1.5, 0, 31478),
(8803, 0.347000002861022949, 1.5, 0, 31478),
(8804, 0.347000002861022949, 1.5, 0, 31478),
(80349, 2.799999952316284179, 1.5, 0, 31478),
(2834, 0.892084002494812011, 1.5, 0, 31478),
(8652, 0.305999994277954101, 1.5, 0, 31478),
(87993, 0.347000002861022949, 1.5, 0, 31478),
(8675, 0.347000002861022949, 1.5, 0, 31478),
(8682, 0.416399985551834106, 1.799999952316284179, 0, 31478),
(87912, 0.312299996614456176, 1.35000002384185791, 0, 31478),
(8684, 0.416399985551834106, 1.799999952316284179, 0, 31478),
(8676, 0.347000002861022949, 1.5, 0, 31478),
(11686, 0.5, 1, 0, 31478),
(82772, 0.347000002861022949, 1.5, 0, 31478),
(8683, 0.416399985551834106, 1.799999952316284179, 0, 31478),
(8674, 0.347000002861022949, 1.5, 0, 31478),
(8678, 0.347000002861022949, 1.5, 0, 31478),
(1070, 1, 2, 0, 31478),
(8180, 0.503912985324859619, 1.20000004768371582, 0, 31478),
(87992, 0.347000002861022949, 1.5, 0, 31478),
(8673, 0.347000002861022949, 1.5, 0, 31478),
(8681, 0.416399985551834106, 1.799999952316284179, 0, 31478),
(85249, 0.381700009107589721, 1.649999976158142089, 0, 31478),
(82281, 0.347000002861022949, 1.5, 0, 31478),
(8679, 0.347000002861022949, 1.5, 0, 31478),
(8289, 2.163000106811523437, 3.15000009536743164, 0, 31478),
(8680, 0.347000002861022949, 1.5, 0, 31478);


DELETE FROM `creature_equip_template` WHERE (`CreatureID`=144125 AND `ID`=1) OR (`CreatureID`=144133 AND `ID`=1) OR (`CreatureID`=144129 AND `ID`=1) OR (`CreatureID`=144153 AND `ID`=1) OR (`CreatureID`=144135 AND `ID`=1) OR (`CreatureID`=144154 AND `ID`=1);
INSERT INTO `creature_equip_template` (`CreatureID`, `ID`, `ItemID1`, `AppearanceModID1`, `ItemVisual1`, `ItemID2`, `AppearanceModID2`, `ItemVisual2`, `ItemID3`, `AppearanceModID3`, `ItemVisual3`) VALUES
(144125, 1, 0, 0, 0, 0, 0, 0, 2552, 0, 0), -- 144125
(144133, 1, 1903, 0, 0, 0, 0, 0, 6886, 0, 0), -- 144133
(144129, 1, 2705, 0, 0, 0, 0, 0, 0, 0, 0), -- 144129
(144153, 1, 11684, 0, 0, 163598, 0, 0, 0, 0, 0), -- 144153
(144135, 1, 5289, 0, 0, 0, 0, 0, 0, 0, 0), -- 144135
(144154, 1, 163599, 0, 0, 0, 0, 0, 0, 0, 0); -- 144154


DELETE FROM `quest_template` WHERE `ID` IN (30173 /*30173*/, 9314 /*9314*/, 488 /*488*/, 384 /*384*/, 37112 /*37112*/, 13913 /*13913*/, 26473 /*26473*/, 13591 /*13591*/, 9663 /*9663*/, 47709 /*47709*/, 25721 /*25721*/, 26854 /*26854*/, 26510 /*26510*/, 26688 /*26688*/, 26228 /*26228*/, 31889 /*31889*/, 32603 /*32603*/, 31902 /*31902*/, 51486 /*51486*/, 46736 /*46736*/, 46735 /*46735*/, 46277 /*46277*/);
INSERT INTO `quest_template` (`ID`, `QuestType`, `QuestLevel`, `ScalingFactionGroup`, `MaxScalingLevel`, `QuestPackageID`, `MinLevel`, `QuestSortID`, `QuestInfoID`, `SuggestedGroupNum`, `RewardNextQuest`, `RewardXPDifficulty`, `RewardXPMultiplier`, `RewardMoney`, `RewardMoneyDifficulty`, `RewardMoneyMultiplier`, `RewardBonusMoney`, `RewardDisplaySpell1`, `RewardDisplaySpell2`, `RewardDisplaySpell3`, `RewardSpell`, `RewardHonor`, `RewardKillHonor`, `StartItem`, `RewardArtifactXPDifficulty`, `RewardArtifactXPMultiplier`, `RewardArtifactCategoryID`, `Flags`, `FlagsEx`, `FlagsEx2`, `RewardSkillLineID`, `RewardNumSkillUps`, `PortraitGiver`, `PortraitGiverMount`, `PortraitTurnIn`, `RewardItem1`, `RewardItem2`, `RewardItem3`, `RewardItem4`, `RewardAmount1`, `RewardAmount2`, `RewardAmount3`, `RewardAmount4`, `ItemDrop1`, `ItemDrop2`, `ItemDrop3`, `ItemDrop4`, `ItemDropQuantity1`, `ItemDropQuantity2`, `ItemDropQuantity3`, `ItemDropQuantity4`, `RewardChoiceItemID1`, `RewardChoiceItemID2`, `RewardChoiceItemID3`, `RewardChoiceItemID4`, `RewardChoiceItemID5`, `RewardChoiceItemID6`, `RewardChoiceItemQuantity1`, `RewardChoiceItemQuantity2`, `RewardChoiceItemQuantity3`, `RewardChoiceItemQuantity4`, `RewardChoiceItemQuantity5`, `RewardChoiceItemQuantity6`, `RewardChoiceItemDisplayID1`, `RewardChoiceItemDisplayID2`, `RewardChoiceItemDisplayID3`, `RewardChoiceItemDisplayID4`, `RewardChoiceItemDisplayID5`, `RewardChoiceItemDisplayID6`, `POIContinent`, `POIx`, `POIy`, `POIPriority`, `RewardTitle`, `RewardArenaPoints`, `RewardFactionID1`, `RewardFactionID2`, `RewardFactionID3`, `RewardFactionID4`, `RewardFactionID5`, `RewardFactionValue1`, `RewardFactionValue2`, `RewardFactionValue3`, `RewardFactionValue4`, `RewardFactionValue5`, `RewardFactionCapIn1`, `RewardFactionCapIn2`, `RewardFactionCapIn3`, `RewardFactionCapIn4`, `RewardFactionCapIn5`, `RewardFactionOverride1`, `RewardFactionOverride2`, `RewardFactionOverride3`, `RewardFactionOverride4`, `RewardFactionOverride5`, `RewardFactionFlags`, `AreaGroupID`, `TimeAllowed`, `AllowableRaces`, `TreasurePickerID`, `Expansion`, `ManagedWorldStateID`, `QuestSessionBonus`, `LogTitle`, `LogDescription`, `QuestDescription`, `AreaDescription`, `QuestCompletionLog`, `RewardCurrencyID1`, `RewardCurrencyID2`, `RewardCurrencyID3`, `RewardCurrencyID4`, `RewardCurrencyQty1`, `RewardCurrencyQty2`, `RewardCurrencyQty3`, `RewardCurrencyQty4`, `PortraitGiverText`, `PortraitGiverName`, `PortraitTurnInText`, `PortraitTurnInName`, `AcceptedSoundKitID`, `CompleteSoundKitID`, `VerifiedBuild`) VALUES
(30173, 2, -1, 0, 255, 0, 1, 4471, 0, 0, 32936, 0, 1, 0, 0, 1, 0, 0, 0, 0, 0, 0, 0, 0, 0, 0, 0, 0, 1024, 0, 0, 0, 0, 0, 0, 0, 0, 0, 0, 0, 0, 0, 0, 0, 0, 0, 0, 0, 0, 0, 0, 0, 0, 0, 0, 0, 0, 0, 0, 0, 0, 0, 0, 0, 0, 0, 0, 0, 0, 0, 0, 0, 0, 0, 0, 0, 0, 0, 0, 0, 0, 0, 0, 0, 0, 7, 7, 7, 7, 7, 0, 0, 0, 0, 0, 0, 0, 0, 0, 0, 0, 0, 0, 'War Pigs!', '', '', '', '', 0, 0, 0, 0, 0, 0, 0, 0, '', '', '', '', 890, 878, 31478), -- 30173
(9314, 2, -1, 0, 60, 16550, 1, 3524, 0, 0, 0, 2, 1, 0, 0, 1, 60, 0, 0, 0, 0, 0, 0, 0, 0, 1, 0, 524416, 0, 0, 0, 0, 0, 0, 0, 0, 0, 0, 0, 0, 0, 0, 0, 0, 0, 0, 0, 0, 0, 0, 0, 0, 0, 0, 0, 0, 0, 0, 0, 0, 0, 0, 0, 0, 0, 0, 0, 0, 0, 0, 0, 0, 0, 0, 0, 930, 0, 0, 0, 0, 2, 0, 0, 0, 0, 7, 7, 7, 7, 7, 0, 0, 0, 0, 0, 0, 0, 0, 6130900294268439629, 0, 1, 0, 0, 'Word from Azure Watch', 'Speak with Caregiver Chellan at Azure Watch on Azuremyst Isle.', '$C! A couple mutated beasts jumped me and my leg is injured.$B$BI was sent on a scouting mission from Azure Watch after we received word from Zhanaa. Please, could you go speak with Caregiver Chellan in my stead? She needs to know how many people to expect in Azure Watch. Just cross the Crystalbrook River here and continue following the road until you get to Azure Watch.$B$BBe sure to ask her for a place for yourself to stay in.', '', '', 0, 0, 0, 0, 0, 0, 0, 0, '', '', '', '', 890, 878, 31478), -- 9314
(488, 2, -1, 0, 20, 0, 5, 141, 0, 0, 0, 5, 1, 1200, 5, 1, 270, 0, 0, 0, 0, 0, 0, 0, 0, 1, 0, 8, 0, 0, 0, 0, 0, 0, 0, 5457, 60239, 0, 0, 5, 1, 0, 0, 0, 0, 0, 0, 0, 0, 0, 0, 0, 0, 0, 0, 0, 0, 0, 0, 0, 0, 0, 0, 0, 0, 0, 0, 0, 0, 0, 0, 0, 0, 0, 0, 0, 0, 0, 0, 0, 0, 0, 0, 0, 0, 7, 7, 7, 7, 7, 0, 0, 0, 0, 0, 0, 0, 0, 6130900294268439629, 0, 0, 0, 0, 'Zenn\'s Bidding', 'Retrieve 2 Nightsaber Fangs, 2 Strigid Owl Feathers and 2 swatches of Webwood Spider Silk.', 'Eager for work, I see.  Lucky for you a day never goes by that I don\'t wish I had a fledgling $c to perform my bidding.$b$bYou see, $n, I can make you very happy and provide you with things you never dreamed of having.  But in order for that to happen you must bring me certain items.$b$bMy business in the forest often requires certain... reagents.  Fetch for me nightsaber fangs, strigid owl feathers and swatches of webwood spider silk.$b$bLet\'s keep this our little secret, $r.', '', '', 0, 0, 0, 0, 0, 0, 0, 0, '', '', '', '', 890, 878, 31478), -- 488
(384, 2, -1, 0, 60, 0, 1, 1, 0, 0, 0, 5, 1, 1200, 5, 1, 270, 0, 0, 0, 0, 0, 0, 0, 0, 1, 0, 8, 0, 0, 0, 0, 0, 0, 0, 2888, 2889, 0, 0, 5, 1, 0, 0, 0, 0, 0, 0, 0, 0, 0, 0, 0, 0, 0, 0, 0, 0, 0, 0, 0, 0, 0, 0, 0, 0, 0, 0, 0, 0, 0, 0, 0, 0, 0, 0, 47, 54, 0, 0, 0, 5, 5, 0, 0, 0, 7, 7, 7, 7, 7, 0, 0, 0, 0, 0, 3, 0, 0, 6130900294268439629, 0, 0, 0, 0, 'Beer Basted Boar Ribs', 'Ragnar Thunderbrew in Kharanos wants 4 Tender Boar Ribs and a mug of Rhapsody Malt.', 'Nothing my tavern patrons enjoy more than some Beer Basted Boar Ribs!  Only problem is, the local trapper who used to bring me supplies enlisted in the King\'s Army to help with the war on the Alliance front. $b$bMaybe you can help me out?  If you bring me some boar ribs and a Rhapsody Malt from the tavern here, I\'ll give you the family recipe for my famous Beer Basted Boar Ribs, not to mention a free sample!  The secret\'s in the Malt!', '', '', 0, 0, 0, 0, 0, 0, 0, 0, '', '', '', '', 890, 878, 31478), -- 384
(37112, 2, -1, 0, 60, 3744, 4, 12, 0, 0, 0, 1, 1, 0, 0, 1, 30, 0, 0, 0, 0, 0, 0, 0, 0, 1, 0, 8, 0, 0, 0, 0, 0, 0, 0, 4656, 159, 0, 0, 5, 5, 0, 0, 0, 0, 0, 0, 0, 0, 0, 0, 0, 0, 0, 0, 0, 0, 0, 0, 0, 0, 0, 0, 0, 0, 0, 0, 0, 0, 0, 0, 0, 0, 0, 0, 72, 0, 0, 0, 0, 2, 0, 0, 0, 0, 7, 7, 7, 7, 7, 0, 0, 0, 0, 0, 1, 0, 0, 6130900294268439629, 0, 0, 0, 0, 'Rest and Relaxation', 'Speak with Innkeeper Farley at the Lion\'s Pride Inn.', 'Every adventurer should rest when exhaustion sets in - and there is no finer place to get rest and relaxation than at the Lion\'s Pride Inn!$B$BMy best friend, Innkeeper Farley, runs the Lion\'s Pride. If you tell him I sent you, he may give you the special discounted rates on food and drink.$B$BTo find the Lion\'s Pride Inn, travel south along the road from here -- you can\'t miss it!', '', '', 0, 0, 0, 0, 0, 0, 0, 0, '', '', '', '', 890, 878, 31478), -- 37112
(13913, 2, -1, 0, 60, 0, 20, 331, 0, 0, 0, 5, 1, 1200, 5, 1, 23700, 0, 0, 0, 0, 0, 0, 0, 0, 1, 0, 33554440, 0, 0, 0, 0, 0, 0, 0, 0, 0, 0, 0, 0, 0, 0, 0, 0, 0, 0, 0, 0, 0, 0, 0, 0, 0, 0, 0, 0, 0, 0, 0, 0, 0, 0, 0, 0, 0, 0, 0, 0, 0, 0, 0, 0, 0, 0, 0, 69, 54, 0, 0, 0, 5, 5, 0, 0, 0, 7, 7, 7, 7, 7, 0, 0, 0, 0, 0, 0, 0, 0, 6130900294268439629, 0, 0, 0, 0, 'They Took Our Gnomes', 'Rescue Boog the \"Gear Whisperer\" and Minx from Painmaster Thundrak\'s Wagon of Unending Agony.', 'The gnome explosives squad we requested from Tinker Town arrived last week. Just in time to face an assault by the Horde. We lost a lot of soldiers that day. Most of the gnome team was taken as well. Now we\'re neck deep in Horde, Silverwind Refuge has been lost and we\'re down a dozen gnomes.$B$BI\'m begging for your help here, $n. Travel east to Silverwind Refuge and look for any gnome survivors. They were all carted off by a big, merciless orc named Thundrak. Find him and you\'ll find our gnomes.', '', 'Return to Huntress Jalin at Stardust Spire in Ashenvale.', 0, 0, 0, 0, 0, 0, 0, 0, '', '', '', '', 890, 878, 31478), -- 13913
(26473, 2, -1, 0, 60, 0, 15, 331, 0, 0, 13623, 5, 1, 1200, 5, 1, 18900, 0, 0, 0, 0, 0, 0, 0, 0, 1, 0, 8, 0, 0, 0, 0, 0, 0, 0, 0, 0, 0, 0, 0, 0, 0, 0, 0, 0, 0, 0, 0, 0, 0, 0, 0, 0, 0, 0, 0, 0, 0, 0, 0, 0, 0, 0, 0, 0, 0, 0, 0, 0, 0, 0, 0, 0, 0, 0, 69, 0, 0, 0, 0, 5, 0, 0, 0, 0, 7, 7, 7, 7, 7, 0, 0, 0, 0, 0, 0, 0, 0, 6130900294268439629, 0, 0, 0, 0, 'Bathran\'s Hair', 'Collect 8 Bathran\'s Hair.', 'There is a plant that grows in the old ruins of Bathran\'s Haunt across the road to the east. The plant is called Bathran\'s Hair and is known to cure ailments of the spirit.$B$BNow the Horde are there harvesting the plant for their own evil schemes.$B$BThere is a sick child in Astranaar, and we believe that her illness is more than just physical. I promised my master that I would help seek a cure, but I am no fighter.$B$BWill you go to Bathran\'s Haunt and gather the plants?', '', '', 0, 0, 0, 0, 0, 0, 0, 0, '', '', '', '', 890, 878, 31478), -- 26473
(13591, 2, -1, 0, 60, 1562, 10, 148, 0, 0, 0, 6, 1, 2500, 6, 1, 1200, 0, 0, 0, 0, 0, 0, 46318, 0, 1, 0, 8, 0, 0, 0, 0, 0, 0, 0, 0, 0, 0, 0, 0, 0, 0, 0, 0, 0, 0, 0, 0, 0, 0, 0, 0, 0, 0, 0, 0, 0, 0, 0, 0, 0, 0, 0, 0, 0, 0, 0, 0, 0, 0, 0, 0, 0, 0, 0, 69, 0, 0, 0, 0, 6, 0, 0, 0, 0, 7, 7, 7, 7, 7, 0, 0, 0, 0, 0, 0, 0, 0, 6130900294268439629, 0, 0, 0, 0, 'Disturbing Connections', 'Bring the Hellscream\'s Missive to Ranger Glynda Nal\'Shea at Lor\'danel.', 'The letter from Garrosh Hellscream makes clear the suspicions that were raised during the offensive on the Shatterspear. The presence of forsaken at the tower ruins and horde supplies and enforcers at the Shatterspear War Camp were only the start. Garrosh himself contacted the Shatterspear to spur their offensive towards Lor\'danel, and it seems clear that he fully intends to push from the south as well.$B$BGlynda Nal\'Shea will need this information if the night elves are to be prepared.', '', '', 0, 0, 0, 0, 0, 0, 0, 0, '', '', '', '', 890, 878, 31478), -- 13591
(9663, 2, -1, 0, 60, 0, 10, 3525, 0, 0, 9666, 5, 1, 0, 0, 1, 960, 0, 0, 0, 99341, 0, 0, 0, 0, 1, 0, 3145856, 8, 0, 0, 0, 0, 0, 0, 0, 0, 0, 0, 0, 0, 0, 0, 0, 0, 0, 0, 0, 0, 0, 0, 0, 0, 0, 0, 0, 0, 0, 0, 0, 0, 0, 0, 0, 0, 0, 0, 0, 0, 0, 0, 0, 0, 0, 0, 930, 0, 0, 0, 0, 5, 0, 0, 0, 0, 7, 7, 7, 7, 7, 0, 0, 0, 0, 0, 0, 0, 900, 6130900294268439629, 0, 1, 0, 0, 'The Kessel Run', 'Kessel at Kessel\'s Crossing wants you to warn High Chief Stillpine at Stillpine Hold, Exarch Menelaous at Azure Watch and Admiral Odesyus at Odesyus\' Landing of the imminent blood elf invasion. Return to Kessel when you complete this task. You have 15 minutes. (Be sure to keep it out of water.)', 'You\'re just in time, $n. Blood elf activity in this area has doubled in the past week. Our agents have informed us that the blood elves that call themselves Sunhawks plan to launch an offensive upon Azuremyst soon. I need you to get a warning out to our allies and compatriots.$B$BWarn High Chief Stillpine at Stillpine Hold, Exarch Menelaous at Azure Watch and Admiral Odesyus at Odesyus\' Landing.$B$BTime is of the essence so I am lending you my elekk. Be sure to keep it out of water.', '', '', 0, 0, 0, 0, 0, 0, 0, 0, '', '', '', '', 890, 878, 31478), -- 9663
(47709, 2, -1, 0, 120, 0, 1, 1, 0, 0, 0, 6, 1, 2500, 6, 1, 0, 0, 0, 0, 0, 0, 0, 0, 0, 1, 0, 33554760, 0, 0, 0, 0, 0, 0, 0, 0, 0, 0, 0, 0, 0, 0, 0, 0, 0, 0, 0, 0, 0, 0, 0, 0, 0, 0, 0, 0, 0, 0, 0, 0, 0, 0, 0, 0, 0, 0, 0, 0, 0, 0, 0, 0, 0, 0, 0, 0, 0, 0, 0, 0, 0, 0, 0, 0, 0, 7, 7, 7, 7, 7, 0, 0, 0, 0, 0, 0, 0, 0, 6130900294268439629, 0, 0, 0, 0, 'The Great Gnomeregan Run', 'Race to Booty Bay.', 'Ready for the big race today, $n?

Every year, gnomes from near and far gather to run all the way from Gnomeregan to Booty Bay!

It reminds us that no goal is too tall, even for us!  Whether you run fast or slow, alone or with friends, you\'ll make it as long as you keep trying! So make sure to stretch, then get out there and show the world what we gnomes are made of!', '', '', 0, 0, 0, 0, 0, 0, 0, 0, '', '', '', '', 890, 878, 31478), -- 47709
(25721, 2, -1, 0, 60, 0, 20, 11, 0, 0, 25727, 5, 1, 1200, 5, 1, 23700, 0, 0, 0, 0, 0, 0, 0, 0, 1, 0, 8, 0, 0, 0, 0, 0, 0, 0, 0, 0, 0, 0, 0, 0, 0, 0, 0, 0, 0, 0, 0, 0, 0, 0, 0, 0, 0, 0, 0, 0, 0, 0, 0, 0, 0, 0, 0, 0, 0, 0, 0, 0, 0, 0, 0, 0, 0, 0, 47, 0, 0, 0, 0, 5, 0, 0, 0, 0, 7, 7, 7, 7, 7, 0, 0, 0, 0, 0, 0, 0, 0, 6130900294268439629, 0, 0, 0, 0, 'Fight the Flood', 'Kill 10 Flood Elementals.', 'I\'m here because Muradin himself knew that this survey needed someone to keep these buffoons on their toes. They\'re all too scared of the wildlife to do a thing! If I\'m to get them off their duffs, I\'m going to need some cleanup done.$B$BWe\'ve got an elemental problem, first off. The flood did such a number here that the water itself\'s gone hysterical.$B$BI bet you\'ve never slapped the sense into an entire lake before, but I\'m askin\' it of you now. Whallop those elementals but good for me.', '', '', 0, 0, 0, 0, 0, 0, 0, 0, '', '', '', '', 890, 878, 31478), -- 25721
(26854, 2, -1, 0, 60, 3068, 10, 38, 0, 0, 26855, 5, 1, 0, 0, 1, 960, 0, 0, 0, 0, 0, 0, 0, 0, 1, 0, 8, 0, 0, 0, 0, 0, 0, 0, 0, 0, 0, 0, 0, 0, 0, 0, 0, 0, 0, 0, 0, 0, 0, 0, 0, 0, 0, 0, 0, 0, 0, 0, 0, 0, 0, 0, 0, 0, 0, 0, 0, 0, 0, 0, 0, 0, 0, 0, 47, 54, 0, 0, 0, 3, 3, 0, 0, 0, 7, 7, 7, 7, 7, 0, 0, 0, 0, 0, 3, 0, 0, 6130900294268439629, 0, 0, 0, 0, 'The Lost Pilot', 'Find Pilot Hildelve north of Helm\'s Bed Lake.', 'My friend and fellow Siege Engine pilot, Mori Hildelve, is lost in the hills. We were looking for a rare ore that\'s needed for a high-grade blastpowder, and during our search he drove his engine up a steep hill and busted it!$B$BStill convinced that ore was in these mountains, Hildelve charged me to guard our engines while he continued on foot.$B$BIt\'s been days, and I\'ve heard some beastly growls north of Helm\'s Bed Lake, west of the tunnel. Mori\'s tough as nails, but I\'m worried.$B$BPlease, $n. Find him.', '', '', 0, 0, 0, 0, 0, 0, 0, 0, '', '', '', '', 890, 878, 31478), -- 26854
(26510, 2, -1, 0, 60, 0, 15, 44, 0, 0, 26512, 5, 1, 1200, 5, 1, 18900, 0, 0, 0, 0, 0, 0, 0, 0, 1, 0, 8, 0, 0, 0, 0, 0, 0, 0, 0, 0, 0, 0, 0, 0, 0, 0, 0, 0, 0, 0, 0, 0, 0, 0, 0, 0, 0, 0, 0, 0, 0, 0, 0, 0, 0, 0, 0, 0, 0, 0, 0, 0, 0, 0, 0, 0, 0, 0, 72, 0, 0, 0, 0, 5, 0, 0, 0, 0, 7, 7, 7, 7, 7, 0, 0, 0, 0, 0, 0, 0, 0, 6130900294268439629, 0, 0, 0, 0, 'We Must Prepare!', 'Recover the Gnomecorder.', 'More of our citizens go missing every day. We think the gnolls are responsible, but we have no idea where they are taking them! If you are to help us defeat the gnolls and find our people, you must be properly equipped. Unfortunately, we are all out of gnomecorders. Without a gnomecorder, there is no way for us to communicate with you when you are in the field.$B$BOur last good gnomecorder was stolen by marauding murlocs last week. You will have to go to Lake Everstill, east of here, and recover it!', '', '', 0, 0, 0, 0, 0, 0, 0, 0, '', '', '', '', 890, 878, 31478), -- 26510
(26688, 2, -1, 0, 60, 0, 20, 10, 0, 0, 26689, 5, 1, 1200, 5, 1, 23700, 0, 0, 0, 0, 0, 0, 0, 0, 1, 0, 8, 0, 0, 0, 0, 0, 0, 0, 0, 0, 0, 0, 0, 0, 0, 0, 0, 0, 0, 0, 0, 0, 0, 0, 0, 0, 0, 0, 0, 0, 0, 0, 0, 0, 0, 0, 0, 0, 0, 0, 0, 0, 0, 0, 0, 0, 0, 0, 72, 0, 0, 0, 0, 5, 0, 0, 0, 0, 7, 7, 7, 7, 7, 0, 0, 0, 0, 0, 0, 0, 0, 6130900294268439629, 0, 0, 0, 0, 'Worgen in the Woods', 'Kill 7 Nightbane Worgen in Brightwood Grove.', 'Darkness seems drawn inexorably to Duskwood. Master Carevin\'s quest is the expulsion of evil and heresy. Through our efforts are the people of Darkshire kept safe.$b$bYou believe yourself worthy to join us?$b$bI once thought as you. Disillusioned by the complacency of the Watch, I joined Master Carevin. If you wish to prove yourself, it will not be through words.$b$bTest your skills against the Nightbane worgen in Brightwood Grove. We\'ll see if you have what it takes to hunt these monsters.', '', '', 0, 0, 0, 0, 0, 0, 0, 0, '', '', '', '', 890, 878, 31478), -- 26688
(26228, 2, -1, 0, 60, 0, 10, 40, 0, 0, 26232, 4, 1, 0, 0, 1, 720, 0, 0, 0, 0, 0, 0, 57761, 0, 1, 0, 2097162, 0, 0, 0, 0, 0, 0, 0, 0, 0, 0, 0, 0, 0, 0, 0, 0, 0, 0, 57761, 0, 0, 0, 1, 0, 0, 0, 0, 0, 0, 0, 0, 0, 0, 0, 0, 0, 0, 0, 0, 0, 0, 0, 0, 0, 0, 0, 0, 0, 0, 0, 0, 0, 0, 0, 0, 0, 0, 7, 7, 7, 7, 7, 0, 0, 0, 0, 0, 0, 0, 0, 6130900294268439629, 0, 0, 0, 0, 'Livin\' the Life', 'Use Two-Shoed Lou\'s Old House at the back of the Jangolode Mine in Westfall.', 'Listen, I really shouldn\'t be talkin\' to you, but I owe Horatio a favor or two. I don\'t really know nothin\' about what happened to the Furlbrows, but I might be able to point you in the right direction.$B$B<Lou hands you a large crate.>$B$BThat crate used to be my home before I struck it rich. Now I\'m livin\' the life every hobo dreams of!$B$BRight, so you take that there livin\' crate and head to the Jangolode Mine, southwest of here. Head to the back of the mine and once there, hide in the crate. ', 'Livin\' the Life!', 'Return to Two-Shoed Lou at the Furlbrow Pumpkin Farm in Westfall.', 0, 0, 0, 0, 0, 0, 0, 0, '', '', '', '', 890, 878, 31478), -- 26228
(31889, 2, -1, 0, 120, 0, 1, -394, 102, 0, 31897, 5, 1, 1200, 5, 1, 60, 0, 0, 0, 0, 0, 0, 0, 0, 1, 0, 65536, 2176, 0, 0, 0, 0, 0, 4558, 89125, 0, 0, 0, 1, 0, 0, 0, 0, 0, 0, 0, 0, 0, 0, 0, 0, 0, 0, 0, 0, 0, 0, 0, 0, 0, 0, 0, 0, 0, 0, 0, 0, 0, 0, 0, 0, 0, 0, 0, 0, 0, 0, 0, 0, 0, 0, 0, 0, 0, 7, 7, 7, 7, 7, 0, 0, 0, 0, 0, 0, 0, 0, 6130900294268439629, 0, 0, 0, 0, 'Battle Pet Tamers: Kalimdor', 'Defeat Traitor Gluk, Grazzle the Great, Kela Grimtotem, Zoltan, and Elena Flutterfly in pet battles.', 'Now that you\'ve had a real chance to hone your skills, you\'re ready to venture out into the world of pet battles in full.$B$BThere are five tamers throughout Kalimdor that I\'d like you to defeat: Traitor Gluk in Feralas, Grazzle the Great in Dustwallow Marsh, Kela Grimtotem in Thousand Needles, Zoltan in Felwood, and Elena Flutterfly in Moonglade.$B$BIf you are able to best them, you will be ready to venture further.', '', '', 0, 0, 0, 0, 0, 0, 0, 0, '', '', 'Wow! You really are impressive.', 'Audrey Burnhep', 890, 878, 31478), -- 31889
(32603, 2, -1, 0, 120, 0, 1, -394, 102, 0, 0, 5, 1, 1200, 5, 1, 60, 0, 0, 0, 0, 0, 0, 0, 0, 1, 0, 0, 2176, 0, 0, 0, 47742, 0, 0, 94025, 0, 0, 0, 1, 0, 0, 0, 0, 0, 0, 0, 0, 0, 0, 0, 0, 0, 0, 0, 0, 0, 0, 0, 0, 0, 0, 0, 0, 0, 0, 0, 0, 0, 0, 0, 0, 0, 0, 0, 0, 0, 0, 0, 0, 0, 0, 0, 0, 0, 7, 7, 7, 7, 7, 0, 0, 0, 0, 0, 0, 0, 0, 18446744073709551615, 0, 4, 0, 0, 'Beasts of Fable', 'Defeat the Elite Battle Pets of the Pandaren fables.', 'Have you ever read the great Pandaren book of fables?  Pandaren pass these stories on to their cubs - stories of the cricket and the hawk, or the slow-moving turtle - to teach them lessons that they will find useful in life. What few cubs know is that these creatures exist, here, in Pandaria! Though the stories of their travels are made up, they are powerful denizens of this world. Should you happen upon them in your travels, you may test the might of your pets against their storied statures.', '', '', 0, 0, 0, 0, 0, 0, 0, 0, 'Take on the fabled beasts!', 'Greyhoof', '', '', 890, 878, 31478), -- 32603
(31902, 2, -1, 0, 120, 0, 1, -394, 102, 0, 31915, 5, 1, 1200, 5, 1, 60, 0, 0, 0, 0, 0, 0, 0, 0, 1, 0, 65536, 2176, 0, 0, 0, 0, 0, 4558, 89125, 0, 0, 0, 1, 0, 0, 0, 0, 0, 0, 0, 0, 0, 0, 0, 0, 0, 0, 0, 0, 0, 0, 0, 0, 0, 0, 0, 0, 0, 0, 0, 0, 0, 0, 0, 0, 0, 0, 0, 0, 0, 0, 0, 0, 0, 0, 0, 0, 0, 7, 7, 7, 7, 7, 0, 0, 0, 0, 0, 0, 0, 0, 6130900294268439629, 0, 0, 0, 0, 'Battle Pet Tamers: Eastern Kingdoms', 'Defeat David Kosse, Deiza Plaguehorn, Kortas Darkhammer, Everessa, and Durin Darkhammer in pet battles.', 'Now that you\'ve had a real chance to hone your skills, you\'re ready to venture out into the world of pet battles in full.$B$BThere are five tamers throughout the Eastern Kingdoms that I\'d like you to defeat: David Kosse in The Hinterlands, Deiza Plaguehorn in Eastern Plaguelands, Kortas Darkhammer in Searing Gorge, Everessa in Swamp of Sorrows, and Kortas\' brother, Durin Darkhammer, in Burning Steppes.$B$BIf you are able to best them, you will be ready to venture further.', '', '', 0, 0, 0, 0, 0, 0, 0, 0, '', '', 'Wow! You really are impressive.', 'Audrey Burnhep', 890, 878, 31478), -- 31902
(51486, 2, -1, 0, 120, 0, 20, -449, 0, 0, 50305, 1, 1, 125, 1, 1, 2400, 0, 0, 0, 0, 0, 0, 0, 0, 1, 0, 39845896, 8192, 0, 0, 0, 0, 0, 0, 157022, 161329, 0, 0, 1, 1, 0, 0, 0, 0, 0, 0, 0, 0, 0, 0, 0, 0, 0, 0, 0, 0, 0, 0, 0, 0, 0, 0, 0, 0, 0, 0, 0, 0, 0, 0, 0, 0, 0, 0, 0, 0, 0, 0, 0, 0, 0, 0, 0, 0, 7, 7, 7, 7, 7, 0, 0, 0, 0, 0, 0, 0, 0, 2048, 0, 7, 0, 0, 'Fer the Alliance', 'Meet Ambassador Moorgard at the Stormwind Embassy.', 'The mountain will always be home, but there\'s a whole world o\' adventure up there on the surface. Ye look like just the sort o\' $c to find it.

Fer a long time, the Dark Irons stood apart from the other kingdoms. The time has come tae show \'em that we fight fer Azeroth, too.

There\'s an ambassador in Stormwind waitin\' tae speak tae ye. He can help guide ye along on yer journey.

The Alliance needs our strength, $p. Get out there and show \'em the might o\' the mountain!', '', 'Meet Ambassador Moorgard at the Stormwind Embassy.', 0, 0, 0, 0, 0, 0, 0, 0, '', '', '', '', 890, 878, 31478), -- 51486
(46736, 0, -1, 0, 110, 0, 110, 0, 143, 0, 0, 0, 1, 0, 0, 1, 0, 0, 0, 0, 0, 0, 0, 0, 0, 1, 0, 100728840, 33554432, 0, 0, 0, 0, 0, 0, 152654, 0, 0, 0, 1, 0, 0, 0, 0, 0, 0, 0, 0, 0, 0, 0, 0, 0, 0, 0, 0, 0, 0, 0, 0, 0, 0, 0, 0, 0, 0, 0, 0, 0, 0, 0, 0, 0, 0, 0, 2045, 0, 0, 0, 0, 4, 0, 0, 0, 0, 7, 7, 7, 7, 7, 0, 0, 0, 0, 0, 0, 0, 0, 18446744073709551615, 0, 0, 0, 0, 'Contribute to Nether Disruptor', '', '', '', '', 1226, 0, 0, 0, 75, 0, 0, 0, '', '', '', '', 0, 0, 31478), -- 46736
(46735, 0, -1, 0, 110, 0, 110, 0, 143, 0, 0, 0, 1, 0, 0, 1, 0, 0, 0, 0, 0, 0, 0, 0, 0, 1, 0, 100728840, 33554432, 0, 0, 0, 0, 0, 0, 152654, 0, 0, 0, 1, 0, 0, 0, 0, 0, 0, 0, 0, 0, 0, 0, 0, 0, 0, 0, 0, 0, 0, 0, 0, 0, 0, 0, 0, 0, 0, 0, 0, 0, 0, 0, 0, 0, 0, 0, 2045, 0, 0, 0, 0, 4, 0, 0, 0, 0, 7, 7, 7, 7, 7, 0, 0, 0, 0, 0, 0, 0, 0, 18446744073709551615, 0, 0, 0, 0, 'Contribute to Command Center', '', '', '', '', 1226, 0, 0, 0, 75, 0, 0, 0, '', '', '', '', 0, 0, 31478), -- 46735
(46277, 0, -1, 0, 110, 0, 110, 0, 143, 0, 0, 0, 1, 0, 0, 1, 0, 0, 0, 0, 0, 0, 0, 0, 0, 1, 0, 100729096, 33554432, 0, 0, 0, 0, 0, 0, 152654, 0, 0, 0, 1, 0, 0, 0, 0, 0, 0, 0, 0, 0, 0, 0, 0, 0, 0, 0, 0, 0, 0, 0, 0, 0, 0, 0, 0, 0, 0, 0, 0, 0, 0, 0, 0, 0, 0, 0, 2045, 0, 0, 0, 0, 4, 0, 0, 0, 0, 7, 7, 7, 7, 7, 0, 0, 0, 0, 0, 0, 0, 0, 18446744073709551615, 0, 6, 0, 0, 'Contribute to Mage Tower', '', '', '', '', 1226, 0, 0, 0, 75, 0, 0, 0, '', '', '', '', 0, 0, 31478); -- 46277

DELETE FROM `playercreateinfo` WHERE `race`=34 AND `class`=1;
INSERT INTO `playercreateinfo` (`race`, `class`, `map`, `zone`, `position_x`, `position_y`, `position_z`, `orientation`) VALUES (34, 1, 2081, 0, 1621.13, 536.649, 201.48, 0);
DELETE FROM `playercreateinfo` WHERE `race`=34 AND `class`=2;
INSERT INTO `playercreateinfo` (`race`, `class`, `map`, `zone`, `position_x`, `position_y`, `position_z`, `orientation`) VALUES (34, 2, 2081, 0, 1621.13, 536.649, 201.48, 0);
DELETE FROM `playercreateinfo` WHERE `race`=34 AND `class`=3;
INSERT INTO `playercreateinfo` (`race`, `class`, `map`, `zone`, `position_x`, `position_y`, `position_z`, `orientation`) VALUES (34, 3, 2081, 0, 1621.13, 536.649, 201.48, 0);
DELETE FROM `playercreateinfo` WHERE `race`=34 AND `class`=4;
INSERT INTO `playercreateinfo` (`race`, `class`, `map`, `zone`, `position_x`, `position_y`, `position_z`, `orientation`) VALUES (34, 4, 2081, 0, 1621.13, 536.649, 201.48, 0);
DELETE FROM `playercreateinfo` WHERE `race`=34 AND `class`=5;
INSERT INTO `playercreateinfo` (`race`, `class`, `map`, `zone`, `position_x`, `position_y`, `position_z`, `orientation`) VALUES (34, 5, 2081, 0, 1621.13, 536.649, 201.48, 0);
DELETE FROM `playercreateinfo` WHERE `race`=34 AND `class`=6;
INSERT INTO `playercreateinfo` (`race`, `class`, `map`, `zone`, `position_x`, `position_y`, `position_z`, `orientation`) VALUES (34, 6, 2297, 12952, 456.015, -2123.81, 842.279, 3.05334);
DELETE FROM `playercreateinfo` WHERE `race`=34 AND `class`=7;
INSERT INTO `playercreateinfo` (`race`, `class`, `map`, `zone`, `position_x`, `position_y`, `position_z`, `orientation`) VALUES (34, 7, 2081, 0, 1621.13, 536.649, 201.48, 0);
DELETE FROM `playercreateinfo` WHERE `race`=34 AND `class`=8;
INSERT INTO `playercreateinfo` (`race`, `class`, `map`, `zone`, `position_x`, `position_y`, `position_z`, `orientation`) VALUES (34, 8, 2081, 0, 1621.13, 536.649, 201.48, 0);
DELETE FROM `playercreateinfo` WHERE `race`=34 AND `class`=9;
INSERT INTO `playercreateinfo` (`race`, `class`, `map`, `zone`, `position_x`, `position_y`, `position_z`, `orientation`) VALUES (34, 9, 2081, 0, 1621.13, 536.649, 201.48, 0);
DELETE FROM `playercreateinfo` WHERE `race`=34 AND `class`=10;
INSERT INTO `playercreateinfo` (`race`, `class`, `map`, `zone`, `position_x`, `position_y`, `position_z`, `orientation`) VALUES (34, 10, 2081, 0, 1621.13, 536.649, 201.48, 0);
DELETE FROM `playercreateinfo` WHERE `race`=36 AND `class`=1;
INSERT INTO `playercreateinfo` (`race`, `class`, `map`, `zone`, `position_x`, `position_y`, `position_z`, `orientation`) VALUES (36, 1, 1, 14, 1567.38, -4189.12, 53.6794, 2.2874);
DELETE FROM `playercreateinfo` WHERE `race`=36 AND `class`=3;
INSERT INTO `playercreateinfo` (`race`, `class`, `map`, `zone`, `position_x`, `position_y`, `position_z`, `orientation`) VALUES (36, 3, 1, 14, 1567.38, -4189.12, 53.6794, 2.2874);
DELETE FROM `playercreateinfo` WHERE `race`=36 AND `class`=4;
INSERT INTO `playercreateinfo` (`race`, `class`, `map`, `zone`, `position_x`, `position_y`, `position_z`, `orientation`) VALUES (36, 4, 1, 14, 1567.38, -4189.12, 53.6794, 2.2874);
DELETE FROM `playercreateinfo` WHERE `race`=36 AND `class`=5;
INSERT INTO `playercreateinfo` (`race`, `class`, `map`, `zone`, `position_x`, `position_y`, `position_z`, `orientation`) VALUES (36, 5, 1, 14, 1567.38, -4189.12, 53.6794, 2.2874);
DELETE FROM `playercreateinfo` WHERE `race`=36 AND `class`=6;
INSERT INTO `playercreateinfo` (`race`, `class`, `map`, `zone`, `position_x`, `position_y`, `position_z`, `orientation`) VALUES (36, 6, 2297, 12952, 456.015, -2123.81, 842.279, 3.05334);
DELETE FROM `playercreateinfo` WHERE `race`=36 AND `class`=7;
INSERT INTO `playercreateinfo` (`race`, `class`, `map`, `zone`, `position_x`, `position_y`, `position_z`, `orientation`) VALUES (36, 7, 1, 14, 1567.38, -4189.12, 53.6794, 2.2874);
DELETE FROM `playercreateinfo` WHERE `race`=36 AND `class`=8;
INSERT INTO `playercreateinfo` (`race`, `class`, `map`, `zone`, `position_x`, `position_y`, `position_z`, `orientation`) VALUES (36, 8, 1, 14, 1567.38, -4189.12, 53.6794, 2.2874);
DELETE FROM `playercreateinfo` WHERE `race`=36 AND `class`=10;
INSERT INTO `playercreateinfo` (`race`, `class`, `map`, `zone`, `position_x`, `position_y`, `position_z`, `orientation`) VALUES (36, 10, 1, 14, 1567.38, -4189.12, 53.6794, 2.2874);

DELETE FROM `playercreateinfo_cast_spell` WHERE `raceMask`=34 AND `classMask`=6 AND `spell`=270562;
INSERT INTO `playercreateinfo_cast_spell` (`raceMask`, `classMask`, `spell`, `note`) VALUES (34, 6, 270562, 'Dark Iron Dwarf Paladin - Darkforge Ram Mount');
DELETE FROM `playercreateinfo_cast_spell` WHERE `raceMask`=8192 AND `classMask`=4 AND `spell`=274905;
INSERT INTO `playercreateinfo_cast_spell` (`raceMask`, `classMask`, `spell`, `note`) VALUES (8192, 4, 274905, 'Maghar Orc - Hunter - Shadowmoon Stalker');

DELETE FROM `playercreateinfo_item` WHERE `race`=34 AND `class`=0 AND `itemid`=161331;
INSERT INTO `playercreateinfo_item` (`race`, `class`, `itemid`, `amount`) VALUES (34, 0, 161331, 1);
DELETE FROM `playercreateinfo_item` WHERE `race`=34 AND `class`=0 AND `itemid`=161329;
INSERT INTO `playercreateinfo_item` (`race`, `class`, `itemid`, `amount`) VALUES (34, 0, 161329, 1);
DELETE FROM `playercreateinfo_item` WHERE `race`=36 AND `class`=0 AND `itemid`=161330;
INSERT INTO `playercreateinfo_item` (`race`, `class`, `itemid`, `amount`) VALUES (36, 0, 161330, 1);
DELETE FROM `playercreateinfo_item` WHERE `race`=36 AND `class`=0 AND `itemid`=161328;
INSERT INTO `playercreateinfo_item` (`race`, `class`, `itemid`, `amount`) VALUES (36, 0, 161328, 1);
