# Zandalar-Sniffer - WowPacketParser
# Detected build: V8_3_0
# Detected locale: enUS
# Targeted database: BattleForAzeroth
# Parsing date: 11/17/2020 20:55:28


DELETE FROM `creature` WHERE `map` = '2081';

DELETE FROM `conversation_actors` WHERE (`ConversationId`=9652 AND `Idx`=0);
INSERT INTO `conversation_actors` (`ConversationId`, `ConversationActorNearId`, `Idx`, `VerifiedBuild`) VALUES
(9652, 144152, 0, 31478); -- Full: 0x20002904208CC6000000000000000074 Creature/0 R10/S0 Map: 2081 Entry: 144152 Low: 116

DELETE FROM `conversation_line_template` WHERE `Id` IN (22071, 22070, 22069, 22068);
INSERT INTO `conversation_line_template` (`Id`, `StartTime`, `UiCameraID`, `ActorIdx`, `Flags`, `VerifiedBuild`) VALUES
(22071, 21237, 0, 0, 0, 31478),
(22070, 13965, 0, 0, 0, 31478),
(22069, 7943, 0, 0, 0, 31478),
(22068, 0, 0, 0, 0, 31478);

DELETE FROM `conversation_template` WHERE `Id`=9652;
INSERT INTO `conversation_template` (`Id`, `FirstLineID`, `LastLineEndTime`, `TextureKitId`, `VerifiedBuild`) VALUES
(9652, 22068, 27681, 0, 31478);

DELETE FROM `gameobject_template_addon` WHERE `entry` IN (301350 /*301350*/, 299341 /*299341*/, 299338 /*299338*/, 299340 /*299340*/, 301282 /*301282*/);
INSERT INTO `gameobject_template_addon` (`entry`, `faction`, `flags`) VALUES
(301350, 0, 32), -- 301350
(299341, 114, 32), -- 299341
(299338, 114, 32), -- 299338
(299340, 114, 32), -- 299340
(301282, 114, 32); -- 301282


DELETE FROM `conversation_actor_template` WHERE `Id` = '144152';
INSERT INTO `conversation_actor_template` (`Id`, `CreatureId`, `CreatureModelId`, `VerifiedBuild`) VALUES ('144152', '144152', '82772', '32978');

UPDATE `creature_template` SET `faction`=84,`minlevel`=120, `maxlevel`=120, `npcflag`=0 WHERE `entry`=144125;
UPDATE `creature_template` SET `faction`=84,`minlevel`=120, `maxlevel`=120, `npcflag`=0 WHERE `entry`=144133;
UPDATE `creature_template` SET `faction`=84,`minlevel`=120, `maxlevel`=120, `npcflag`=0 WHERE `entry`=143567;
UPDATE `creature_template` SET `faction`=84,`minlevel`=120, `maxlevel`=120, `npcflag`=3 WHERE `entry`=144130;
UPDATE `creature_template` SET `faction`=84,`minlevel`=120, `maxlevel`=120, `npcflag`=0 WHERE `entry`=144129;
UPDATE `creature_template` SET `faction`=84,`minlevel`=120, `maxlevel`=120, `npcflag`=0 WHERE `entry`=144153;
UPDATE `creature_template` SET `faction`=35,`minlevel`=120, `maxlevel`=120, `npcflag`=0 WHERE `entry`=73678;
UPDATE `creature_template` SET `faction`=84,`minlevel`=120, `maxlevel`=120, `npcflag`=2 WHERE `entry`=144152;
UPDATE `creature_template` SET `faction`=84,`minlevel`=120, `maxlevel`=120, `npcflag`=0 WHERE `entry`=144123;
UPDATE `creature_template` SET `faction`=84,`minlevel`=120, `maxlevel`=120, `npcflag`=0 WHERE `entry`=144122;
UPDATE `creature_template` SET `faction`=84,`minlevel`=120, `maxlevel`=120, `npcflag`=0 WHERE `entry`=144135;
UPDATE `creature_template` SET `faction`=84,`minlevel`=120, `maxlevel`=120, `npcflag`=1 WHERE `entry`=144127;
UPDATE `creature_template` SET `faction`=84,`minlevel`=120, `maxlevel`=120, `npcflag`=1 WHERE `entry`=144163;
UPDATE `creature_template` SET `faction`=84,`minlevel`=120, `maxlevel`=120, `npcflag`=0 WHERE `entry`=144154;
UPDATE `creature_template` SET `faction`=84,`minlevel`=120, `maxlevel`=120, `npcflag`=0 WHERE `entry`=144156;
UPDATE `creature_template` SET `faction`=84,`minlevel`=120, `maxlevel`=120, `npcflag`=0 WHERE `entry`=144132;
UPDATE `creature_template` SET `faction`=84,`minlevel`=120, `maxlevel`=120, `npcflag`=1 WHERE `entry`=144126;

DELETE FROM `quest_poi` WHERE (`QuestID`=51486 AND `BlobIndex`=0 AND `Idx1`=1) OR (`QuestID`=51486 AND `BlobIndex`=0 AND `Idx1`=0);
INSERT INTO `quest_poi` (`QuestID`, `BlobIndex`, `Idx1`, `ObjectiveIndex`, `QuestObjectiveID`, `QuestObjectID`, `MapID`, `UiMapID`, `Priority`, `Flags`, `WorldEffectID`, `PlayerConditionID`, `SpawnTrackingID`, `AlwaysAllowMergingBlobs`, `VerifiedBuild`) VALUES
(51486, 0, 1, 32, 0, 0, 1865, 971, 0, 0, 0, 0, 1430507, 0, 31478), -- 51486
(51486, 0, 0, -1, 0, 0, 0, 84, 0, 0, 0, 0, 1456603, 0, 31478); -- 51486

DELETE FROM `quest_poi_points` WHERE (`QuestID`=51486 AND `Idx1`=1 AND `Idx2`=0) OR (`QuestID`=51486 AND `Idx1`=0 AND `Idx2`=0);
INSERT INTO `quest_poi_points` (`QuestID`, `Idx1`, `Idx2`, `X`, `Y`, `VerifiedBuild`) VALUES
(51486, 1, 0, 2138, 3319, 31478), -- 51486
(51486, 0, 0, -8173, 801, 31478); -- 51486

DELETE FROM `creature_queststarter` WHERE `id` = '144152';
INSERT INTO `creature_queststarter` (`id`, `quest`) VALUES ('144152', '51486');

DELETE FROM `quest_details` WHERE `ID`=51486;
INSERT INTO `quest_details` (`ID`, `Emote1`, `Emote2`, `Emote3`, `Emote4`, `EmoteDelay1`, `EmoteDelay2`, `EmoteDelay3`, `EmoteDelay4`, `VerifiedBuild`) VALUES
(51486, 1, 1, 0, 0, 0, 0, 0, 0, 31478); -- 51486


DELETE FROM `gameobject_template_addon` WHERE `entry` IN (203751 /*203751*/, 316736 /*316736*/, 298865 /*298865*/, 292769 /*292769*/, 292776 /*292776*/, 209059 /*209059*/, 204281 /*204281*/, 209039 /*209039*/, 273855 /*273855*/, 273853 /*273853*/, 259008 /*259008*/, 301297 /*301297*/, 301298 /*301298*/, 301299 /*301299*/, 301350 /*301350*/, 299341 /*299341*/, 299338 /*299338*/, 299340 /*299340*/, 301282 /*301282*/);
INSERT INTO `gameobject_template_addon` (`entry`, `faction`, `flags`) VALUES
(203751, 0, 4), -- 203751
(316736, 0, 262176), -- 316736
(298865, 0, 262176), -- 298865
(292769, 1375, 0), -- 292769
(292776, 1375, 0), -- 292776
(209059, 0, 4), -- 209059
(204281, 94, 4), -- 204281
(209039, 0, 32), -- 209039
(273855, 0, 262176), -- 273855
(273853, 0, 262176), -- 273853
(259008, 1375, 1048608), -- 259008
(301297, 114, 34), -- 301297
(301298, 0, 32), -- 301298
(301299, 0, 32), -- 301299
(301350, 0, 32), -- 301350
(299341, 114, 32), -- 299341
(299338, 114, 32), -- 299338
(299340, 114, 32), -- 299340
(301282, 114, 32); -- 301282

DELETE FROM `quest_offer_reward` WHERE `ID`=51486;
INSERT INTO `quest_offer_reward` (`ID`, `Emote1`, `Emote2`, `Emote3`, `Emote4`, `EmoteDelay1`, `EmoteDelay2`, `EmoteDelay3`, `EmoteDelay4`, `RewardText`, `VerifiedBuild`) VALUES
(51486, 5, 0, 0, 0, 0, 0, 0, 0, 'Ah, there you are, $n! We\'ve been inspecting--err--expecting you!', 31478); -- 51486

DELETE FROM `quest_poi` WHERE (`QuestID`=53500 AND `BlobIndex`=0 AND `Idx1`=2) OR (`QuestID`=53500 AND `BlobIndex`=0 AND `Idx1`=1) OR (`QuestID`=53500 AND `BlobIndex`=0 AND `Idx1`=0) OR (`QuestID`=51486 AND `BlobIndex`=0 AND `Idx1`=1) OR (`QuestID`=51486 AND `BlobIndex`=0 AND `Idx1`=0);
INSERT INTO `quest_poi` (`QuestID`, `BlobIndex`, `Idx1`, `ObjectiveIndex`, `QuestObjectiveID`, `QuestObjectID`, `MapID`, `UiMapID`, `Priority`, `Flags`, `WorldEffectID`, `PlayerConditionID`, `SpawnTrackingID`, `AlwaysAllowMergingBlobs`, `VerifiedBuild`) VALUES
(53500, 0, 2, 32, 0, 0, 0, 84, 0, 0, 0, 0, 1456603, 0, 31478), -- 53500
(53500, 0, 1, 0, 341543, 69374, 0, 84, 0, 2, 0, 0, 0, 0, 31478), -- 53500
(53500, 0, 0, -1, 0, 0, 0, 84, 0, 0, 0, 0, 1618868, 0, 31478), -- 53500
(51486, 0, 1, 32, 0, 0, 1865, 971, 0, 0, 0, 0, 1430507, 0, 31478), -- 51486
(51486, 0, 0, -1, 0, 0, 0, 84, 0, 0, 0, 0, 1456603, 0, 31478); -- 51486

DELETE FROM `quest_poi_points` WHERE (`QuestID`=53500 AND `Idx1`=2 AND `Idx2`=0) OR (`QuestID`=53500 AND `Idx1`=1 AND `Idx2`=0) OR (`QuestID`=53500 AND `Idx1`=0 AND `Idx2`=0) OR (`QuestID`=51486 AND `Idx1`=1 AND `Idx2`=0) OR (`QuestID`=51486 AND `Idx1`=0 AND `Idx2`=0);
INSERT INTO `quest_poi_points` (`QuestID`, `Idx1`, `Idx2`, `X`, `Y`, `VerifiedBuild`) VALUES
(53500, 2, 0, -8173, 801, 31478), -- 53500
(53500, 1, 0, -8343, 641, 31478), -- 53500
(53500, 0, 0, -8340, 637, 31478), -- 53500
(51486, 1, 0, 2138, 3319, 31478), -- 51486
(51486, 0, 0, -8173, 801, 31478); -- 51486


DELETE FROM `quest_details` WHERE `ID` IN (53500 /*53500*/, 51486 /*51486*/);
INSERT INTO `quest_details` (`ID`, `Emote1`, `Emote2`, `Emote3`, `Emote4`, `EmoteDelay1`, `EmoteDelay2`, `EmoteDelay3`, `EmoteDelay4`, `VerifiedBuild`) VALUES
(53500, 1, 5, 0, 0, 0, 5000, 0, 0, 31478), -- 53500
(51486, 1, 1, 0, 0, 0, 0, 0, 0, 31478); -- 51486

SET @CGUID := 760000000;
SET @OGUID := 760000000;

DELETE FROM `creature` WHERE `guid` BETWEEN @CGUID+0 AND @CGUID+92;
INSERT INTO `creature` (`guid`, `id`, `map`, `zoneId`, `areaId`, `spawnDifficulties`, `PhaseId`, `PhaseGroup`, `modelid`, `equipment_id`, `position_x`, `position_y`, `position_z`, `orientation`, `spawntimesecs`, `spawndist`, `currentwaypoint`, `curhealth`, `curmana`, `MovementType`, `npcflag`, `unit_flags`, `dynamicflags`, `VerifiedBuild`) VALUES
(@CGUID+0, 144126, 2081, 10028, 10028, '0', '0', 0, 0, 0, 1610.1800537109375, 597.67901611328125, 229.677001953125, 3.172450065612792968, 7200, 0, 0, 34688, 590210, 0, 0, 0, 0, 31478), -- 144126 (Area: 10028 - Difficulty: 0)
(@CGUID+1, 144132, 2081, 10028, 10028, '0', '0', 0, 0, 0, 1606.81005859375, 482.704986572265625, 223.2969970703125, 0.818343997001647949, 7200, 0, 0, 216805, 0, 0, 0, 0, 0, 31478), -- 144132 (Area: 10028 - Difficulty: 0)
(@CGUID+2, 144126, 2081, 10028, 10028, '0', '0', 0, 0, 0, 1595.6800537109375, 591.7340087890625, 229.677001953125, 0.925235986709594726, 7200, 0, 0, 34688, 590210, 0, 0, 0, 0, 31478), -- 144126 (Area: 10028 - Difficulty: 0)
(@CGUID+3, 144156, 2081, 10028, 10028, '0', '0', 0, 0, 0, 1634.75, 525.08697509765625, 201.477996826171875, 3.227869987487792968, 7200, 0, 0, 86722, 0, 0, 0, 0, 0, 31478), -- 144156 (Area: 10028 - Difficulty: 0)
(@CGUID+4, 144154, 2081, 10028, 10028, '0', '0', 0, 0, 0, 1631.1600341796875, 513.22698974609375, 201.4799957275390625, 2.064389944076538085, 7200, 0, 0, 867220, 295105, 0, 0, 0, 0, 31478), -- 144154 (Area: 10028 - Difficulty: 0)
(@CGUID+5, 144163, 2081, 10028, 10028, '0', '0', 0, 0, 0, 1625.25, 589.21502685546875, 229.677001953125, 3.701250076293945312, 7200, 0, 0, 216805, 0, 0, 0, 0, 0, 31478), -- 144163 (Area: 10028 - Difficulty: 0) (Auras: 3417 - 3417, 14869 - 14869)
(@CGUID+6, 144127, 2081, 10028, 10028, '0', '0', 0, 0, 0, 1613.449951171875, 578.60797119140625, 229.677001953125, 3.294729948043823242, 7200, 0, 0, 43361, 0, 0, 0, 0, 0, 31478), -- 144127 (Area: 10028 - Difficulty: 0)
(@CGUID+7, 144135, 2081, 10028, 10028, '0', '0', 0, 0, 0, 1598.8399658203125, 489.5419921875, 223.28399658203125, 0.701026976108551025, 7200, 0, 0, 216805, 0, 0, 0, 0, 0, 31478), -- 144135 (Area: 10028 - Difficulty: 0)
(@CGUID+8, 144122, 2081, 10028, 10028, '0', '0', 0, 0, 0, 1632.144287109375, 568.1961669921875, 223.3548583984375, 1.3695068359375, 7200, 10, 0, 54201, 0, 1, 0, 0, 0, 31478), -- 144122 (Area: 10028 - Difficulty: 0) (Auras: 8278 - 8278, 8279 - 8279) (possible waypoints or random movement)
(@CGUID+9, 144132, 2081, 10028, 10028, '0', '0', 0, 0, 0, 1675.5799560546875, 557.47601318359375, 222.949005126953125, 3.917700052261352539, 7200, 0, 0, 216805, 0, 0, 0, 0, 0, 31478), -- 144132 (Area: 10028 - Difficulty: 0)
(@CGUID+10, 144126, 2081, 10028, 10028, '0', '0', 0, 0, 0, 1630.5799560546875, 592.63702392578125, 229.677001953125, 0.908855974674224853, 7200, 0, 0, 34688, 590210, 0, 0, 0, 0, 31478), -- 144126 (Area: 10028 - Difficulty: 0)
(@CGUID+11, 144135, 2081, 10028, 10028, '0', '0', 0, 0, 0, 1612.1800537109375, 559.85198974609375, 229.6269989013671875, 0.593129992485046386, 7200, 0, 0, 216805, 0, 0, 0, 0, 0, 31478), -- 144135 (Area: 10028 - Difficulty: 0)
(@CGUID+12, 179317, 2081, 10028, 10028, '0', '0', 0, 0, 0, 1644.8265380859375, 528.75628662109375, 201.3978729248046875, 3.935754776000976562, 7200, 0, 0, 13704, 0, 0, 0, 0, 0, 31478), -- 179317 (Area: 10028 - Difficulty: 0)
(@CGUID+13, 144123, 2081, 10028, 10028, '0', '0', 0, 0, 0, 1606.6300048828125, 543.36602783203125, 201.6219940185546875, 1.081310033798217773, 7200, 0, 0, 216805, 590210, 0, 0, 0, 0, 31478), -- 144123 (Area: 10028 - Difficulty: 0)
(@CGUID+14, 144126, 2081, 10028, 10028, '0', '0', 0, 0, 0, 1610.56005859375, 582.76202392578125, 229.677001953125, 0.415378987789154052, 7200, 0, 0, 34688, 590210, 0, 0, 0, 0, 31478), -- 144126 (Area: 10028 - Difficulty: 0)
(@CGUID+15, 144122, 2081, 10028, 10028, '0', '0', 0, 0, 0, 1622.721923828125, 485.72076416015625, 223.3614349365234375, 0.817540347576141357, 7200, 10, 0, 54201, 0, 1, 0, 0, 0, 31478), -- 144122 (Area: 10028 - Difficulty: 0) (Auras: 8278 - 8278, 8279 - 8279) (possible waypoints or random movement)
(@CGUID+16, 144135, 2081, 10028, 10028, '0', '0', 0, 0, 0, 1644.3616943359375, 554.38372802734375, 223.3614501953125, 5.09439849853515625, 7200, 10, 0, 216805, 0, 1, 0, 0, 0, 31478), -- 144135 (Area: 10028 - Difficulty: 0) (possible waypoints or random movement)
(@CGUID+17, 144127, 2081, 10028, 10028, '0', '0', 0, 0, 0, 1629.77001953125, 594.7239990234375, 229.677001953125, 0.008508949540555477, 7200, 0, 0, 43361, 0, 0, 0, 0, 0, 31478), -- 144127 (Area: 10028 - Difficulty: 0)
(@CGUID+18, 144163, 2081, 10028, 10028, '0', '0', 0, 0, 0, 1616.93994140625, 588.78497314453125, 229.677001953125, 3.897890090942382812, 7200, 0, 0, 216805, 0, 0, 0, 0, 0, 31478), -- 144163 (Area: 10028 - Difficulty: 0) (Auras: 3417 - 3417, 14869 - 14869)
(@CGUID+19, 144152, 2081, 10028, 10028, '0', '0', 0, 0, 0, 1632.300048828125, 524.54901123046875, 201.4949951171875, 2.144989967346191406, 7200, 0, 0, 1734400, 590210, 0, 0, 0, 0, 31478), -- 144152 (Area: 10028 - Difficulty: 0)
(@CGUID+20, 73678, 2081, 10028, 10028, '0', '0', 0, 0, 0, 1616.2900390625, 565.41802978515625, 229.6280059814453125, 5.587739944458007812, 7200, 0, 0, 31, 0, 0, 0, 0, 0, 31478), -- 73678 (Area: 10028 - Difficulty: 0)
(@CGUID+21, 144135, 2081, 10028, 10028, '0', '0', 0, 0, 0, 1615.1572265625, 487.0604248046875, 223.3614349365234375, 3.937901020050048828, 7200, 10, 0, 216805, 0, 1, 0, 0, 0, 31478), -- 144135 (Area: 10028 - Difficulty: 0) (possible waypoints or random movement)
(@CGUID+22, 144132, 2081, 10028, 10028, '0', '0', 0, 0, 0, 1592.93994140625, 543.72698974609375, 223.38800048828125, 5.754449844360351562, 7200, 0, 0, 216805, 0, 0, 0, 0, 0, 31478), -- 144132 (Area: 10028 - Difficulty: 0)
(@CGUID+23, 144123, 2081, 10028, 10028, '0', '0', 0, 0, 0, 1573.550048828125, 565.8070068359375, 201.3350067138671875, 0.894465029239654541, 7200, 0, 0, 216805, 590210, 0, 0, 0, 0, 31478), -- 144123 (Area: 10028 - Difficulty: 0)
(@CGUID+24, 144126, 2081, 10028, 10028, '0', '0', 0, 0, 0, 1594.6700439453125, 593.64398193359375, 229.677001953125, 5.196219921112060546, 7200, 0, 0, 34688, 590210, 0, 0, 0, 0, 31478), -- 144126 (Area: 10028 - Difficulty: 0)
(@CGUID+25, 144127, 2081, 10028, 10028, '0', '0', 0, 0, 0, 1632.219970703125, 594.7449951171875, 229.677001953125, 3.812459945678710937, 7200, 0, 0, 43361, 0, 0, 0, 0, 0, 31478), -- 144127 (Area: 10028 - Difficulty: 0)
(@CGUID+26, 144163, 2081, 10028, 10028, '0', '0', 0, 0, 0, 1621.97998046875, 587.16802978515625, 229.677001953125, 4.522480010986328125, 7200, 0, 0, 216805, 0, 0, 0, 0, 0, 31478), -- 144163 (Area: 10028 - Difficulty: 0) (Auras: 3417 - 3417, 14869 - 14869)
(@CGUID+27, 73678, 2081, 10028, 10028, '0', '0', 0, 0, 0, 1634.8800048828125, 518.76702880859375, 201.4799957275390625, 0, 7200, 0, 0, 31, 0, 0, 0, 0, 0, 31478), -- 73678 (Area: 10028 - Difficulty: 0)
(@CGUID+28, 144127, 2081, 10028, 10028, '0', '0', 0, 0, 0, 1610.7099609375, 578.18402099609375, 229.677001953125, 0.502044975757598876, 7200, 0, 0, 43361, 0, 0, 0, 0, 0, 31478), -- 144127 (Area: 10028 - Difficulty: 0)
(@CGUID+29, 144123, 2081, 10028, 10028, '0', '0', 0, 0, 0, 1587.9100341796875, 590.09698486328125, 201.125, 3.812469959259033203, 7200, 0, 0, 216805, 590210, 0, 0, 0, 0, 31478), -- 144123 (Area: 10028 - Difficulty: 0)
(@CGUID+30, 144153, 2081, 10028, 10028, '0', '0', 0, 0, 0, 1629.77001953125, 514.83001708984375, 201.4799957275390625, 5.951230049133300781, 7200, 0, 0, 2168050, 0, 0, 0, 0, 0, 31478), -- 144153 (Area: 10028 - Difficulty: 0)
(@CGUID+31, 144126, 2081, 10028, 10028, '0', '0', 0, 0, 0, 1612.0899658203125, 585.85101318359375, 229.677001953125, 4.251200199127197265, 7200, 0, 0, 34688, 590210, 0, 0, 0, 0, 31478), -- 144126 (Area: 10028 - Difficulty: 0)
(@CGUID+32, 144123, 2081, 10028, 10028, '0', '0', 0, 0, 0, 1612.7099609375, 555.0050048828125, 201.6199951171875, 3.723390102386474609, 7200, 0, 0, 216805, 590210, 0, 0, 0, 0, 31478), -- 144123 (Area: 10028 - Difficulty: 0)
(@CGUID+33, 144163, 2081, 10028, 10028, '0', '0', 0, 0, 0, 1619.97998046875, 586.91802978515625, 229.677001953125, 0.124145001173019409, 7200, 0, 0, 216805, 0, 0, 0, 0, 0, 31478), -- 144163 (Area: 10028 - Difficulty: 0) (Auras: 3417 - 3417, 14869 - 14869)
(@CGUID+34, 144163, 2081, 10028, 10028, '0', '0', 0, 0, 0, 1621.3800048828125, 584.04302978515625, 229.677001953125, 2.024719953536987304, 7200, 0, 0, 216805, 0, 0, 0, 0, 0, 31478), -- 144163 (Area: 10028 - Difficulty: 0) (Auras: 3417 - 3417, 14869 - 14869)
(@CGUID+35, 144135, 2081, 10028, 10028, '0', '0', 0, 0, 0, 1644.4000244140625, 469.64801025390625, 223.3769989013671875, 1.857480049133300781, 7200, 0, 0, 216805, 0, 0, 0, 0, 0, 31478), -- 144135 (Area: 10028 - Difficulty: 0)
(@CGUID+36, 144123, 2081, 10028, 10028, '0', '0', 0, 0, 0, 1670.8900146484375, 473.90301513671875, 201.6190032958984375, 0.619047999382019042, 7200, 0, 0, 216805, 590210, 0, 0, 0, 0, 31478), -- 144123 (Area: 10028 - Difficulty: 0)
(@CGUID+37, 143567, 2081, 10028, 10028, '0', '0', 0, 0, 0, 1683.989990234375, 483.582000732421875, 201.6190032958984375, 1.698629975318908691, 7200, 0, 0, 223275, 0, 0, 0, 0, 0, 31478), -- 143567 (Area: 10028 - Difficulty: 0)
(@CGUID+38, 144126, 2081, 10028, 10028, '0', '0', 0, 0, 0, 1599.5, 596.81402587890625, 229.677001953125, 3.073709964752197265, 7200, 0, 0, 34688, 590210, 0, 0, 0, 0, 31478), -- 144126 (Area: 10028 - Difficulty: 0)
(@CGUID+39, 144127, 2081, 10028, 10028, '0', '0', 0, 0, 0, 1605.72998046875, 601.45001220703125, 229.677001953125, 5.580379962921142578, 7200, 0, 0, 43361, 0, 0, 0, 0, 0, 31478), -- 144127 (Area: 10028 - Difficulty: 0)
(@CGUID+40, 144126, 2081, 10028, 10028, '0', '0', 0, 0, 0, 1644.300048828125, 597.70001220703125, 229.677001953125, 3.376359939575195312, 7200, 0, 0, 34688, 590210, 0, 0, 0, 0, 31478), -- 144126 (Area: 10028 - Difficulty: 0)
(@CGUID+41, 144126, 2081, 10028, 10028, '0', '0', 0, 0, 0, 1642.449951171875, 597.25897216796875, 229.677001953125, 3.382410049438476562, 7200, 0, 0, 34688, 590210, 0, 0, 0, 0, 31478), -- 144126 (Area: 10028 - Difficulty: 0)
(@CGUID+42, 144127, 2081, 10028, 10028, '0', '0', 0, 0, 0, 1613.8399658203125, 601.9219970703125, 229.677001953125, 3.999739885330200195, 7200, 0, 0, 43361, 0, 0, 0, 0, 0, 31478), -- 144127 (Area: 10028 - Difficulty: 0)
(@CGUID+43, 144126, 2081, 10028, 10028, '0', '0', 0, 0, 0, 1594.0899658203125, 597.1820068359375, 229.677001953125, 4.875800132751464843, 7200, 0, 0, 34688, 590210, 0, 0, 0, 0, 31478), -- 144126 (Area: 10028 - Difficulty: 0)
(@CGUID+44, 144126, 2081, 10028, 10028, '0', '0', 0, 0, 0, 1632.27001953125, 605.42999267578125, 229.677001953125, 1.539369940757751464, 7200, 0, 0, 34688, 590210, 0, 0, 0, 0, 31478), -- 144126 (Area: 10028 - Difficulty: 0)
(@CGUID+45, 144126, 2081, 10028, 10028, '0', '0', 0, 0, 0, 1634.7099609375, 605.72900390625, 229.677001953125, 3.263339996337890625, 7200, 0, 0, 34688, 590210, 0, 0, 0, 0, 31478), -- 144126 (Area: 10028 - Difficulty: 0)
(@CGUID+46, 144126, 2081, 10028, 10028, '0', '0', 0, 0, 0, 1642.8199462890625, 600.3800048828125, 229.677001953125, 5.217589855194091796, 7200, 0, 0, 34688, 590210, 0, 0, 0, 0, 31478), -- 144126 (Area: 10028 - Difficulty: 0)
(@CGUID+47, 144127, 2081, 10028, 10028, '0', '0', 0, 0, 0, 1639.2900390625, 609.98101806640625, 229.677001953125, 3.88966989517211914, 7200, 0, 0, 43361, 0, 0, 0, 0, 0, 31478), -- 144127 (Area: 10028 - Difficulty: 0)
(@CGUID+48, 144135, 2081, 10028, 10028, '0', '0', 0, 0, 0, 1568.6795654296875, 596.2374267578125, 200.6214599609375, 5.4543609619140625, 7200, 10, 0, 216805, 0, 1, 0, 0, 0, 31478), -- 144135 (Area: 10028 - Difficulty: 0) (possible waypoints or random movement)
(@CGUID+49, 144163, 2081, 10028, 10028, '0', '0', 0, 0, 0, 1585.3499755859375, 610.09698486328125, 223.6269989013671875, 4.030280113220214843, 7200, 0, 0, 216805, 0, 0, 0, 0, 0, 31478), -- 144163 (Area: 10028 - Difficulty: 0) (Auras: 3417 - 3417, 14869 - 14869)
(@CGUID+50, 144127, 2081, 10028, 10028, '0', '0', 0, 0, 0, 1632.3699951171875, 608.74298095703125, 229.677001953125, 4.68096017837524414, 7200, 0, 0, 43361, 0, 0, 0, 0, 0, 31478), -- 144127 (Area: 10028 - Difficulty: 0)
(@CGUID+51, 144126, 2081, 10028, 10028, '0', '0', 0, 0, 0, 1582.239990234375, 606.27099609375, 223.6280059814453125, 5.628729820251464843, 7200, 0, 0, 34688, 590210, 0, 0, 0, 0, 31478), -- 144126 (Area: 10028 - Difficulty: 0)
(@CGUID+52, 144129, 2081, 10028, 10028, '0', '0', 0, 0, 0, 1623.41796875, 615.6505126953125, 230.3340301513671875, 5.21346282958984375, 7200, 10, 0, 520332, 2360840, 1, 0, 0, 0, 31478), -- 144129 (Area: 10028 - Difficulty: 0) (Auras: 13787 - 13787) (possible waypoints or random movement)
(@CGUID+53, 144122, 2081, 10028, 10028, '0', '0', 0, 0, 0, 1553.886962890625, 595.091796875, 200.4375152587890625, 4.236046791076660156, 7200, 10, 0, 54201, 0, 1, 0, 0, 0, 31478), -- 144122 (Area: 10028 - Difficulty: 0) (Auras: 8278 - 8278, 8279 - 8279) (possible waypoints or random movement)
(@CGUID+54, 144127, 2081, 10028, 10028, '0', '0', 0, 0, 0, 1607.4100341796875, 620.63201904296875, 223.623992919921875, 2.75896000862121582, 7200, 0, 0, 43361, 0, 0, 0, 0, 0, 31478), -- 144127 (Area: 10028 - Difficulty: 0)
(@CGUID+55, 144163, 2081, 10028, 10028, '0', '0', 0, 0, 0, 1598.4100341796875, 624.25701904296875, 223.626007080078125, 3.787290096282958984, 7200, 0, 0, 216805, 0, 0, 0, 0, 0, 31478), -- 144163 (Area: 10028 - Difficulty: 0) (Auras: 3417 - 3417, 14869 - 14869)
(@CGUID+56, 144126, 2081, 10028, 10028, '0', '0', 0, 0, 0, 1562.949951171875, 614.90301513671875, 223.6280059814453125, 1.402789950370788574, 7200, 0, 0, 34688, 590210, 0, 0, 0, 0, 31478), -- 144126 (Area: 10028 - Difficulty: 0)
(@CGUID+57, 144126, 2081, 10028, 10028, '0', '0', 0, 0, 0, 1565.780029296875, 610.03802490234375, 223.6280059814453125, 2.097409963607788085, 7200, 0, 0, 34688, 590210, 0, 0, 0, 0, 31478), -- 144126 (Area: 10028 - Difficulty: 0)
(@CGUID+58, 144127, 2081, 10028, 10028, '0', '0', 0, 0, 0, 1569.239990234375, 617.3179931640625, 223.6280059814453125, 3.508450031280517578, 7200, 0, 0, 43361, 0, 0, 0, 0, 0, 31478), -- 144127 (Area: 10028 - Difficulty: 0)
(@CGUID+59, 144163, 2081, 10028, 10028, '0', '0', 0, 0, 0, 1595.8699951171875, 622.34698486328125, 223.626007080078125, 6.135650157928466796, 7200, 0, 0, 216805, 0, 0, 0, 0, 0, 31478), -- 144163 (Area: 10028 - Difficulty: 0) (Auras: 3417 - 3417, 14869 - 14869)
(@CGUID+60, 144130, 2081, 10028, 10028, '0', '0', 0, 0, 0, 1582.3515625, 619.10321044921875, 223.544219970703125, 0.104439258575439453, 7200, 10, 0, 216805, 0, 1, 0, 0, 0, 31478), -- 144130 (Area: 10028 - Difficulty: 0) (possible waypoints or random movement)
(@CGUID+61, 144123, 2081, 10028, 10028, '0', '0', 0, 0, 0, 1544.050048828125, 586.03302001953125, 200.561004638671875, 0.79428797960281372, 7200, 0, 0, 216805, 590210, 0, 0, 0, 0, 31478), -- 144123 (Area: 10028 - Difficulty: 0)
(@CGUID+62, 144127, 2081, 10028, 10028, '0', '0', 0, 0, 0, 1576.699951171875, 630.16497802734375, 223.6280059814453125, 2.721669912338256835, 7200, 0, 0, 43361, 0, 0, 0, 0, 0, 31478), -- 144127 (Area: 10028 - Difficulty: 0)
(@CGUID+63, 144126, 2081, 10028, 10028, '0', '0', 0, 0, 0, 1572.6800537109375, 624.7760009765625, 223.6280059814453125, 0.92915499210357666, 7200, 0, 0, 34688, 590210, 0, 0, 0, 0, 31478), -- 144126 (Area: 10028 - Difficulty: 0)
(@CGUID+64, 144163, 2081, 10028, 10028, '0', '0', 0, 0, 0, 1562.030029296875, 616.73297119140625, 223.6280059814453125, 5.181350231170654296, 7200, 0, 0, 216805, 0, 0, 0, 0, 0, 31478), -- 144163 (Area: 10028 - Difficulty: 0) (Auras: 3417 - 3417, 14869 - 14869)
(@CGUID+65, 144127, 2081, 10028, 10028, '0', '0', 0, 0, 0, 1564.43994140625, 623.66497802734375, 223.6280059814453125, 5.35973978042602539, 7200, 0, 0, 43361, 0, 0, 0, 0, 0, 31478), -- 144127 (Area: 10028 - Difficulty: 0)
(@CGUID+66, 144123, 2081, 10028, 10028, '0', '0', 0, 0, 0, 1564.22998046875, 619.78497314453125, 200.1820068359375, 3.748960018157958984, 7200, 0, 0, 216805, 590210, 0, 0, 0, 0, 31478), -- 144123 (Area: 10028 - Difficulty: 0)
(@CGUID+67, 144163, 2081, 10028, 10028, '0', '0', 0, 0, 0, 1560.989990234375, 626.8280029296875, 223.6280059814453125, 5.540820121765136718, 7200, 0, 0, 216805, 0, 0, 0, 0, 0, 31478), -- 144163 (Area: 10028 - Difficulty: 0) (Auras: 3417 - 3417, 14869 - 14869)
(@CGUID+68, 144127, 2081, 10028, 10028, '0', '0', 0, 0, 0, 1616.1099853515625, 628.5679931640625, 223.6230010986328125, 5.171100139617919921, 7200, 0, 0, 43361, 0, 0, 0, 0, 0, 31478), -- 144127 (Area: 10028 - Difficulty: 0)
(@CGUID+69, 144126, 2081, 10028, 10028, '0', '0', 0, 0, 0, 1568.7099609375, 633.7340087890625, 223.6280059814453125, 5.129429817199707031, 7200, 0, 0, 34688, 590210, 0, 0, 0, 0, 31478), -- 144126 (Area: 10028 - Difficulty: 0)
(@CGUID+70, 144127, 2081, 10028, 10028, '0', '0', 0, 0, 0, 1616.93994140625, 626.8800048828125, 223.6230010986328125, 0.494500011205673217, 7200, 0, 0, 43361, 0, 0, 0, 0, 0, 31478), -- 144127 (Area: 10028 - Difficulty: 0)
(@CGUID+71, 144135, 2081, 10028, 10028, '0', '0', 0, 0, 0, 1541.5400390625, 632.86798095703125, 199.5319976806640625, 5.399310111999511718, 7200, 0, 0, 216805, 0, 0, 0, 0, 0, 31478), -- 144135 (Area: 10028 - Difficulty: 0)
(@CGUID+72, 144163, 2081, 10028, 10028, '0', '0', 0, 0, 0, 1585.489990234375, 641.43798828125, 223.6280059814453125, 1.53582000732421875, 7200, 0, 0, 216805, 0, 0, 0, 0, 0, 31478), -- 144163 (Area: 10028 - Difficulty: 0) (Auras: 3417 - 3417, 14869 - 14869)
(@CGUID+73, 144127, 2081, 10028, 10028, '0', '0', 0, 0, 0, 1580.02001953125, 638.54498291015625, 223.6280059814453125, 3.474390029907226562, 7200, 0, 0, 43361, 0, 0, 0, 0, 0, 31478), -- 144127 (Area: 10028 - Difficulty: 0)
(@CGUID+74, 144126, 2081, 10028, 10028, '0', '0', 0, 0, 0, 1576.1600341796875, 642.02801513671875, 223.6280059814453125, 4.704480171203613281, 7200, 0, 0, 34688, 590210, 0, 0, 0, 0, 31478), -- 144126 (Area: 10028 - Difficulty: 0)
(@CGUID+75, 144135, 2081, 10028, 10028, '0', '0', 0, 0, 0, 1527.050048828125, 614.65802001953125, 199.615997314453125, 5.680809974670410156, 7200, 0, 0, 216805, 0, 0, 0, 0, 0, 31478), -- 144135 (Area: 10028 - Difficulty: 0)
(@CGUID+76, 144127, 2081, 10028, 10028, '0', '0', 0, 0, 0, 1576.1199951171875, 637.197998046875, 223.6280059814453125, 4.794410228729248046, 7200, 0, 0, 43361, 0, 0, 0, 0, 0, 31478), -- 144127 (Area: 10028 - Difficulty: 0)
(@CGUID+77, 144126, 2081, 10028, 10028, '0', '0', 0, 0, 0, 1584.47998046875, 645.14398193359375, 223.6280059814453125, 1.093340039253234863, 7200, 0, 0, 34688, 590210, 0, 0, 0, 0, 31478), -- 144126 (Area: 10028 - Difficulty: 0)
(@CGUID+78, 144126, 2081, 10028, 10028, '0', '0', 0, 0, 0, 1585.699951171875, 647.489990234375, 223.6280059814453125, 3.963069915771484375, 7200, 0, 0, 34688, 590210, 0, 0, 0, 0, 31478), -- 144126 (Area: 10028 - Difficulty: 0)
(@CGUID+79, 144119, 2081, 10028, 10028, '0', '0', 0, 0, 0, 1494.8680419921875, 639.86474609375, 200.2778778076171875, 2.033549785614013671, 7200, 0, 0, 216805, 0, 0, 0, 0, 0, 31478), -- 144119 (Area: 10028 - Difficulty: 0) (Auras: 15088 - 15088, 15097 - 15097)
(@CGUID+80, 144124, 2081, 10028, 10028, '0', '0', 0, 0, 0, 1481.9100341796875, 643.49102783203125, 200.746002197265625, 0.65142899751663208, 7200, 0, 0, 867220, 0, 0, 0, 0, 0, 31478), -- 144124 (Area: 10028 - Difficulty: 0)
(@CGUID+81, 144124, 2081, 10028, 10028, '0', '0', 0, 0, 0, 1483.93994140625, 640.8070068359375, 200.634002685546875, 0.83481299877166748, 7200, 0, 0, 867220, 0, 0, 0, 0, 0, 31478), -- 144124 (Area: 10028 - Difficulty: 0)
(@CGUID+82, 144124, 2081, 10028, 10028, '0', '0', 0, 0, 0, 1487.030029296875, 638.05401611328125, 200.496002197265625, 1.05606997013092041, 7200, 0, 0, 867220, 0, 0, 0, 0, 0, 31478), -- 144124 (Area: 10028 - Difficulty: 0)
(@CGUID+83, 144124, 2081, 10028, 10028, '0', '0', 0, 0, 0, 1476.760009765625, 647.93597412109375, 200.9730072021484375, 0.322638005018234252, 7200, 0, 0, 867220, 0, 0, 0, 0, 0, 31478), -- 144124 (Area: 10028 - Difficulty: 0)
(@CGUID+84, 144124, 2081, 10028, 10028, '0', '0', 0, 0, 0, 1479.1300048828125, 645.89398193359375, 200.8690032958984375, 0.463149011135101318, 7200, 0, 0, 867220, 0, 0, 0, 0, 0, 31478), -- 144124 (Area: 10028 - Difficulty: 0)
(@CGUID+85, 73678, 2081, 10028, 10028, '0', '0', 0, 0, 0, 1471.8599853515625, 679.57098388671875, 201.5919952392578125, 2.377880096435546875, 7200, 0, 0, 31, 0, 0, 0, 0, 0, 31478), -- 73678 (Area: 10028 - Difficulty: 0)
(@CGUID+86, 144132, 2081, 10028, 10028, '0', '0', 0, 0, 0, 1584.6300048828125, 667.04998779296875, 219.25799560546875, 5.285270214080810546, 7200, 0, 0, 216805, 0, 0, 0, 0, 0, 31478), -- 144132 (Area: 10028 - Difficulty: 0)
(@CGUID+87, 144135, 2081, 10028, 10028, '0', '0', 0, 0, 0, 1679.47998046875, 473.233001708984375, 201.6190032958984375, 2.218830108642578125, 7200, 0, 0, 216805, 0, 0, 0, 0, 0, 31478), -- 144135 (Area: 10028 - Difficulty: 0)
(@CGUID+88, 144125, 2081, 10028, 10028, '0', '0', 0, 0, 0, 1579.989990234375, 483.246002197265625, 223.0980072021484375, 0.953440010547637939, 7200, 0, 0, 43361, 295105, 0, 0, 0, 0, 31478), -- 144125 (Area: 10028 - Difficulty: 0) (Auras: 133464 - 133464)
(@CGUID+89, 144135, 2081, 10028, 10028, '0', '0', 0, 0, 0, 1591.8599853515625, 466.610992431640625, 223.0980072021484375, 0.745486974716186523, 7200, 0, 0, 216805, 0, 0, 0, 0, 0, 31478), -- 144135 (Area: 10028 - Difficulty: 0)
(@CGUID+90, 144132, 2081, 10028, 10028, '0', '0', 0, 0, 0, 1644.1300048828125, 439.121002197265625, 223.44500732421875, 2.001919984817504882, 7200, 0, 0, 216805, 0, 0, 0, 0, 0, 31478), -- 144132 (Area: 10028 - Difficulty: 0)
(@CGUID+91, 144133, 2081, 10028, 10028, '0', '0', 0, 0, 0, 1719.300048828125, 469.516998291015625, 202.602996826171875, 1.001889944076538085, 7200, 0, 0, 56369, 0, 0, 0, 0, 0, 31478), -- 144133 (Area: 10028 - Difficulty: 0)
(@CGUID+92, 144132, 2081, 10028, 10028, '0', '0', 0, 0, 0, 1715.0799560546875, 456.25201416015625, 201.884002685546875, 3.09516000747680664, 7200, 0, 0, 216805, 0, 0, 0, 0, 0, 31478); -- 144132 (Area: 10028 - Difficulty: 0)

DELETE FROM `creature_addon` WHERE `guid` BETWEEN @CGUID+0 AND @CGUID+92;
INSERT INTO `creature_addon` (`guid`, `path_id`, `mount`, `bytes1`, `bytes2`, `emote`, `aiAnimKit`, `movementAnimKit`, `meleeAnimKit`, `auras`) VALUES
(@CGUID+0, 0, 0, 0, 1, 0, 0, 0, 0, ''), -- 144126
(@CGUID+1, 0, 0, 0, 1, 0, 0, 0, 0, ''), -- 144132
(@CGUID+2, 0, 0, 0, 1, 0, 0, 0, 0, ''), -- 144126
(@CGUID+3, 0, 0, 0, 1, 0, 0, 0, 0, ''), -- 144156
(@CGUID+4, 0, 0, 0, 0, 0, 0, 0, 0, ''), -- 144154
(@CGUID+5, 0, 0, 0, 0, 0, 0, 0, 0, '3417 14869'), -- 144163 - 3417 - 3417, 14869 - 14869
(@CGUID+6, 0, 0, 0, 1, 0, 0, 0, 0, ''), -- 144127
(@CGUID+7, 0, 0, 0, 1, 0, 0, 0, 0, ''), -- 144135
(@CGUID+8, 0, 0, 0, 1, 0, 0, 0, 0, '8278 8279'), -- 144122 - 8278 - 8278, 8279 - 8279
(@CGUID+9, 0, 0, 0, 1, 0, 0, 0, 0, ''), -- 144132
(@CGUID+10, 0, 0, 0, 1, 0, 0, 0, 0, ''), -- 144126
(@CGUID+11, 0, 0, 0, 1, 0, 0, 0, 0, ''), -- 144135
(@CGUID+12, 0, 29344, 0, 1, 0, 0, 0, 0, ''), -- 179317
(@CGUID+13, 0, 0, 0, 1, 0, 0, 0, 0, ''), -- 144123
(@CGUID+14, 0, 0, 0, 1, 0, 0, 0, 0, ''), -- 144126
(@CGUID+15, 0, 0, 0, 1, 0, 0, 0, 0, '8278 8279'), -- 144122 - 8278 - 8278, 8279 - 8279
(@CGUID+16, 0, 0, 0, 1, 0, 0, 0, 0, ''), -- 144135
(@CGUID+17, 0, 0, 0, 1, 0, 0, 0, 0, ''), -- 144127
(@CGUID+18, 0, 0, 0, 1, 0, 0, 0, 0, '3417 14869'), -- 144163 - 3417 - 3417, 14869 - 14869
(@CGUID+19, 0, 0, 0, 0, 0, 0, 0, 0, ''), -- 144152
(@CGUID+20, 0, 0, 0, 1, 0, 0, 0, 0, ''), -- 73678
(@CGUID+21, 0, 0, 0, 1, 0, 0, 0, 0, ''), -- 144135
(@CGUID+22, 0, 0, 0, 1, 0, 0, 0, 0, ''), -- 144132
(@CGUID+23, 0, 0, 0, 1, 0, 0, 0, 0, ''), -- 144123
(@CGUID+24, 0, 0, 0, 1, 0, 0, 0, 0, ''), -- 144126
(@CGUID+25, 0, 0, 0, 0, 0, 0, 0, 0, ''), -- 144127
(@CGUID+26, 0, 0, 0, 1, 0, 0, 0, 0, '3417 14869'), -- 144163 - 3417 - 3417, 14869 - 14869
(@CGUID+27, 0, 0, 0, 1, 0, 0, 0, 0, ''), -- 73678
(@CGUID+28, 0, 0, 0, 0, 0, 0, 0, 0, ''), -- 144127
(@CGUID+29, 0, 0, 0, 1, 0, 0, 0, 0, ''), -- 144123
(@CGUID+30, 0, 0, 0, 0, 0, 0, 0, 0, ''), -- 144153
(@CGUID+31, 0, 0, 0, 1, 0, 0, 0, 0, ''), -- 144126
(@CGUID+32, 0, 0, 0, 1, 0, 0, 0, 0, ''), -- 144123
(@CGUID+33, 0, 0, 0, 0, 0, 0, 0, 0, '3417 14869'), -- 144163 - 3417 - 3417, 14869 - 14869
(@CGUID+34, 0, 0, 0, 0, 0, 0, 0, 0, '3417 14869'), -- 144163 - 3417 - 3417, 14869 - 14869
(@CGUID+35, 0, 0, 0, 1, 0, 0, 0, 0, ''), -- 144135
(@CGUID+36, 0, 0, 0, 1, 0, 0, 0, 0, ''), -- 144123
(@CGUID+37, 0, 0, 0, 1, 0, 0, 0, 0, ''), -- 143567
(@CGUID+38, 0, 0, 0, 1, 0, 0, 0, 0, ''), -- 144126
(@CGUID+39, 0, 0, 0, 1, 0, 0, 0, 0, ''), -- 144127
(@CGUID+40, 0, 0, 0, 1, 0, 0, 0, 0, ''), -- 144126
(@CGUID+41, 0, 0, 0, 0, 0, 0, 0, 0, ''), -- 144126
(@CGUID+42, 0, 0, 0, 1, 0, 0, 0, 0, ''), -- 144127
(@CGUID+43, 0, 0, 0, 1, 0, 0, 0, 0, ''), -- 144126
(@CGUID+44, 0, 0, 0, 0, 0, 0, 0, 0, ''), -- 144126
(@CGUID+45, 0, 0, 0, 1, 0, 0, 0, 0, ''), -- 144126
(@CGUID+46, 0, 0, 0, 1, 0, 0, 0, 0, ''), -- 144126
(@CGUID+47, 0, 0, 0, 1, 0, 0, 0, 0, ''), -- 144127
(@CGUID+48, 0, 0, 0, 1, 0, 0, 0, 0, ''), -- 144135
(@CGUID+49, 0, 0, 0, 1, 0, 0, 0, 0, '3417 14869'), -- 144163 - 3417 - 3417, 14869 - 14869
(@CGUID+50, 0, 0, 0, 1, 0, 0, 0, 0, ''), -- 144127
(@CGUID+51, 0, 0, 0, 1, 0, 0, 0, 0, ''), -- 144126
(@CGUID+52, 0, 0, 0, 1, 0, 0, 0, 0, '13787'), -- 144129 - 13787 - 13787
(@CGUID+53, 0, 0, 0, 1, 0, 0, 0, 0, '8278 8279'), -- 144122 - 8278 - 8278, 8279 - 8279
(@CGUID+54, 0, 0, 0, 1, 0, 0, 0, 0, ''), -- 144127
(@CGUID+55, 0, 0, 0, 1, 0, 0, 0, 0, '3417 14869'), -- 144163 - 3417 - 3417, 14869 - 14869
(@CGUID+56, 0, 0, 0, 1, 0, 0, 0, 0, ''), -- 144126
(@CGUID+57, 0, 0, 0, 1, 0, 0, 0, 0, ''), -- 144126
(@CGUID+58, 0, 0, 0, 1, 0, 0, 0, 0, ''), -- 144127
(@CGUID+59, 0, 0, 0, 1, 0, 0, 0, 0, '3417 14869'), -- 144163 - 3417 - 3417, 14869 - 14869
(@CGUID+60, 0, 0, 0, 1, 0, 0, 0, 0, ''), -- 144130
(@CGUID+61, 0, 0, 0, 1, 0, 0, 0, 0, ''), -- 144123
(@CGUID+62, 0, 0, 0, 1, 0, 0, 0, 0, ''), -- 144127
(@CGUID+63, 0, 0, 0, 1, 0, 0, 0, 0, ''), -- 144126
(@CGUID+64, 0, 0, 0, 1, 0, 0, 0, 0, '3417 14869'), -- 144163 - 3417 - 3417, 14869 - 14869
(@CGUID+65, 0, 0, 0, 1, 0, 0, 0, 0, ''), -- 144127
(@CGUID+66, 0, 0, 0, 1, 0, 0, 0, 0, ''), -- 144123
(@CGUID+67, 0, 0, 0, 1, 0, 0, 0, 0, '3417 14869'), -- 144163 - 3417 - 3417, 14869 - 14869
(@CGUID+68, 0, 0, 0, 1, 0, 0, 0, 0, ''), -- 144127
(@CGUID+69, 0, 0, 0, 1, 0, 0, 0, 0, ''), -- 144126
(@CGUID+70, 0, 0, 0, 1, 0, 0, 0, 0, ''), -- 144127
(@CGUID+71, 0, 0, 0, 1, 0, 0, 0, 0, ''), -- 144135
(@CGUID+72, 0, 0, 0, 1, 0, 0, 0, 0, '3417 14869'), -- 144163 - 3417 - 3417, 14869 - 14869
(@CGUID+73, 0, 0, 0, 1, 0, 0, 0, 0, ''), -- 144127
(@CGUID+74, 0, 0, 0, 1, 0, 0, 0, 0, ''), -- 144126
(@CGUID+75, 0, 0, 0, 1, 0, 0, 0, 0, ''), -- 144135
(@CGUID+76, 0, 0, 0, 1, 0, 0, 0, 0, ''), -- 144127
(@CGUID+77, 0, 0, 0, 1, 0, 0, 0, 0, ''), -- 144126
(@CGUID+78, 0, 0, 0, 1, 0, 0, 0, 0, ''), -- 144126
(@CGUID+79, 0, 0, 0, 1, 0, 0, 0, 0, '15088 15097'), -- 144119 - 15088 - 15088, 15097 - 15097
(@CGUID+80, 0, 0, 0, 1, 0, 0, 0, 0, ''), -- 144124
(@CGUID+81, 0, 0, 0, 1, 0, 0, 0, 0, ''), -- 144124
(@CGUID+82, 0, 0, 0, 1, 0, 0, 0, 0, ''), -- 144124
(@CGUID+83, 0, 0, 0, 1, 0, 0, 0, 0, ''), -- 144124
(@CGUID+84, 0, 0, 0, 1, 0, 0, 0, 0, ''), -- 144124
(@CGUID+85, 0, 0, 0, 1, 0, 0, 0, 0, ''), -- 73678
(@CGUID+86, 0, 0, 0, 1, 0, 0, 0, 0, ''), -- 144132
(@CGUID+87, 0, 0, 0, 1, 0, 0, 0, 0, ''), -- 144135
(@CGUID+88, 0, 0, 0, 1, 0, 0, 0, 0, '133464'), -- 144125 - 133464 - 133464
(@CGUID+89, 0, 0, 0, 1, 0, 0, 0, 0, ''), -- 144135
(@CGUID+90, 0, 0, 0, 1, 0, 0, 0, 0, ''), -- 144132
(@CGUID+91, 0, 0, 0, 1, 0, 0, 0, 0, ''), -- 144133
(@CGUID+92, 0, 0, 0, 1, 0, 0, 0, 0, ''); -- 144132


DELETE FROM `gameobject` WHERE `guid` BETWEEN @OGUID+0 AND @OGUID+92;
INSERT INTO `gameobject` (`guid`, `id`, `map`, `zoneId`, `areaId`, `spawnDifficulties`, `PhaseId`, `PhaseGroup`, `position_x`, `position_y`, `position_z`, `orientation`, `rotation0`, `rotation1`, `rotation2`, `rotation3`, `spawntimesecs`, `animprogress`, `state`, `VerifiedBuild`) VALUES
(@OGUID+0, 301360, 2081, 10028, 10028, '0', '', 0, 1634.1600341796875, 595.5360107421875, 229.600006103515625, 0.532325029373168945, 0, 0, 0.263031005859375, 0.96478736400604248, 7200, 255, 1, 31478), -- 301360 (Area: 10028 - Difficulty: 0)
(@OGUID+1, 301353, 2081, 10028, 10028, '0', '', 0, 1625.4000244140625, 586.2239990234375, 229.576995849609375, 5.262169837951660156, 0, 0, -0.48862075805664062, 0.872496306896209716, 7200, 255, 1, 31478), -- 301353 (Area: 10028 - Difficulty: 0)
(@OGUID+2, 301361, 2081, 10028, 10028, '0', '', 0, 1637.050048828125, 596.655029296875, 229.576995849609375, 3.604110002517700195, 0, 0, -0.97337913513183593, 0.229200854897499084, 7200, 255, 1, 31478), -- 301361 (Area: 10028 - Difficulty: 0)
(@OGUID+3, 301354, 2081, 10028, 10028, '0', '', 0, 1617.469970703125, 590.72601318359375, 229.5970001220703125, 0, 0, 0, 0, 1, 7200, 255, 1, 31478), -- 301354 (Area: 10028 - Difficulty: 0)
(@OGUID+4, 301356, 2081, 10028, 10028, '0', '', 0, 1617.219970703125, 582.7230224609375, 229.576995849609375, 3.73500990867614746, 0, 0, -0.95630455017089843, 0.292372345924377441, 7200, 255, 1, 31478), -- 301356 (Area: 10028 - Difficulty: 0)
(@OGUID+5, 301374, 2081, 10028, 10028, '0', '', 0, 1619.4300537109375, 579.07098388671875, 229.576995849609375, 3.73500990867614746, 0, 0, -0.95630455017089843, 0.292372345924377441, 7200, 255, 1, 31478), -- 301374 (Area: 10028 - Difficulty: 0)
(@OGUID+6, 301368, 2081, 10028, 10028, '0', '', 0, 1634.1500244140625, 587.7030029296875, 229.576995849609375, 1.87623000144958496, 0, 0, 0.806444168090820312, 0.59131026268005371, 7200, 255, 1, 31478), -- 301368 (Area: 10028 - Difficulty: 0)
(@OGUID+7, 301282, 2081, 10028, 10028, '0', '', 0, 1613.1199951171875, 565.43499755859375, 229.5469970703125, 2.164210081100463867, 0, 0, 0.882946014404296875, 0.469474554061889648, 7200, 255, 0, 31478), -- 301282 (Area: 10028 - Difficulty: 0)
(@OGUID+8, 301352, 2081, 10028, 10028, '0', '', 0, 1595.8199462890625, 586.343994140625, 229.576995849609375, 2.0333099365234375, 0, 0, 0.850351333618164062, 0.52621537446975708, 7200, 255, 1, 31478), -- 301352 (Area: 10028 - Difficulty: 0)
(@OGUID+9, 301347, 2081, 10028, 10028, '0', '', 0, 1594.699951171875, 589.2349853515625, 229.600006103515625, 5.244719982147216796, 0, 0, -0.4962158203125, 0.86819922924041748, 7200, 255, 1, 31478), -- 301347 (Area: 10028 - Difficulty: 0)
(@OGUID+10, 301342, 2081, 10028, 10028, '0', '', 0, 1599.9599609375, 594.64697265625, 229.5789947509765625, 4.24114990234375, 0, 0, -0.85263919830322265, 0.522500097751617431, 7200, 255, 1, 31478), -- 301342 (Area: 10028 - Difficulty: 0)
(@OGUID+11, 301363, 2081, 10028, 10028, '0', '', 0, 1632.0699462890625, 586.5999755859375, 229.576995849609375, 2.05076003074645996, 0, 0, 0.85491180419921875, 0.518773376941680908, 7200, 255, 1, 31478), -- 301363 (Area: 10028 - Difficulty: 0)
(@OGUID+12, 301373, 2081, 10028, 10028, '0', '', 0, 1613.3800048828125, 583.16802978515625, 229.576995849609375, 0.523598015308380126, 0, 0, 0.258818626403808593, 0.965925931930541992, 7200, 255, 1, 31478), -- 301373 (Area: 10028 - Difficulty: 0)
(@OGUID+13, 301371, 2081, 10028, 10028, '0', '', 0, 1626.8599853515625, 583.50799560546875, 229.576995849609375, 2.05076003074645996, 0, 0, 0.85491180419921875, 0.518773376941680908, 7200, 255, 1, 31478), -- 301371 (Area: 10028 - Difficulty: 0)
(@OGUID+14, 301365, 2081, 10028, 10028, '0', '', 0, 1632.68994140625, 590.41802978515625, 229.576995849609375, 5.262169837951660156, 0, 0, -0.48862075805664062, 0.872496306896209716, 7200, 255, 1, 31478), -- 301365 (Area: 10028 - Difficulty: 0)
(@OGUID+15, 299340, 2081, 10028, 10028, '0', '', 0, 1677.0699462890625, 561.45501708984375, 223.199005126953125, 3.920279979705810546, 0, 0, -0.92515754699707031, 0.379583328962326049, 7200, 255, 1, 31478), -- 299340 (Area: 10028 - Difficulty: 0)
(@OGUID+16, 301359, 2081, 10028, 10028, '0', '', 0, 1616.030029296875, 584.74798583984375, 229.576995849609375, 3.73500990867614746, 0, 0, -0.95630455017089843, 0.292372345924377441, 7200, 255, 1, 31478), -- 301359 (Area: 10028 - Difficulty: 0)
(@OGUID+17, 292529, 2081, 10028, 10028, '0', '', 0, 1637.510009765625, 520.875, 201.4250030517578125, 2.34600996971130371, 0, 0, 0.921918869018554687, 0.38738301396369934, 7200, 255, 1, 31478), -- 292529 (Area: 10028 - Difficulty: 0)
(@OGUID+18, 301367, 2081, 10028, 10028, '0', '', 0, 1630.6099853515625, 589.31500244140625, 229.576995849609375, 5.262169837951660156, 0, 0, -0.48862075805664062, 0.872496306896209716, 7200, 255, 1, 31478), -- 301367 (Area: 10028 - Difficulty: 0)
(@OGUID+19, 301364, 2081, 10028, 10028, '0', '', 0, 1627.47998046875, 587.3270263671875, 229.576995849609375, 5.262169837951660156, 0, 0, -0.48862075805664062, 0.872496306896209716, 7200, 255, 1, 31478), -- 301364 (Area: 10028 - Difficulty: 0)
(@OGUID+20, 301346, 2081, 10028, 10028, '0', '', 0, 1599.8299560546875, 591.21502685546875, 229.5789947509765625, 3.106650114059448242, 0, 0, 0.999847412109375, 0.017469281330704689, 7200, 255, 1, 31478), -- 301346 (Area: 10028 - Difficulty: 0)
(@OGUID+21, 230609, 2081, 10028, 10028, '0', '', 0, 1644.8265380859375, 528.75628662109375, 201.3978729248046875, 3.935754776000976562, 0, 0, 0, 1, 7200, 100, 1, 31478), -- 230609 (Area: 10028 - Difficulty: 0)
(@OGUID+22, 301376, 2081, 10028, 10028, '0', '', 0, 1616.780029296875, 577.49102783203125, 229.576995849609375, 0.349065005779266357, 0, 0, 0.173647880554199218, 0.984807789325714111, 7200, 255, 1, 31478), -- 301376 (Area: 10028 - Difficulty: 0)
(@OGUID+23, 299338, 2081, 10028, 10028, '0', '', 0, 1590.449951171875, 545.81402587890625, 222.7610015869140625, 5.69216012954711914, 0, 0, -0.2912302017211914, 0.956652998924255371, 7200, 255, 1, 31478), -- 299338 (Area: 10028 - Difficulty: 0)
(@OGUID+24, 301349, 2081, 10028, 10028, '0', '', 0, 1607.1500244140625, 596.47601318359375, 229.602996826171875, 2.792520046234130859, 0, 0, 0.984807014465332031, 0.173652306199073791, 7200, 255, 1, 31478), -- 301349 (Area: 10028 - Difficulty: 0)
(@OGUID+25, 301362, 2081, 10028, 10028, '0', '', 0, 1637.010009765625, 590.989990234375, 229.600006103515625, 0.532325029373168945, 0, 0, 0.263031005859375, 0.96478736400604248, 7200, 255, 1, 31478), -- 301362 (Area: 10028 - Difficulty: 0)
(@OGUID+26, 301372, 2081, 10028, 10028, '0', '', 0, 1614.5699462890625, 581.14300537109375, 229.576995849609375, 0.349065005779266357, 0, 0, 0.173647880554199218, 0.984807789325714111, 7200, 255, 1, 31478), -- 301372 (Area: 10028 - Difficulty: 0)
(@OGUID+27, 301357, 2081, 10028, 10028, '0', '', 0, 1615.5899658203125, 579.5159912109375, 229.576995849609375, 0.523598015308380126, 0, 0, 0.258818626403808593, 0.965925931930541992, 7200, 255, 1, 31478), -- 301357 (Area: 10028 - Difficulty: 0)
(@OGUID+28, 301370, 2081, 10028, 10028, '0', '', 0, 1628.93994140625, 584.61199951171875, 229.576995849609375, 1.87623000144958496, 0, 0, 0.806444168090820312, 0.59131026268005371, 7200, 255, 1, 31478), -- 301370 (Area: 10028 - Difficulty: 0)
(@OGUID+29, 301355, 2081, 10028, 10028, '0', '', 0, 1618.239990234375, 581.09600830078125, 229.576995849609375, 3.73500990867614746, 0, 0, -0.95630455017089843, 0.292372345924377441, 7200, 255, 1, 31478), -- 301355 (Area: 10028 - Difficulty: 0)
(@OGUID+30, 301369, 2081, 10028, 10028, '0', '', 0, 1639.9000244140625, 592.1090087890625, 229.576995849609375, 3.604110002517700195, 0, 0, -0.97337913513183593, 0.229200854897499084, 7200, 255, 1, 31478), -- 301369 (Area: 10028 - Difficulty: 0)
(@OGUID+31, 301358, 2081, 10028, 10028, '0', '', 0, 1644.780029296875, 594.21502685546875, 229.5789947509765625, 0.13089899718761444, 0, 0, 0.065402984619140625, 0.997858941555023193, 7200, 255, 1, 31478), -- 301358 (Area: 10028 - Difficulty: 0)
(@OGUID+32, 301366, 2081, 10028, 10028, '0', '', 0, 1619.6500244140625, 590.6519775390625, 229.5970001220703125, 2.530719995498657226, 0, 0, 0.953716278076171875, 0.300707906484603881, 7200, 255, 1, 31478), -- 301366 (Area: 10028 - Difficulty: 0)
(@OGUID+33, 299341, 2081, 10028, 10028, '0', '', 0, 1679.5, 559.03497314453125, 223.199005126953125, 3.916440010070800781, 0, 0, -0.92588520050048828, 0.377804994583129882, 7200, 255, 1, 31478), -- 299341 (Area: 10028 - Difficulty: 0)
(@OGUID+34, 301345, 2081, 10028, 10028, '0', '', 0, 1604.3299560546875, 596.25299072265625, 229.602996826171875, 1.047189950942993164, 0, 0, 0.499998092651367187, 0.866026520729064941, 7200, 255, 1, 31478), -- 301345 (Area: 10028 - Difficulty: 0)
(@OGUID+35, 301343, 2081, 10028, 10028, '0', '', 0, 1604.9000244140625, 598.28399658203125, 229.602996826171875, 0.087265998125076293, 0, 0, 0.043619155883789062, 0.999048233032226562, 7200, 255, 1, 31478), -- 301343 (Area: 10028 - Difficulty: 0)
(@OGUID+36, 301344, 2081, 10028, 10028, '0', '', 0, 1607, 598.84600830078125, 229.602996826171875, 3.752460002899169921, 0, 0, -0.95371627807617187, 0.300707906484603881, 7200, 255, 1, 31478), -- 301344 (Area: 10028 - Difficulty: 0)
(@OGUID+37, 301350, 2081, 10028, 10028, '0', '', 0, 1590.68994140625, 597.20697021484375, 229.6230010986328125, 5.244719982147216796, 0, 0, -0.4962158203125, 0.86819922924041748, 7200, 255, 1, 31478), -- 301350 (Area: 10028 - Difficulty: 0)
(@OGUID+38, 301375, 2081, 10028, 10028, '0', '', 0, 1647.6800537109375, 596.0460205078125, 229.5789947509765625, 5.279620170593261718, 0, 0, -0.4809885025024414, 0.876726925373077392, 7200, 255, 1, 31478), -- 301375 (Area: 10028 - Difficulty: 0)
(@OGUID+39, 301329, 2081, 10028, 10028, '0', '', 0, 1607.7099609375, 617.28497314453125, 223.5579986572265625, 0.610864996910095214, 0, 0, 0.300705909729003906, 0.953716933727264404, 7200, 255, 1, 31478), -- 301329 (Area: 10028 - Difficulty: 0)
(@OGUID+40, 301351, 2081, 10028, 10028, '0', '', 0, 1583.68994140625, 603.2509765625, 223.5579986572265625, 2.076940059661865234, 0, 0, 0.861628532409667968, 0.50753939151763916, 7200, 255, 1, 31478), -- 301351 (Area: 10028 - Difficulty: 0)
(@OGUID+41, 301348, 2081, 10028, 10028, '0', '', 0, 1586.7099609375, 604.9010009765625, 223.5579986572265625, 3.211420059204101562, 0, 0, -0.9993906021118164, 0.034906134009361267, 7200, 255, 1, 31478), -- 301348 (Area: 10028 - Difficulty: 0)
(@OGUID+42, 301415, 2081, 10028, 10028, '0', '', 0, 1552.31005859375, 575.64599609375, 230.0200042724609375, 2.530719995498657226, 0, 0, 0.953716278076171875, 0.300707906484603881, 7200, 255, 1, 31478), -- 301415 (Area: 10028 - Difficulty: 0)
(@OGUID+43, 301410, 2081, 10028, 10028, '0', '', 0, 1550.1600341796875, 575.719970703125, 230.0200042724609375, 0, 0, 0, 0, 1, 7200, 255, 1, 31478), -- 301410 (Area: 10028 - Difficulty: 0)
(@OGUID+44, 301334, 2081, 10028, 10028, '0', '', 0, 1610.219970703125, 618.85601806640625, 223.5579986572265625, 3.743740081787109375, 0, 0, -0.9550180435180664, 0.296547651290893554, 7200, 255, 1, 31478), -- 301334 (Area: 10028 - Difficulty: 0)
(@OGUID+45, 301322, 2081, 10028, 10028, '0', '', 0, 1599.8399658203125, 620.81402587890625, 223.5579986572265625, 6.25700998306274414, 0, 0, -0.01308917999267578, 0.999914348125457763, 7200, 255, 1, 31478), -- 301322 (Area: 10028 - Difficulty: 0)
(@OGUID+46, 301414, 2081, 10028, 10028, '0', '', 0, 1538.93994140625, 583.02099609375, 230.0110015869140625, 4.721119880676269531, 0, 0, -0.70401382446289062, 0.710186243057250976, 7200, 255, 1, 31478), -- 301414 (Area: 10028 - Difficulty: 0)
(@OGUID+47, 301394, 2081, 10028, 10028, '0', '', 0, 1567.9200439453125, 613.6400146484375, 223.5579986572265625, 3.743740081787109375, 0, 0, -0.9550180435180664, 0.296547651290893554, 7200, 255, 1, 31478), -- 301394 (Area: 10028 - Difficulty: 0)
(@OGUID+48, 301413, 2081, 10028, 10028, '0', '', 0, 1538.22998046875, 580.989013671875, 230.0110015869140625, 1.055920004844665527, 0, 0, 0.503773689270019531, 0.863835692405700683, 7200, 255, 1, 31478), -- 301413 (Area: 10028 - Difficulty: 0)
(@OGUID+49, 301328, 2081, 10028, 10028, '0', '', 0, 1614.6300048828125, 621.83599853515625, 223.5579986572265625, 1.623160004615783691, 0, 0, 0.725373268127441406, 0.688355743885040283, 7200, 255, 1, 31478), -- 301328 (Area: 10028 - Difficulty: 0)
(@OGUID+50, 301393, 2081, 10028, 10028, '0', '', 0, 1565.4100341796875, 612.0689697265625, 223.5579986572265625, 0.610864996910095214, 0, 0, 0.300705909729003906, 0.953716933727264404, 7200, 255, 1, 31478), -- 301393 (Area: 10028 - Difficulty: 0)
(@OGUID+51, 301391, 2081, 10028, 10028, '0', '', 0, 1560.47998046875, 612.55499267578125, 223.5579986572265625, 1.457350015640258789, 0, 0, 0.665880203247070312, 0.74605870246887207, 7200, 255, 1, 31478), -- 301391 (Area: 10028 - Difficulty: 0)
(@OGUID+52, 301412, 2081, 10028, 10028, '0', '', 0, 1539.5699462890625, 579.3800048828125, 230.0110015869140625, 2.015850067138671875, 0, 0, 0.84572601318359375, 0.533617377281188964, 7200, 255, 1, 31478), -- 301412 (Area: 10028 - Difficulty: 0)
(@OGUID+53, 301411, 2081, 10028, 10028, '0', '', 0, 1540.969970703125, 581.81201171875, 230.0110015869140625, 3.761189937591552734, 0, 0, -0.95239448547363281, 0.30486840009689331, 7200, 255, 1, 31478), -- 301411 (Area: 10028 - Difficulty: 0)
(@OGUID+54, 301321, 2081, 10028, 10028, '0', '', 0, 1602.6300048828125, 622.4169921875, 223.5579986572265625, 3.726279973983764648, 0, 0, -0.95757102966308593, 0.288197338581085205, 7200, 255, 1, 31478), -- 301321 (Area: 10028 - Difficulty: 0)
(@OGUID+55, 301379, 2081, 10028, 10028, '0', '', 0, 1573.72998046875, 628.9730224609375, 223.5579986572265625, 2.094389915466308593, 0, 0, 0.866024017333984375, 0.500002384185791015, 7200, 255, 1, 31478), -- 301379 (Area: 10028 - Difficulty: 0)
(@OGUID+56, 301337, 2081, 10028, 10028, '0', '', 0, 1604.260009765625, 628.78802490234375, 223.5579986572265625, 3.403399944305419921, 0, 0, -0.99144458770751953, 0.130528271198272705, 7200, 255, 1, 31478), -- 301337 (Area: 10028 - Difficulty: 0)
(@OGUID+57, 301387, 2081, 10028, 10028, '0', '', 0, 1570.27001953125, 621.989013671875, 223.5579986572265625, 3.141590118408203125, 0, 0, -1, 0, 7200, 255, 1, 31478), -- 301387 (Area: 10028 - Difficulty: 0)
(@OGUID+58, 301390, 2081, 10028, 10028, '0', '', 0, 1559.1300048828125, 615.48199462890625, 223.5579986572265625, 5.209809780120849609, 0, 0, -0.5112924575805664, 0.859406769275665283, 7200, 255, 1, 31478), -- 301390 (Area: 10028 - Difficulty: 0)
(@OGUID+59, 301327, 2081, 10028, 10028, '0', '', 0, 1612.8199462890625, 624.4990234375, 223.5579986572265625, 5.375619888305664062, 0, 0, -0.4383707046508789, 0.898794233798980712, 7200, 255, 1, 31478), -- 301327 (Area: 10028 - Difficulty: 0)
(@OGUID+60, 301331, 2081, 10028, 10028, '0', '', 0, 1618.31005859375, 623.85101318359375, 223.5579986572265625, 2.138030052185058593, 0, 0, 0.876725196838378906, 0.480991601943969726, 7200, 255, 1, 31478), -- 301331 (Area: 10028 - Difficulty: 0)
(@OGUID+61, 301336, 2081, 10028, 10028, '0', '', 0, 1601.2900390625, 628.05499267578125, 223.5579986572265625, 0.183258995413780212, 0, 0, 0.091500282287597656, 0.995805025100708007, 7200, 255, 1, 31478), -- 301336 (Area: 10028 - Difficulty: 0)
(@OGUID+62, 301389, 2081, 10028, 10028, '0', '', 0, 1557.0799560546875, 619.61102294921875, 223.55999755859375, 3.726279973983764648, 0, 0, -0.95757102966308593, 0.288197338581085205, 7200, 255, 1, 31478), -- 301389 (Area: 10028 - Difficulty: 0)
(@OGUID+63, 301386, 2081, 10028, 10028, '0', '', 0, 1567.6700439453125, 620.34002685546875, 223.5579986572265625, 0.549778997898101806, 0, 0, 0.271440505981445312, 0.962455213069915771, 7200, 255, 1, 31478), -- 301386 (Area: 10028 - Difficulty: 0)
(@OGUID+64, 301383, 2081, 10028, 10028, '0', '', 0, 1566.5400390625, 622.14801025390625, 223.5579986572265625, 0.549778997898101806, 0, 0, 0.271440505981445312, 0.962455213069915771, 7200, 255, 1, 31478), -- 301383 (Area: 10028 - Difficulty: 0)
(@OGUID+65, 301335, 2081, 10028, 10028, '0', '', 0, 1600.8900146484375, 630.14697265625, 223.5579986572265625, 0.183258995413780212, 0, 0, 0.091500282287597656, 0.995805025100708007, 7200, 255, 1, 31478), -- 301335 (Area: 10028 - Difficulty: 0)
(@OGUID+66, 301388, 2081, 10028, 10028, '0', '', 0, 1555.199951171875, 622.4849853515625, 223.55999755859375, 4.860740184783935546, 0, 0, -0.65275955200195312, 0.757565200328826904, 7200, 255, 1, 31478), -- 301388 (Area: 10028 - Difficulty: 0)
(@OGUID+67, 301338, 2081, 10028, 10028, '0', '', 0, 1603.68994140625, 630.84197998046875, 223.5579986572265625, 3.403399944305419921, 0, 0, -0.99144458770751953, 0.130528271198272705, 7200, 255, 1, 31478), -- 301338 (Area: 10028 - Difficulty: 0)
(@OGUID+68, 301380, 2081, 10028, 10028, '0', '', 0, 1569.3199462890625, 623.5150146484375, 223.5579986572265625, 3.761189937591552734, 0, 0, -0.95239448547363281, 0.30486840009689331, 7200, 255, 1, 31478), -- 301380 (Area: 10028 - Difficulty: 0)
(@OGUID+69, 301385, 2081, 10028, 10028, '0', '', 0, 1564.6300048828125, 631.0260009765625, 223.5579986572265625, 3.761189937591552734, 0, 0, -0.95239448547363281, 0.30486840009689331, 7200, 255, 1, 31478), -- 301385 (Area: 10028 - Difficulty: 0)
(@OGUID+70, 301382, 2081, 10028, 10028, '0', '', 0, 1563.260009765625, 627.385009765625, 223.5579986572265625, 0.375245004892349243, 0, 0, 0.186522483825683593, 0.982450664043426513, 7200, 255, 1, 31478), -- 301382 (Area: 10028 - Difficulty: 0)
(@OGUID+71, 301384, 2081, 10028, 10028, '0', '', 0, 1562.02001953125, 629.37799072265625, 223.5579986572265625, 0.549778997898101806, 0, 0, 0.271440505981445312, 0.962455213069915771, 7200, 255, 1, 31478), -- 301384 (Area: 10028 - Difficulty: 0)
(@OGUID+72, 301381, 2081, 10028, 10028, '0', '', 0, 1565.8699951171875, 629.03399658203125, 223.5579986572265625, 3.761189937591552734, 0, 0, -0.95239448547363281, 0.30486840009689331, 7200, 255, 1, 31478), -- 301381 (Area: 10028 - Difficulty: 0)
(@OGUID+73, 301325, 2081, 10028, 10028, '0', '', 0, 1611.1099853515625, 628.68597412109375, 223.5579986572265625, 0.549778997898101806, 0, 0, 0.271440505981445312, 0.962455213069915771, 7200, 255, 1, 31478), -- 301325 (Area: 10028 - Difficulty: 0)
(@OGUID+74, 301392, 2081, 10028, 10028, '0', '', 0, 1572.43994140625, 631.791015625, 223.582000732421875, 5.30579996109008789, 0, 0, -0.46947002410888671, 0.88294839859008789, 7200, 255, 1, 31478), -- 301392 (Area: 10028 - Difficulty: 0)
(@OGUID+75, 301324, 2081, 10028, 10028, '0', '', 0, 1609.97998046875, 630.4940185546875, 223.5579986572265625, 0.549778997898101806, 0, 0, 0.271440505981445312, 0.962455213069915771, 7200, 255, 1, 31478), -- 301324 (Area: 10028 - Difficulty: 0)
(@OGUID+76, 301398, 2081, 10028, 10028, '0', '', 0, 1574.469970703125, 639.35601806640625, 223.5579986572265625, 3.761189937591552734, 0, 0, -0.95239448547363281, 0.30486840009689331, 7200, 255, 1, 31478), -- 301398 (Area: 10028 - Difficulty: 0)
(@OGUID+77, 301400, 2081, 10028, 10028, '0', '', 0, 1570.6199951171875, 639.70001220703125, 223.5579986572265625, 0.549778997898101806, 0, 0, 0.271440505981445312, 0.962455213069915771, 7200, 255, 1, 31478), -- 301400 (Area: 10028 - Difficulty: 0)
(@OGUID+78, 301395, 2081, 10028, 10028, '0', '', 0, 1578.949951171875, 642.80902099609375, 223.5579986572265625, 0.549778997898101806, 0, 0, 0.271440505981445312, 0.962455213069915771, 7200, 255, 1, 31478), -- 301395 (Area: 10028 - Difficulty: 0)
(@OGUID+79, 301326, 2081, 10028, 10028, '0', '', 0, 1613.7099609375, 630.33502197265625, 223.5579986572265625, 3.141590118408203125, 0, 0, -1, 0, 7200, 255, 1, 31478), -- 301326 (Area: 10028 - Difficulty: 0)
(@OGUID+80, 301397, 2081, 10028, 10028, '0', '', 0, 1571.8599853515625, 637.70697021484375, 223.5579986572265625, 0.375245004892349243, 0, 0, 0.186522483825683593, 0.982450664043426513, 7200, 255, 1, 31478), -- 301397 (Area: 10028 - Difficulty: 0)
(@OGUID+81, 301399, 2081, 10028, 10028, '0', '', 0, 1573.219970703125, 641.3480224609375, 223.5579986572265625, 3.761189937591552734, 0, 0, -0.95239448547363281, 0.30486840009689331, 7200, 255, 1, 31478), -- 301399 (Area: 10028 - Difficulty: 0)
(@OGUID+82, 301332, 2081, 10028, 10028, '0', '', 0, 1621.2099609375, 625.6810302734375, 223.5579986572265625, 3.272520065307617187, 0, 0, -0.99785804748535156, 0.065416477620601654, 7200, 255, 1, 31478), -- 301332 (Area: 10028 - Difficulty: 0)
(@OGUID+83, 301401, 2081, 10028, 10028, '0', '', 0, 1582.800048828125, 642.46502685546875, 223.5579986572265625, 3.761189937591552734, 0, 0, -0.95239448547363281, 0.30486840009689331, 7200, 255, 1, 31478), -- 301401 (Area: 10028 - Difficulty: 0)
(@OGUID+84, 301396, 2081, 10028, 10028, '0', '', 0, 1580.18994140625, 640.81597900390625, 223.5579986572265625, 0.375245004892349243, 0, 0, 0.186522483825683593, 0.982450664043426513, 7200, 255, 1, 31478), -- 301396 (Area: 10028 - Difficulty: 0)
(@OGUID+85, 301323, 2081, 10028, 10028, '0', '', 0, 1612.760009765625, 631.8599853515625, 223.5579986572265625, 3.761189937591552734, 0, 0, -0.95239448547363281, 0.30486840009689331, 7200, 255, 1, 31478), -- 301323 (Area: 10028 - Difficulty: 0)
(@OGUID+86, 301378, 2081, 10028, 10028, '0', '', 0, 1589.27001953125, 645.56298828125, 223.55999755859375, 3.726279973983764648, 0, 0, -0.95757102966308593, 0.288197338581085205, 7200, 255, 1, 31478), -- 301378 (Area: 10028 - Difficulty: 0)
(@OGUID+87, 301402, 2081, 10028, 10028, '0', '', 0, 1581.550048828125, 644.4580078125, 223.5579986572265625, 3.761189937591552734, 0, 0, -0.95239448547363281, 0.30486840009689331, 7200, 255, 1, 31478), -- 301402 (Area: 10028 - Difficulty: 0)
(@OGUID+88, 301377, 2081, 10028, 10028, '0', '', 0, 1587.3900146484375, 648.43701171875, 223.55999755859375, 4.860740184783935546, 0, 0, -0.65275955200195312, 0.757565200328826904, 7200, 255, 1, 31478), -- 301377 (Area: 10028 - Difficulty: 0)
(@OGUID+89, 301299, 2081, 10028, 10028, '0', '', 0, 1444.530029296875, 668.6259765625, 227.5850067138671875, 3.927000045776367187, 0, 0, -0.92387771606445312, 0.38268783688545227, 7200, 255, 1, 31478), -- 301299 (Area: 10028 - Difficulty: 0)
(@OGUID+90, 301298, 2081, 10028, 10028, '0', '', 0, 1465.5400390625, 688.5150146484375, 201.8209991455078125, 2.356189966201782226, 0, 0, 0.923877716064453125, 0.38268783688545227, 7200, 255, 1, 31478), -- 301298 (Area: 10028 - Difficulty: 0)
(@OGUID+91, 301297, 2081, 10028, 10028, '0', '', 0, 1465.530029296875, 688.49700927734375, 201.813995361328125, 2.356189966201782226, 0, 0, 0.923877716064453125, 0.38268783688545227, 7200, 255, 1, 31478), -- 301297 (Area: 10028 - Difficulty: 0)
(@OGUID+92, 301420, 2081, 10028, 10028, '0', '', 0, 1718.760009765625, 471.170013427734375, 202.5930023193359375, 5.733409881591796875, 0, 0, -0.2714395523071289, 0.962455451488494873, 7200, 255, 1, 31478); -- 301420 (Area: 10028 - Difficulty: 0)

DELETE FROM `gameobject_addon` WHERE `guid` BETWEEN @OGUID+0 AND @OGUID+92;
INSERT INTO `gameobject_addon` (`guid`, `parent_rotation0`, `parent_rotation1`, `parent_rotation2`, `parent_rotation3`) VALUES
(@OGUID+0, 0, 0, 1, -0.00000004371139894), -- 301360
(@OGUID+1, 0, 0, 1, -0.00000004371139894), -- 301353
(@OGUID+2, 0, 0, 1, -0.00000004371139894), -- 301361
(@OGUID+3, 0, 0, 1, -0.00000004371139894), -- 301354
(@OGUID+4, 0, 0, 1, -0.00000004371139894), -- 301356
(@OGUID+5, 0, 0, 1, -0.00000004371139894), -- 301374
(@OGUID+6, 0, 0, 1, -0.00000004371139894), -- 301368
(@OGUID+7, 0, 0, 1, -0.00000004371139894), -- 301282
(@OGUID+8, 0, 0, 1, -0.00000004371139894), -- 301352
(@OGUID+9, 0, 0, 1, -0.00000004371139894), -- 301347
(@OGUID+10, 0, 0, 1, -0.00000004371139894), -- 301342
(@OGUID+11, 0, 0, 1, -0.00000004371139894), -- 301363
(@OGUID+12, 0, 0, 1, -0.00000004371139894), -- 301373
(@OGUID+13, 0, 0, 1, -0.00000004371139894), -- 301371
(@OGUID+14, 0, 0, 1, -0.00000004371139894), -- 301365
(@OGUID+16, 0, 0, 1, -0.00000004371139894), -- 301359
(@OGUID+18, 0, 0, 1, -0.00000004371139894), -- 301367
(@OGUID+19, 0, 0, 1, -0.00000004371139894), -- 301364
(@OGUID+20, 0, 0, 1, -0.00000004371139894), -- 301346
(@OGUID+22, 0, 0, 1, -0.00000004371139894), -- 301376
(@OGUID+24, 0, 0, 1, -0.00000004371139894), -- 301349
(@OGUID+25, 0, 0, 1, -0.00000004371139894), -- 301362
(@OGUID+26, 0, 0, 1, -0.00000004371139894), -- 301372
(@OGUID+27, 0, 0, 1, -0.00000004371139894), -- 301357
(@OGUID+28, 0, 0, 1, -0.00000004371139894), -- 301370
(@OGUID+29, 0, 0, 1, -0.00000004371139894), -- 301355
(@OGUID+30, 0, 0, 1, -0.00000004371139894), -- 301369
(@OGUID+31, 0, 0, 1, -0.00000004371139894), -- 301358
(@OGUID+32, 0, 0, 1, -0.00000004371139894), -- 301366
(@OGUID+34, 0, 0, 1, -0.00000004371139894), -- 301345
(@OGUID+35, 0, 0, 1, -0.00000004371139894), -- 301343
(@OGUID+36, 0, 0, 1, -0.00000004371139894), -- 301344
(@OGUID+37, 0, 0, 1, -0.00000004371139894), -- 301350
(@OGUID+38, 0, 0, 1, -0.00000004371139894), -- 301375
(@OGUID+39, 0, 0, 1, -0.00000004371139894), -- 301329
(@OGUID+40, 0, 0, 1, -0.00000004371139894), -- 301351
(@OGUID+41, 0, 0, 1, -0.00000004371139894), -- 301348
(@OGUID+42, 0, 0, 1, -0.00000004371139894), -- 301415
(@OGUID+43, 0, 0, 1, -0.00000004371139894), -- 301410
(@OGUID+44, 0, 0, 1, -0.00000004371139894), -- 301334
(@OGUID+45, 0, 0, 1, -0.00000004371139894), -- 301322
(@OGUID+46, 0, 0, 1, -0.00000004371139894), -- 301414
(@OGUID+47, 0, 0, 1, -0.00000004371139894), -- 301394
(@OGUID+48, 0, 0, 1, -0.00000004371139894), -- 301413
(@OGUID+49, 0, 0, 1, -0.00000004371139894), -- 301328
(@OGUID+50, 0, 0, 1, -0.00000004371139894), -- 301393
(@OGUID+51, 0, 0, 1, -0.00000004371139894), -- 301391
(@OGUID+52, 0, 0, 1, -0.00000004371139894), -- 301412
(@OGUID+53, 0, 0, 1, -0.00000004371139894), -- 301411
(@OGUID+54, 0, 0, 1, -0.00000004371139894), -- 301321
(@OGUID+55, 0, 0, 1, -0.00000004371139894), -- 301379
(@OGUID+56, 0, 0, 1, -0.00000004371139894), -- 301337
(@OGUID+57, 0, 0, 1, -0.00000004371139894), -- 301387
(@OGUID+58, 0, 0, 1, -0.00000004371139894), -- 301390
(@OGUID+59, 0, 0, 1, -0.00000004371139894), -- 301327
(@OGUID+60, 0, 0, 1, -0.00000004371139894), -- 301331
(@OGUID+61, 0, 0, 1, -0.00000004371139894), -- 301336
(@OGUID+62, 0, 0, 1, -0.00000004371139894), -- 301389
(@OGUID+63, 0, 0, 1, -0.00000004371139894), -- 301386
(@OGUID+64, 0, 0, 1, -0.00000004371139894), -- 301383
(@OGUID+65, 0, 0, 1, -0.00000004371139894), -- 301335
(@OGUID+66, 0, 0, 1, -0.00000004371139894), -- 301388
(@OGUID+67, 0, 0, 1, -0.00000004371139894), -- 301338
(@OGUID+68, 0, 0, 1, -0.00000004371139894), -- 301380
(@OGUID+69, 0, 0, 1, -0.00000004371139894), -- 301385
(@OGUID+70, 0, 0, 1, -0.00000004371139894), -- 301382
(@OGUID+71, 0, 0, 1, -0.00000004371139894), -- 301384
(@OGUID+72, 0, 0, 1, -0.00000004371139894), -- 301381
(@OGUID+73, 0, 0, 1, -0.00000004371139894), -- 301325
(@OGUID+74, 0, 0, 1, -0.00000004371139894), -- 301392
(@OGUID+75, 0, 0, 1, -0.00000004371139894), -- 301324
(@OGUID+76, 0, 0, 1, -0.00000004371139894), -- 301398
(@OGUID+77, 0, 0, 1, -0.00000004371139894), -- 301400
(@OGUID+78, 0, 0, 1, -0.00000004371139894), -- 301395
(@OGUID+79, 0, 0, 1, -0.00000004371139894), -- 301326
(@OGUID+80, 0, 0, 1, -0.00000004371139894), -- 301397
(@OGUID+81, 0, 0, 1, -0.00000004371139894), -- 301399
(@OGUID+82, 0, 0, 1, -0.00000004371139894), -- 301332
(@OGUID+83, 0, 0, 1, -0.00000004371139894), -- 301401
(@OGUID+84, 0, 0, 1, -0.00000004371139894), -- 301396
(@OGUID+85, 0, 0, 1, -0.00000004371139894), -- 301323
(@OGUID+86, 0, 0, 1, -0.00000004371139894), -- 301378
(@OGUID+87, 0, 0, 1, -0.00000004371139894), -- 301402
(@OGUID+88, 0, 0, 1, -0.00000004371139894), -- 301377
(@OGUID+89, 0, 0, 1, -0.00000004371139894), -- 301299
(@OGUID+90, 0, 0, 1, -0.00000004371139894), -- 301298
(@OGUID+91, 0, 0, 1, -0.00000004371139894), -- 301297
(@OGUID+92, 0, 0, 1, -0.00000004371139894); -- 301420


DELETE FROM `creature_template_addon` WHERE `entry` IN (129679 /*129679*/, 50927 /*50927*/, 50933 /*50933*/, 143711 /*143711*/, 133394 /*133394*/, 35168 /*35168*/, 126323 /*126323*/, 133411 /*133411 - 262246*/, 12360 /*12360*/, 4753 /*4753*/, 116312 /*116312 - 46598*/, 144181 /*144181*/, 133409 /*133409*/, 126324 /*126324*/, 72654 /*72654*/, 133408 /*133408*/, 50305 /*50305*/, 14555 /*14555*/, 126301 /*126301*/, 148798 /*148798*/, 126321 /*126321*/, 133509 /*133509*/, 12358 /*12358*/, 50307 /*50307*/, 14556 /*14556*/, 4730 /*4730*/, 140253 /*140253*/, 133396 /*133396*/, 133431 /*133431*/, 14602 /*14602*/, 126332 /*126332*/, 133362 /*133362 - 262182*/, 133363 /*133363*/, 126319 /*126319*/, 126328 /*126328*/, 112698 /*112698*/, 12359 /*12359*/, 133672 /*133672*/, 141079 /*141079*/, 68 /*68*/, 133433 /*133433*/, 112686 /*112686*/, 133197 /*133197*/, 133441 /*133441*/, 126326 /*126326*/, 144133 /*144133*/, 144125 /*144125 - 133464*/, 144124 /*144124*/, 144119 /*144119 - 15088, 15097*/, 144130 /*144130*/, 144129 /*144129 - 13787*/, 143567 /*143567*/, 144153 /*144153*/, 73678 /*73678*/, 144152 /*144152*/, 144123 /*144123*/, 179317 /*179317*/, 144122 /*144122 - 8278, 8279*/, 144135 /*144135*/, 144127 /*144127*/, 144163 /*144163 - 3417, 14869*/, 144154 /*144154*/, 144156 /*144156*/, 144132 /*144132*/, 144126 /*144126*/);
INSERT INTO `creature_template_addon` (`entry`, `path_id`, `mount`, `bytes1`, `bytes2`, `emote`, `aiAnimKit`, `movementAnimKit`, `meleeAnimKit`, `auras`) VALUES
(129679, 0, 0, 0, 1, 0, 0, 0, 0, ''), -- 129679
(50927, 0, 0, 0, 1, 0, 0, 0, 0, ''), -- 50927
(50933, 0, 0, 0, 1, 0, 0, 0, 0, ''), -- 50933
(143711, 0, 0, 8, 1, 0, 0, 0, 0, ''), -- 143711
(133394, 0, 0, 0, 1, 0, 0, 0, 0, ''), -- 133394
(35168, 0, 0, 3, 1, 0, 0, 0, 0, ''), -- 35168
(126323, 0, 0, 0, 1, 0, 0, 0, 0, ''), -- 126323
(133411, 0, 0, 0, 1, 0, 0, 0, 0, '262246'), -- 133411 - 262246
(12360, 0, 0, 3, 1, 0, 0, 0, 0, ''), -- 12360
(4753, 0, 0, 8, 1, 0, 0, 0, 0, ''), -- 4753
(116312, 0, 0, 0, 1, 0, 0, 0, 0, '46598'), -- 116312 - 46598
(144181, 0, 0, 0, 1, 0, 0, 0, 0, ''), -- 144181
(133409, 0, 0, 0, 1, 0, 0, 0, 0, ''), -- 133409
(126324, 0, 0, 0, 1, 0, 0, 0, 0, ''), -- 126324
(72654, 0, 0, 0, 1, 0, 0, 0, 0, ''), -- 72654
(133408, 0, 0, 0, 1, 0, 0, 0, 0, ''), -- 133408
(50305, 0, 29256, 0, 1, 0, 0, 0, 0, ''), -- 50305
(14555, 0, 0, 3, 1, 0, 0, 0, 0, ''), -- 14555
(126301, 0, 0, 0, 0, 0, 0, 0, 0, ''), -- 126301
(148798, 0, 0, 0, 0, 0, 0, 0, 0, ''), -- 148798
(126321, 0, 0, 0, 0, 0, 0, 0, 0, ''), -- 126321
(133509, 0, 0, 0, 1, 0, 0, 0, 0, ''), -- 133509
(12358, 0, 0, 3, 1, 0, 0, 0, 0, ''), -- 12358
(50307, 0, 2402, 0, 1, 0, 0, 0, 0, ''), -- 50307
(14556, 0, 0, 3, 1, 0, 0, 0, 0, ''), -- 14556
(4730, 0, 0, 8, 1, 0, 0, 0, 0, ''), -- 4730
(140253, 0, 0, 0, 1, 0, 0, 0, 0, ''), -- 140253
(133396, 0, 0, 0, 1, 0, 0, 0, 0, ''), -- 133396
(133431, 0, 0, 0, 0, 0, 0, 0, 0, ''), -- 133431
(14602, 0, 0, 3, 1, 0, 0, 0, 0, ''), -- 14602
(126332, 0, 0, 0, 1, 0, 0, 0, 0, ''), -- 126332
(133362, 0, 0, 0, 1, 0, 0, 0, 0, '262182'), -- 133362 - 262182
(133363, 0, 0, 0, 1, 0, 0, 0, 0, ''), -- 133363
(126319, 0, 0, 0, 1, 0, 0, 0, 0, ''), -- 126319
(126328, 0, 0, 0, 1, 0, 0, 0, 0, ''), -- 126328
(112698, 0, 0, 0, 1, 0, 0, 0, 0, ''), -- 112698
(12359, 0, 0, 3, 1, 0, 0, 0, 0, ''), -- 12359
(133672, 0, 0, 0, 1, 0, 0, 0, 0, ''), -- 133672
(141079, 0, 0, 0, 1, 0, 0, 0, 0, ''), -- 141079
(68, 0, 0, 0, 1, 0, 0, 0, 0, ''), -- 68
(133433, 0, 0, 0, 1, 0, 0, 0, 0, ''), -- 133433
(112686, 0, 0, 0, 1, 0, 0, 0, 0, ''), -- 112686
(133197, 0, 0, 0, 1, 0, 0, 0, 0, ''), -- 133197
(133441, 0, 0, 0, 0, 0, 0, 0, 0, ''), -- 133441
(126326, 0, 0, 0, 1, 0, 0, 0, 0, ''), -- 126326
(144133, 0, 0, 0, 1, 0, 0, 0, 0, ''), -- 144133
(144125, 0, 0, 0, 1, 0, 0, 0, 0, '133464'), -- 144125 - 133464
(144124, 0, 0, 0, 1, 0, 0, 0, 0, ''), -- 144124
(144119, 0, 0, 0, 1, 0, 0, 0, 0, '15088 15097'), -- 144119 - 15088, 15097
(144130, 0, 0, 0, 1, 0, 0, 0, 0, ''), -- 144130
(144129, 0, 0, 0, 1, 0, 0, 0, 0, '13787'), -- 144129 - 13787
(143567, 0, 0, 0, 1, 0, 0, 0, 0, ''), -- 143567
(144153, 0, 0, 0, 0, 0, 0, 0, 0, ''), -- 144153
(73678, 0, 0, 0, 1, 0, 0, 0, 0, ''), -- 73678
(144152, 0, 0, 0, 0, 0, 0, 0, 0, ''), -- 144152
(144123, 0, 0, 0, 1, 0, 0, 0, 0, ''), -- 144123
(179317, 0, 29344, 0, 1, 0, 0, 0, 0, ''), -- 179317
(144122, 0, 0, 0, 1, 0, 0, 0, 0, '8278 8279'), -- 144122 - 8278, 8279
(144135, 0, 0, 0, 1, 0, 0, 0, 0, ''), -- 144135
(144127, 0, 0, 0, 1, 0, 0, 0, 0, ''), -- 144127
(144163, 0, 0, 0, 0, 0, 0, 0, 0, '3417 14869'), -- 144163 - 3417, 14869
(144154, 0, 0, 0, 0, 0, 0, 0, 0, ''), -- 144154
(144156, 0, 0, 0, 1, 0, 0, 0, 0, ''), -- 144156
(144132, 0, 0, 0, 1, 0, 0, 0, 0, ''), -- 144132
(144126, 0, 0, 0, 1, 0, 0, 0, 0, ''); -- 144126


DELETE FROM `creature_template_scaling` WHERE (`DifficultyID`=0 AND `Entry` IN (129679,143711,133394,126323,116312,133409,126324,133408,126301,148798,126321,133509,140253,133396,133431,126332,133362,133363,126319,126328,133433,133197,133441,126326,179317));
INSERT INTO `creature_template_scaling` (`Entry`, `DifficultyID`, `LevelScalingMin`, `LevelScalingMax`, `LevelScalingDeltaMin`, `LevelScalingDeltaMax`, `ContentTuningID`, `VerifiedBuild`) VALUES
(129679, 0, 110, 110, 0, 0, 0, 31478),
(143711, 0, 110, 110, 0, 0, 0, 31478),
(133394, 0, 110, 110, 0, 0, 0, 31478),
(126323, 0, 110, 110, 0, 0, 0, 31478),
(116312, 0, 110, 110, 0, 0, 0, 31478),
(133409, 0, 110, 110, 0, 0, 0, 31478),
(126324, 0, 110, 110, 0, 0, 0, 31478),
(133408, 0, 110, 110, 0, 0, 0, 31478),
(126301, 0, 110, 110, 0, 0, 0, 31478),
(148798, 0, 120, 120, 0, 0, 0, 31478),
(126321, 0, 110, 110, 0, 0, 0, 31478),
(133509, 0, 110, 110, 0, 0, 0, 31478),
(140253, 0, 110, 110, 0, 0, 0, 31478),
(133396, 0, 110, 110, 0, 0, 0, 31478),
(133431, 0, 110, 110, 0, 0, 0, 31478),
(126332, 0, 110, 110, 0, 0, 0, 31478),
(133362, 0, 110, 110, 0, 0, 0, 31478),
(133363, 0, 110, 110, 0, 0, 0, 31478),
(126319, 0, 110, 110, 0, 0, 0, 31478),
(126328, 0, 110, 110, 0, 0, 0, 31478),
(133433, 0, 110, 110, 0, 0, 0, 31478),
(133197, 0, 110, 110, 0, 0, 0, 31478),
(133441, 0, 110, 110, 0, 0, 0, 31478),
(126326, 0, 110, 110, 0, 0, 0, 31478),
(179317, 0, 1, 110, 0, 0, 0, 31478);


DELETE FROM `creature_model_info` WHERE `DisplayID` IN (82867, 87972, 87971, 82884, 29755, 17822, 82899, 14613, 6448, 5070, 7006, 46929, 62093, 82897, 3167, 2306, 37014, 14332, 83233, 65199, 87892, 78869, 82973, 47034, 83232, 6080, 37015, 14331, 82919, 2788, 2244, 82895, 83230, 14632, 41667, 82874, 82875, 82928, 78867, 39623, 63716, 68845, 6444, 37884, 14614, 5446, 82918, 44820, 82925, 86774, 8806, 8799, 85691, 88363, 2834, 8652, 8674, 8682, 80349, 8683, 8684, 87912, 8676, 8678, 11686, 82772, 8673, 8680, 1070, 21471, 87992, 8180, 87993, 8675, 8681, 85249, 82281, 8289, 8679);
INSERT INTO `creature_model_info` (`DisplayID`, `BoundingRadius`, `CombatReach`, `DisplayID_Other_Gender`, `VerifiedBuild`) VALUES
(82867, 0.347222000360488891, 1.5, 0, 31478),
(87972, 0.63728797435760498, 1.5, 0, 31478),
(87971, 0.347222000360488891, 1.5, 0, 31478),
(82884, 0.347222000360488891, 1.5, 0, 31478),
(29755, 0.885205984115600585, 2.25, 0, 31478),
(17822, 0.60000002384185791, 1.20000004768371582, 0, 31478),
(82899, 0.347222000360488891, 1.5, 0, 31478),
(14613, 0.305999994277954101, 1.5, 0, 31478),
(6448, 0.885205984115600585, 2.25, 0, 31478),
(5070, 0.388999998569488525, 1.5, 0, 31478),
(7006, 0.369329988956451416, 1.799999952316284179, 0, 31478),
(46929, 0.310000002384185791, 1, 0, 31478),
(62093, 0.525336027145385742, 1.20000004768371582, 0, 31478),
(82897, 0.305999994277954101, 1.5, 0, 31478),
(3167, 0.305999994277954101, 1.5, 0, 31478),
(2306, 0.305999994277954101, 1.5, 0, 31478),
(37014, 0.336600005626678466, 1.649999976158142089, 0, 31478),
(14332, 0.89483797550201416, 2.25, 0, 31478),
(83233, 1, 1.5, 0, 31478),
(65199, 0.472041010856628417, 1.5, 0, 31478),
(87892, 0.435066014528274536, 1.20000004768371582, 0, 31478),
(78869, 0.430168002843856811, 1.5, 0, 31478),
(82973, 0.347222000360488891, 1.5, 0, 31478),
(47034, 0.208000004291534423, 1.5, 0, 31478),
(83232, 0.347222000360488891, 1.5, 0, 31478),
(6080, 0.885205984115600585, 2.25, 0, 31478),
(37015, 0.336600005626678466, 1.649999976158142089, 0, 31478),
(14331, 0.89483797550201416, 2.25, 0, 31478),
(82919, 0.347222000360488891, 1.5, 0, 31478),
(2788, 0.305999994277954101, 1.5, 0, 31478),
(2244, 0.388999998569488525, 1.5, 0, 31478),
(82895, 0.305999994277954101, 1.5, 0, 31478),
(83230, 1, 1.5, 0, 31478),
(14632, 0.89483797550201416, 2.25, 0, 31478),
(41667, 0.347222000360488891, 1.5, 0, 31478),
(82874, 0.321299999952316284, 1.57500004768371582, 0, 31478),
(82875, 0.347222000360488891, 1.5, 0, 31478),
(82928, 1, 1.5, 0, 31478),
(78867, 0.427248001098632812, 1.875, 0, 31478),
(39623, 0.310000002384185791, 1, 0, 31478),
(63716, 0.221895992755889892, 0.800000011920928955, 0, 31478),
(68845, 0.217223003506660461, 1, 0, 31478),
(6444, 0.885205984115600585, 2.25, 0, 31478),
(37884, 0.351900011301040649, 1.72500002384185791, 0, 31478),
(14614, 0.305999994277954101, 1.5, 0, 31478),
(5446, 0.208000004291534423, 1.5, 0, 31478),
(82918, 0.347222000360488891, 1.5, 0, 31478),
(44820, 0.22609199583530426, 1, 0, 31478),
(82925, 1, 1.5, 0, 31478),
(86774, 0.958181023597717285, 2.5, 0, 31478),
(8806, 0.347000002861022949, 1.5, 0, 31478),
(8799, 0.347000002861022949, 1.5, 0, 31478),
(85691, 0.656837999820709228, 1, 0, 31478),
(88363, 0.347000002861022949, 1.5, 0, 31478),
(2834, 0.892084002494812011, 1.5, 0, 31478),
(8652, 0.305999994277954101, 1.5, 0, 31478),
(8674, 0.347000002861022949, 1.5, 0, 31478),
(8682, 0.416399985551834106, 1.799999952316284179, 0, 31478),
(80349, 2.799999952316284179, 1.5, 0, 31478),
(8683, 0.416399985551834106, 1.799999952316284179, 0, 31478),
(8684, 0.416399985551834106, 1.799999952316284179, 0, 31478),
(87912, 0.312299996614456176, 1.35000002384185791, 0, 31478),
(8676, 0.347000002861022949, 1.5, 0, 31478),
(8678, 0.347000002861022949, 1.5, 0, 31478),
(11686, 0.5, 1, 0, 31478),
(82772, 0.347000002861022949, 1.5, 0, 31478),
(8673, 0.347000002861022949, 1.5, 0, 31478),
(8680, 0.347000002861022949, 1.5, 0, 31478),
(1070, 1, 2, 0, 31478),
(21471, 0, 1.5, 0, 31478),
(87992, 0.347000002861022949, 1.5, 0, 31478),
(8180, 0.503912985324859619, 1.20000004768371582, 0, 31478),
(87993, 0.347000002861022949, 1.5, 0, 31478),
(8675, 0.347000002861022949, 1.5, 0, 31478),
(8681, 0.416399985551834106, 1.799999952316284179, 0, 31478),
(85249, 0.381700009107589721, 1.649999976158142089, 0, 31478),
(82281, 0.347000002861022949, 1.5, 0, 31478),
(8289, 2.163000106811523437, 3.15000009536743164, 0, 31478),
(8679, 0.347000002861022949, 1.5, 0, 31478);


DELETE FROM `creature_equip_template` WHERE (`ID`=1 AND `CreatureID` IN (148798,126321,50307,133431,126328,141079,68,133433,133441,144133,144125,144129,144153,144135,144154));
INSERT INTO `creature_equip_template` (`CreatureID`, `ID`, `ItemID1`, `AppearanceModID1`, `ItemVisual1`, `ItemID2`, `AppearanceModID2`, `ItemVisual2`, `ItemID3`, `AppearanceModID3`, `ItemVisual3`) VALUES
(148798, 1, 153575, 0, 0, 0, 0, 0, 0, 0, 0), -- 148798
(126321, 1, 0, 0, 0, 0, 0, 0, 151781, 0, 0), -- 126321
(50307, 1, 7944, 0, 0, 0, 0, 0, 0, 0, 0), -- 50307
(133431, 1, 0, 0, 0, 42557, 0, 0, 0, 0, 0), -- 133431
(126328, 1, 0, 0, 0, 0, 0, 0, 77364, 0, 0), -- 126328
(141079, 1, 5598, 0, 0, 0, 0, 0, 2550, 0, 0), -- 141079
(68, 1, 1899, 0, 0, 143, 0, 0, 2551, 0, 0), -- 68
(133433, 1, 1511, 0, 0, 0, 0, 0, 0, 0, 0), -- 133433
(133441, 1, 25238, 0, 0, 0, 0, 0, 0, 0, 0), -- 133441
(144133, 1, 1903, 0, 0, 0, 0, 0, 6886, 0, 0), -- 144133
(144125, 1, 0, 0, 0, 0, 0, 0, 2552, 0, 0), -- 144125
(144129, 1, 2705, 0, 0, 0, 0, 0, 0, 0, 0), -- 144129
(144153, 1, 11684, 0, 0, 163598, 0, 0, 0, 0, 0), -- 144153
(144135, 1, 5289, 0, 0, 0, 0, 0, 0, 0, 0), -- 144135
(144154, 1, 163599, 0, 0, 0, 0, 0, 0, 0, 0); -- 144154

DELETE FROM `quest_visual_effect` WHERE (`ID`=341543 AND `Index`=0);
INSERT INTO `quest_visual_effect` (`ID`, `Index`, `VisualEffect`, `VerifiedBuild`) VALUES
(341543, 0, 8537, 31478);

DELETE FROM `creature_template_model` WHERE (`Idx`=0 AND `CreatureID` IN (126306,129679,50927,50933,143711,133394,4753,12360,126323,133411,116312,144181,133362,126321,126326,126332,126319,133409,126328,112698,126301,126324,133197,148798,140253,133396,133509,133363,133672,133433,133408,68,133431,133441,4730,12358,12359,14555,14556,14602,50305,50307,112686,141079,144133,144125,144124,144119,144130,144129,143567,144156,144153,144152,144154,144132,144123,144122,144135,144127,144163,144126)) OR (`Idx`=3 AND `CreatureID` IN (112698,140253,133509,133672,133433,133431,133441,141079,144133,144125,144127,144163)) OR (`Idx`=2 AND `CreatureID` IN (112698,140253,133509,133672,133433,133431,133441,112686,141079,144133,144125,144127,144163,144126)) OR (`Idx`=1 AND `CreatureID` IN (112698,140253,133509,133672,133433,68,133431,133441,112686,141079,144133,144125,144135,144127,144163,144126)) OR (`Idx`=53 AND `CreatureID`=140253) OR (`Idx`=52 AND `CreatureID`=140253) OR (`Idx`=51 AND `CreatureID`=140253) OR (`Idx`=50 AND `CreatureID`=140253) OR (`Idx`=49 AND `CreatureID`=140253) OR (`Idx`=48 AND `CreatureID`=140253) OR (`Idx`=47 AND `CreatureID`=140253) OR (`Idx`=46 AND `CreatureID`=140253) OR (`Idx`=45 AND `CreatureID`=140253) OR (`Idx`=44 AND `CreatureID`=140253) OR (`Idx`=43 AND `CreatureID`=140253) OR (`Idx`=42 AND `CreatureID`=140253) OR (`Idx`=41 AND `CreatureID`=140253) OR (`Idx`=40 AND `CreatureID`=140253) OR (`Idx`=39 AND `CreatureID`=140253) OR (`Idx`=38 AND `CreatureID`=140253) OR (`Idx`=37 AND `CreatureID`=140253) OR (`Idx`=36 AND `CreatureID`=140253) OR (`Idx`=35 AND `CreatureID`=140253) OR (`Idx`=34 AND `CreatureID`=140253) OR (`Idx`=33 AND `CreatureID`=140253) OR (`Idx`=32 AND `CreatureID`=140253) OR (`Idx`=31 AND `CreatureID`=140253) OR (`Idx`=30 AND `CreatureID`=140253) OR (`Idx`=29 AND `CreatureID`=140253) OR (`Idx`=28 AND `CreatureID`=140253) OR (`Idx`=27 AND `CreatureID`=140253) OR (`Idx`=26 AND `CreatureID`=140253) OR (`Idx`=25 AND `CreatureID`=140253) OR (`Idx`=24 AND `CreatureID`=140253) OR (`Idx`=23 AND `CreatureID`=140253) OR (`Idx`=22 AND `CreatureID`=140253) OR (`Idx`=21 AND `CreatureID`=140253) OR (`Idx`=20 AND `CreatureID`=140253) OR (`Idx`=19 AND `CreatureID`=140253) OR (`Idx`=18 AND `CreatureID`=140253) OR (`Idx`=17 AND `CreatureID`=140253) OR (`Idx`=16 AND `CreatureID`=140253) OR (`Idx`=15 AND `CreatureID`=140253) OR (`Idx`=14 AND `CreatureID`=140253) OR (`Idx`=13 AND `CreatureID`=140253) OR (`Idx`=12 AND `CreatureID`=140253) OR (`Idx`=11 AND `CreatureID`=140253) OR (`Idx`=10 AND `CreatureID`=140253) OR (`Idx`=9 AND `CreatureID`=140253) OR (`Idx`=8 AND `CreatureID`=140253) OR (`Idx`=7 AND `CreatureID`=140253) OR (`Idx`=6 AND `CreatureID`=140253) OR (`Idx`=5 AND `CreatureID`=140253) OR (`Idx`=4 AND `CreatureID`=140253);
INSERT INTO `creature_template_model` (`CreatureID`, `Idx`, `CreatureDisplayID`, `DisplayScale`, `Probability`, `VerifiedBuild`) VALUES
(126306, 0, 82047, 1, 1, 31478), -- 126306
(129679, 0, 82867, 1, 1, 31478), -- 129679
(50927, 0, 87972, 0.449999988079071044, 1, 31478), -- 50927
(50933, 0, 87972, 0.5, 1, 31478), -- 50933
(143711, 0, 87971, 1, 1, 31478), -- 143711
(133394, 0, 82884, 1, 1, 31478), -- 133394
(4753, 0, 5070, 1, 1, 31478), -- 4753
(12360, 0, 6448, 1, 1, 31478), -- 12360
(126323, 0, 17822, 1, 1, 31478), -- 126323
(133411, 0, 82899, 1, 1, 31478), -- 133411
(116312, 0, 7006, 1, 1, 31478), -- 116312
(144181, 0, 80349, 1, 1, 31478), -- 144181
(133362, 0, 82874, 1, 1, 31478), -- 133362
(126321, 0, 78869, 1, 1, 31478), -- 126321
(126326, 0, 86774, 1, 1, 31478), -- 126326
(126332, 0, 41667, 1, 1, 31478), -- 126332
(126319, 0, 78867, 0.899999976158142089, 1, 31478), -- 126319
(133409, 0, 46929, 1, 1, 31478), -- 133409
(126328, 0, 39623, 1, 1, 31478), -- 126328
(112698, 3, 72183, 1, 1, 31478), -- 112698
(112698, 2, 72181, 1, 1, 31478), -- 112698
(112698, 1, 72180, 1, 1, 31478), -- 112698
(112698, 0, 63716, 1, 1, 31478), -- 112698
(126301, 0, 65199, 1, 1, 31478), -- 126301
(126324, 0, 62093, 1, 1, 31478), -- 126324
(133197, 0, 82772, 1, 1, 31478), -- 133197
(148798, 0, 87892, 1, 1, 31478), -- 148798
(140253, 53, 2276, 1, 1, 31478), -- 140253
(140253, 52, 2273, 1, 1, 31478), -- 140253
(140253, 51, 2272, 1, 1, 31478), -- 140253
(140253, 50, 2269, 1, 1, 31478), -- 140253
(140253, 49, 2267, 1, 1, 31478), -- 140253
(140253, 48, 14755, 1, 1, 31478), -- 140253
(140253, 47, 2264, 1, 1, 31478), -- 140253
(140253, 46, 2263, 1, 1, 31478), -- 140253
(140253, 45, 11680, 1, 1, 31478), -- 140253
(140253, 44, 2257, 1, 1, 31478), -- 140253
(140253, 43, 2256, 1, 1, 31478), -- 140253
(140253, 42, 2248, 1, 1, 31478), -- 140253
(140253, 41, 2247, 1, 1, 31478), -- 140253
(140253, 40, 4271, 1, 1, 31478), -- 140253
(140253, 39, 2245, 1, 1, 31478), -- 140253
(140253, 38, 2244, 1, 1, 31478), -- 140253
(140253, 37, 7997, 1, 1, 31478), -- 140253
(140253, 36, 7996, 1, 1, 31478), -- 140253
(140253, 35, 2228, 1, 1, 31478), -- 140253
(140253, 34, 2208, 1, 1, 31478), -- 140253
(140253, 33, 2211, 1, 1, 31478), -- 140253
(140253, 32, 2221, 1, 1, 31478), -- 140253
(140253, 31, 2220, 1, 1, 31478), -- 140253
(140253, 30, 15959, 1, 1, 31478), -- 140253
(140253, 29, 2203, 1, 1, 31478), -- 140253
(140253, 28, 10624, 1, 1, 31478), -- 140253
(140253, 27, 5745, 1, 1, 31478), -- 140253
(140253, 26, 4409, 1, 1, 31478), -- 140253
(140253, 25, 5441, 1, 1, 31478), -- 140253
(140253, 24, 4402, 1, 1, 31478), -- 140253
(140253, 23, 28415, 1, 1, 31478), -- 140253
(140253, 22, 28416, 1, 1, 31478), -- 140253
(140253, 21, 4399, 1, 1, 31478), -- 140253
(140253, 20, 9551, 1, 1, 31478), -- 140253
(140253, 19, 4403, 1, 1, 31478), -- 140253
(140253, 18, 28498, 1, 1, 31478), -- 140253
(140253, 17, 4181, 1, 1, 31478), -- 140253
(140253, 16, 22612, 1, 1, 31478), -- 140253
(140253, 15, 2459, 1, 1, 31478), -- 140253
(140253, 14, 20873, 1, 1, 31478), -- 140253
(140253, 13, 1717, 1, 1, 31478), -- 140253
(140253, 12, 29798, 1, 1, 31478), -- 140253
(140253, 11, 86654, 1, 1, 31478), -- 140253
(140253, 10, 86655, 1, 1, 31478), -- 140253
(140253, 9, 86656, 1, 1, 31478), -- 140253
(140253, 8, 86657, 1, 1, 31478), -- 140253
(140253, 7, 86665, 1, 1, 31478), -- 140253
(140253, 6, 86664, 1, 1, 31478), -- 140253
(140253, 5, 86663, 1, 1, 31478), -- 140253
(140253, 4, 86662, 1, 1, 31478), -- 140253
(140253, 3, 86661, 1, 1, 31478), -- 140253
(140253, 2, 86660, 1, 1, 31478), -- 140253
(140253, 1, 86659, 1, 1, 31478), -- 140253
(140253, 0, 86658, 1, 1, 31478), -- 140253
(133396, 0, 82895, 1, 1, 31478), -- 133396
(133509, 3, 83236, 1, 1, 31478), -- 133509
(133509, 2, 83235, 1, 1, 31478), -- 133509
(133509, 1, 83108, 1, 1, 31478), -- 133509
(133509, 0, 82973, 1, 1, 31478), -- 133509
(133363, 0, 82875, 1, 1, 31478), -- 133363
(133672, 3, 37884, 1, 1, 31478), -- 133672
(133672, 2, 58463, 1, 1, 31478), -- 133672
(133672, 1, 47034, 1, 1, 31478), -- 133672
(133672, 0, 15813, 1, 1, 31478), -- 133672
(133433, 3, 82919, 1, 1, 31478), -- 133433
(133433, 2, 82918, 1, 1, 31478), -- 133433
(133433, 1, 83232, 1, 1, 31478), -- 133433
(133433, 0, 83231, 1, 1, 31478), -- 133433
(133408, 0, 82897, 1, 1, 31478), -- 133408
(68, 1, 5446, 1, 50, 31478), -- 68
(68, 0, 3167, 1, 50, 31478), -- 68
(133431, 3, 83230, 1, 1, 31478), -- 133431
(133431, 2, 83229, 1, 1, 31478), -- 133431
(133431, 1, 82914, 1, 1, 31478), -- 133431
(133431, 0, 80978, 1, 1, 31478), -- 133431
(133441, 3, 83234, 1, 1, 31478), -- 133441
(133441, 2, 83233, 1, 1, 31478), -- 133441
(133441, 1, 82928, 1, 1, 31478), -- 133441
(133441, 0, 82925, 1, 1, 31478), -- 133441
(4730, 0, 2788, 1, 1, 31478), -- 4730
(12358, 0, 6080, 1, 1, 31478), -- 12358
(12359, 0, 6444, 1, 1, 31478), -- 12359
(14555, 0, 14332, 1, 1, 31478), -- 14555
(14556, 0, 14331, 1, 1, 31478), -- 14556
(14602, 0, 14632, 1, 1, 31478), -- 14602
(50305, 0, 37014, 1, 1, 31478), -- 50305
(50307, 0, 37015, 1, 1, 31478), -- 50307
(112686, 2, 44820, 1, 1, 31478), -- 112686
(112686, 1, 68845, 1, 1, 31478), -- 112686
(112686, 0, 68729, 1, 1, 31478), -- 112686
(141079, 3, 14615, 1, 25, 31478), -- 141079
(141079, 2, 14614, 1, 25, 31478), -- 141079
(141079, 1, 14613, 1, 25, 31478), -- 141079
(141079, 0, 2306, 1, 25, 31478), -- 141079
(144133, 3, 8806, 1, 25, 31478), -- 144133
(144133, 2, 8805, 1, 25, 31478), -- 144133
(144133, 1, 8804, 1, 25, 31478), -- 144133
(144133, 0, 8803, 1, 25, 31478), -- 144133
(144125, 3, 8801, 1, 25, 31478), -- 144125
(144125, 2, 8800, 1, 25, 31478), -- 144125
(144125, 1, 8799, 1, 25, 31478), -- 144125
(144125, 0, 8798, 1, 25, 31478), -- 144125
(144124, 0, 85691, 1, 1, 31478), -- 144124
(144119, 0, 88363, 1, 1, 31478), -- 144119
(144130, 0, 2834, 1, 1, 31478), -- 144130
(144129, 0, 8652, 1, 1, 31478), -- 144129
(143567, 0, 80349, 1, 1, 31478), -- 143567
(144156, 0, 82281, 1, 1, 31478), -- 144156
(144153, 0, 87912, 1, 1, 31478), -- 144153
(144152, 0, 82772, 1, 1, 31478), -- 144152
(144154, 0, 85249, 1, 1, 31478), -- 144154
(144132, 0, 8289, 1, 1, 31478), -- 144132
(144123, 0, 1070, 1, 1, 31478), -- 144123
(144122, 0, 8180, 0.800000011920928955, 1, 31478), -- 144122
(144135, 1, 87993, 1, 1, 31478), -- 144135
(144135, 0, 87992, 1, 1, 31478), -- 144135
(144127, 3, 8676, 1, 1, 31478), -- 144127
(144127, 2, 8675, 1, 1, 31478), -- 144127
(144127, 1, 8674, 1, 1, 31478), -- 144127
(144127, 0, 8673, 1, 1, 31478), -- 144127
(144163, 3, 8684, 1, 1, 31478), -- 144163
(144163, 2, 8683, 1, 1, 31478), -- 144163
(144163, 1, 8682, 1, 1, 31478), -- 144163
(144163, 0, 8681, 1, 1, 31478), -- 144163
(144126, 2, 8680, 1, 1, 31478), -- 144126
(144126, 1, 8679, 1, 1, 31478), -- 144126
(144126, 0, 8678, 1, 1, 31478); -- 144126


DELETE FROM `gameobject_template` WHERE `entry` IN (190536 /*190536*/, 232224 /*232224*/, 232234 /*232234*/, 232225 /*232225*/, 203751 /*203751*/, 281205 /*281205*/, 278329 /*278329*/, 278331 /*278331*/, 278328 /*278328*/, 316736 /*316736*/, 281204 /*281204*/, 250568 /*250568*/, 209039 /*209039*/, 278330 /*278330*/, 278310 /*278310*/, 273853 /*273853*/, 278332 /*278332*/, 278324 /*278324*/, 278333 /*278333*/, 278325 /*278325*/, 278326 /*278326*/, 278327 /*278327*/, 273855 /*273855*/, 298865 /*298865*/, 292769 /*292769*/, 278311 /*278311*/, 204281 /*204281*/, 293324 /*293324*/, 194282 /*194282*/, 292776 /*292776*/, 209059 /*209059*/, 259008 /*259008*/, 207227 /*207227*/, 206329 /*206329*/, 206328 /*206328*/, 301420 /*301420*/, 301297 /*301297*/, 301298 /*301298*/, 301299 /*301299*/, 301402 /*301402*/, 301377 /*301377*/, 301378 /*301378*/, 301332 /*301332*/, 301326 /*301326*/, 301323 /*301323*/, 301396 /*301396*/, 301397 /*301397*/, 301398 /*301398*/, 301401 /*301401*/, 301399 /*301399*/, 301395 /*301395*/, 301400 /*301400*/, 301324 /*301324*/, 301325 /*301325*/, 301384 /*301384*/, 301385 /*301385*/, 301392 /*301392*/, 301381 /*301381*/, 301382 /*301382*/, 301331 /*301331*/, 301327 /*301327*/, 301335 /*301335*/, 301336 /*301336*/, 301337 /*301337*/, 301338 /*301338*/, 301390 /*301390*/, 301386 /*301386*/, 301387 /*301387*/, 301380 /*301380*/, 301383 /*301383*/, 301379 /*301379*/, 301388 /*301388*/, 301389 /*301389*/, 301328 /*301328*/, 301321 /*301321*/, 301322 /*301322*/, 301393 /*301393*/, 301394 /*301394*/, 301391 /*301391*/, 301412 /*301412*/, 301413 /*301413*/, 301414 /*301414*/, 301411 /*301411*/, 301334 /*301334*/, 301410 /*301410*/, 301329 /*301329*/, 301348 /*301348*/, 301351 /*301351*/, 301415 /*301415*/, 301350 /*301350*/, 301375 /*301375*/, 301343 /*301343*/, 301344 /*301344*/, 299340 /*299340*/, 299341 /*299341*/, 292529 /*292529*/, 299338 /*299338*/, 301346 /*301346*/, 301347 /*301347*/, 301352 /*301352*/, 301342 /*301342*/, 301282 /*301282*/, 301356 /*301356*/, 301357 /*301357*/, 301359 /*301359*/, 301353 /*301353*/, 301355 /*301355*/, 301372 /*301372*/, 301373 /*301373*/, 301374 /*301374*/, 301370 /*301370*/, 301371 /*301371*/, 301376 /*301376*/, 301349 /*301349*/, 301354 /*301354*/, 301364 /*301364*/, 301365 /*301365*/, 301366 /*301366*/, 301367 /*301367*/, 301360 /*301360*/, 301362 /*301362*/, 301363 /*301363*/, 301368 /*301368*/, 301369 /*301369*/, 301345 /*301345*/, 301358 /*301358*/, 301361 /*301361*/);
INSERT INTO `gameobject_template` (`entry`, `type`, `displayId`, `name`, `IconName`, `castBarCaption`, `unk1`, `size`, `Data0`, `Data1`, `Data2`, `Data3`, `Data4`, `Data5`, `Data6`, `Data7`, `Data8`, `Data9`, `Data10`, `Data11`, `Data12`, `Data13`, `Data14`, `Data15`, `Data16`, `Data17`, `Data18`, `Data19`, `Data20`, `Data21`, `Data22`, `Data23`, `Data24`, `Data25`, `Data26`, `Data27`, `Data28`, `Data29`, `Data30`, `Data31`, `Data32`, `Data33`, `RequiredLevel`, `VerifiedBuild`) VALUES
(190536, 15, 7446, 'Ship, Icebreaker (Stormwind\'s Pride)', '', '', '', 1, 965, 21, 1, 0, 0, 1, 614, 3481, 0, 0, 0, 0, 0, 0, 0, 0, 0, 0, 0, 0, 0, 0, 0, 0, 0, 0, 0, 0, 0, 0, 0, 0, 0, 0, 0, 31478), -- 190536
(232224, 7, 15413, 'Woodbench', '', '', '', 1, 1, 2, 0, 0, 0, 0, 0, 0, 0, 0, 0, 0, 0, 0, 0, 0, 0, 0, 0, 0, 0, 0, 0, 0, 0, 0, 0, 0, 0, 0, 0, 0, 0, 0, 0, 31478), -- 232224
(232234, 7, 15618, 'Woodbench', '', '', '', 1, 1, 2, 0, 0, 0, 0, 0, 0, 0, 0, 0, 0, 0, 0, 0, 0, 0, 0, 0, 0, 0, 0, 0, 0, 0, 0, 0, 0, 0, 0, 0, 0, 0, 0, 0, 31478), -- 232234
(232225, 7, 15413, 'Woodbench', '', '', '', 1, 1, 2, 0, 0, 0, 0, 0, 0, 0, 0, 0, 0, 0, 0, 0, 0, 0, 0, 0, 0, 0, 0, 0, 0, 0, 0, 0, 0, 0, 0, 0, 0, 0, 0, 0, 31478), -- 232225
(203751, 3, 60, 'Stormwind Pumpkin', '', 'Harvesting', '', 1, 43, 29946, 0, 1, 0, 0, 0, 0, 0, 0, 0, 0, 0, 0, 42231, 0, 0, 0, 0, 0, 0, 0, 0, 0, 0, 0, 0, 0, 0, 0, 0, 0, 0, 0, 0, 31478), -- 203751
(281205, 5, 7409, 'Simmering Stew', '', '', '', 2, 0, 1, 0, 0, 0, 0, 0, 0, 0, 0, 0, 0, 0, 0, 0, 0, 0, 0, 0, 0, 0, 0, 0, 0, 0, 0, 0, 0, 0, 0, 0, 0, 0, 0, 0, 31478), -- 281205
(278329, 7, 15617, 'Chair', '', '', '', 1, 1, 1, 0, 0, 0, 0, 0, 0, 0, 0, 0, 0, 0, 0, 0, 0, 0, 0, 0, 0, 0, 0, 0, 0, 0, 0, 0, 0, 0, 0, 0, 0, 0, 0, 0, 31478), -- 278329
(278331, 7, 15617, 'Chair', '', '', '', 1, 1, 1, 0, 0, 0, 0, 0, 0, 0, 0, 0, 0, 0, 0, 0, 0, 0, 0, 0, 0, 0, 0, 0, 0, 0, 0, 0, 0, 0, 0, 0, 0, 0, 0, 0, 31478), -- 278331
(278328, 5, 15617, 'Chair', '', '', '', 1, 0, 0, 0, 0, 0, 0, 0, 0, 0, 0, 0, 0, 0, 0, 0, 0, 0, 0, 0, 0, 0, 0, 0, 0, 0, 0, 0, 0, 0, 0, 0, 0, 0, 0, 0, 31478), -- 278328
(316736, 10, 46194, 'Kul Tiran', 'inspect', '', '', 0.5, 0, 0, 0, 0, 0, 0, 0, 0, 0, 0, 288554, 0, 0, 0, 0, 0, 0, 0, 0, 0, 1, 0, 0, 1, 0, 0, 0, 0, 0, 0, 0, 0, 0, 0, 0, 31478), -- 316736
(281204, 5, 14839, 'Cooking Table', '', '', '', 1, 0, 0, 0, 0, 0, 0, 0, 0, 0, 0, 0, 0, 0, 0, 0, 0, 0, 0, 0, 0, 0, 0, 0, 0, 0, 0, 0, 0, 0, 0, 0, 0, 0, 0, 0, 31478), -- 281204
(250568, 5, 34273, 'Pot', '', '', '', 1, 0, 0, 0, 0, 0, 0, 0, 0, 0, 0, 0, 0, 0, 0, 0, 0, 0, 0, 0, 0, 0, 0, 0, 0, 0, 0, 0, 0, 0, 0, 0, 0, 0, 0, 0, 31478), -- 250568
(209039, 5, 7720, 'The Shady Lady', '', '', '', 1, 1, 1, 0, 1, 0, 0, 0, 0, 0, 0, 0, 0, 0, 0, 0, 0, 0, 0, 0, 0, 0, 0, 0, 0, 0, 0, 0, 0, 0, 0, 0, 0, 0, 0, 0, 31478), -- 209039
(278330, 7, 15419, 'Chair', '', '', '', 1, 1, 1, 0, 0, 0, 0, 0, 0, 0, 0, 0, 0, 0, 0, 0, 0, 0, 0, 0, 0, 0, 0, 0, 0, 0, 0, 0, 0, 0, 0, 0, 0, 0, 0, 0, 31478), -- 278330
(278310, 19, 15246, 'Mailbox', '', '', '', 1, 0, 0, 0, 0, 0, 0, 0, 0, 0, 0, 0, 0, 0, 0, 0, 0, 0, 0, 0, 0, 0, 0, 0, 0, 0, 0, 0, 0, 0, 0, 0, 0, 0, 0, 0, 31478), -- 278310
(273853, 10, 47680, 'Void Elf', 'inspect', '', '', 1.299999952316284179, 0, 0, 0, 0, 0, 0, 0, 0, 0, 0, 257989, 0, 0, 0, 0, 0, 0, 0, 0, 0, 1, 0, 0, 1, 0, 0, 0, 0, 0, 0, 0, 0, 0, 0, 0, 31478), -- 273853
(278332, 7, 15618, 'Bench', '', '', '', 1, 1, 1, 0, 0, 0, 0, 0, 0, 0, 0, 0, 0, 0, 0, 0, 0, 0, 0, 0, 0, 0, 0, 0, 0, 0, 0, 0, 0, 0, 0, 0, 0, 0, 0, 0, 31478), -- 278332
(278324, 7, 15617, 'Chair', '', '', '', 1, 1, 1, 0, 0, 0, 0, 0, 0, 0, 0, 0, 0, 0, 0, 0, 0, 0, 0, 0, 0, 0, 0, 0, 0, 0, 0, 0, 0, 0, 0, 0, 0, 0, 0, 0, 31478), -- 278324
(278333, 7, 15618, 'Bench', '', '', '', 1, 1, 1, 0, 0, 0, 0, 0, 0, 0, 0, 0, 0, 0, 0, 0, 0, 0, 0, 0, 0, 0, 0, 0, 0, 0, 0, 0, 0, 0, 0, 0, 0, 0, 0, 0, 31478), -- 278333
(278325, 7, 15617, 'Chair', '', '', '', 1, 1, 1, 0, 0, 0, 0, 0, 0, 0, 0, 0, 0, 0, 0, 0, 0, 0, 0, 0, 0, 0, 0, 0, 0, 0, 0, 0, 0, 0, 0, 0, 0, 0, 0, 0, 31478), -- 278325
(278326, 7, 15618, 'Bench', '', '', '', 1, 1, 1, 0, 0, 0, 0, 0, 0, 0, 0, 0, 0, 0, 0, 0, 0, 0, 0, 0, 0, 0, 0, 0, 0, 0, 0, 0, 0, 0, 0, 0, 0, 0, 0, 0, 31478), -- 278326
(278327, 7, 15618, 'Bench', '', '', '', 1, 1, 1, 0, 0, 0, 0, 0, 0, 0, 0, 0, 0, 0, 0, 0, 0, 0, 0, 0, 0, 0, 0, 0, 0, 0, 0, 0, 0, 0, 0, 0, 0, 0, 0, 0, 31478), -- 278327
(273855, 10, 47677, 'Lightforged Draenei', 'inspect', '', '', 0.85000002384185791, 0, 0, 0, 0, 0, 0, 0, 0, 0, 0, 257990, 0, 0, 0, 0, 0, 0, 0, 0, 0, 1, 0, 0, 1, 0, 0, 1, 0, 0, 0, 0, 0, 0, 0, 0, 31478), -- 273855
(298865, 10, 51984, 'Dark Iron Dwarf', 'inspect', '', '', 1.20000004768371582, 0, 0, 0, 3000, 0, 0, 0, 0, 0, 0, 280307, 0, 0, 0, 0, 0, 0, 0, 0, 0, 1, 0, 0, 1, 0, 0, 0, 0, 0, 0, 0, 0, 0, 0, 0, 31478), -- 298865
(292769, 5, 8360, 'Tent', '', '', '', 0.699999988079071044, 0, 0, 0, 0, 0, 0, 0, 0, 0, 0, 0, 0, 0, 0, 0, 0, 0, 0, 0, 0, 0, 0, 0, 0, 0, 0, 0, 0, 0, 0, 0, 0, 0, 0, 0, 31478), -- 292769
(278311, 8, 23396, 'Bonfire', '', '', '', 1, 4, 10, 215916, 0, 0, 0, 0, 0, 0, 0, 0, 0, 0, 0, 0, 0, 0, 0, 0, 0, 0, 0, 0, 0, 0, 0, 0, 0, 0, 0, 0, 0, 0, 0, 0, 31478), -- 278311
(204281, 3, 20, 'Worm Mound', '', 'Digging', '', 1, 259, 30786, 0, 1, 0, 0, 0, 0, 0, 0, 0, 0, 0, 0, 35059, 0, 0, 0, 0, 0, 0, 0, 0, 0, 0, 0, 0, 0, 0, 0, 0, 0, 0, 0, 0, 31478), -- 204281
(293324, 5, 16214, 'Table (Human, Small)', '', '', '', 1, 0, 0, 0, 0, 0, 0, 0, 0, 0, 0, 0, 0, 0, 0, 0, 0, 0, 0, 0, 0, 0, 0, 0, 0, 0, 0, 0, 0, 0, 0, 0, 0, 0, 0, 0, 31478), -- 293324
(194282, 5, 10476, 'Darnassus Banner', '', '', '', 1, 0, 1, 0, 0, 0, 0, 0, 0, 0, 0, 0, 0, 0, 0, 0, 0, 0, 0, 0, 0, 0, 0, 0, 0, 0, 0, 0, 0, 0, 0, 0, 0, 0, 0, 0, 31478), -- 194282
(292776, 5, 36, 'Boxes', '', '', '', 0.699999988079071044, 0, 0, 0, 0, 0, 0, 0, 0, 0, 0, 0, 0, 0, 0, 0, 0, 0, 0, 0, 0, 0, 0, 0, 0, 0, 0, 0, 0, 0, 0, 0, 0, 0, 0, 0, 31478), -- 292776
(209059, 3, 10249, 'Blood Nettle', 'GatherHerbs', '', '', 1, 1702, 39847, 0, 1, 0, 0, 0, 0, 0, 0, 0, 0, 0, 0, 0, 0, 0, 0, 0, 0, 0, 0, 0, 0, 0, 0, 0, 0, 0, 0, 0, 0, 0, 0, 0, 31478), -- 209059
(259008, 43, 37760, '7.0 Stormwind - Lion\'s Rest - Phased WMO', '', '', '', 1, -1, 0, 0, 0, 0, 0, 0, 0, 0, 0, 0, 0, 0, 0, 0, 0, 0, 0, 0, 0, 0, 0, 0, 0, 0, 0, 0, 0, 0, 0, 0, 0, 0, 0, 0, 31478), -- 259008
(207227, 15, 3031, 'Krazzworks Attack Zeppelin', '', '', '', 1, 2600, 15, 8, 0, 0, 0, 765, 0, 0, 0, 0, 0, 0, 0, 0, 0, 0, 0, 0, 0, 0, 0, 0, 0, 0, 0, 0, 0, 0, 0, 0, 0, 0, 0, 0, 31478), -- 207227
(206329, 15, 3031, 'Dragonmaw Port to Krazzworks', '', '', '', 1, 2480, 20, 8, 0, 0, 0, 763, 0, 0, 0, 0, 0, 0, 0, 0, 0, 0, 0, 0, 0, 0, 0, 0, 0, 0, 0, 0, 0, 0, 0, 0, 0, 0, 0, 0, 31478), -- 206329
(206328, 15, 3031, 'Krazzworks to Dragonmaw Port', '', '', '', 1, 2477, 20, 8, 0, 0, 0, 762, 0, 0, 0, 0, 0, 0, 0, 0, 0, 0, 0, 0, 0, 0, 0, 0, 0, 0, 0, 0, 0, 0, 0, 0, 0, 0, 0, 0, 31478), -- 206328
(301420, 7, 987, 'Bench', '', '', '', 1, 1, 1, 0, 0, 0, 0, 0, 0, 0, 0, 0, 0, 0, 0, 0, 0, 0, 0, 0, 0, 0, 0, 0, 0, 0, 0, 0, 0, 0, 0, 0, 0, 0, 0, 0, 31478), -- 301420
(301297, 0, 2790, 'Giant Doors', '', '', '', 1, 1, 0, 0, 0, 0, 0, 0, 0, 0, 0, 0, 0, 0, 0, 0, 0, 0, 0, 0, 0, 0, 0, 0, 0, 0, 0, 0, 0, 0, 0, 0, 0, 0, 0, 0, 31478), -- 301297
(301298, 0, 2853, 'Giant Door Fake Collision', '', '', '', 1, 0, 0, 0, 0, 0, 0, 0, 0, 0, 0, 0, 0, 0, 0, 0, 0, 0, 0, 0, 0, 0, 0, 0, 0, 0, 0, 0, 0, 0, 0, 0, 0, 0, 0, 0, 31478), -- 301298
(301299, 0, 2854, 'BigDoorDummyCollision02', '', '', '', 1, 0, 0, 0, 0, 0, 0, 0, 0, 0, 0, 0, 0, 0, 0, 0, 0, 0, 0, 0, 0, 0, 0, 0, 0, 0, 0, 0, 0, 0, 0, 0, 0, 0, 0, 0, 31478), -- 301299
(301402, 7, 39, 'Chair', '', '', '', 1, 1, 1, 0, 0, 0, 0, 0, 0, 0, 0, 0, 0, 0, 0, 0, 0, 0, 0, 0, 0, 0, 0, 0, 0, 0, 0, 0, 0, 0, 0, 0, 0, 0, 0, 0, 31478), -- 301402
(301377, 7, 39, 'Chair', '', '', '', 1, 1, 1, 0, 0, 0, 0, 0, 0, 0, 0, 0, 0, 0, 0, 0, 0, 0, 0, 0, 0, 0, 0, 0, 0, 0, 0, 0, 0, 0, 0, 0, 0, 0, 0, 0, 31478), -- 301377
(301378, 7, 39, 'Chair', '', '', '', 1, 1, 1, 0, 0, 0, 0, 0, 0, 0, 0, 0, 0, 0, 0, 0, 0, 0, 0, 0, 0, 0, 0, 0, 0, 0, 0, 0, 0, 0, 0, 0, 0, 0, 0, 0, 31478), -- 301378
(301332, 7, 39, 'Chair', '', '', '', 1, 1, 1, 0, 0, 0, 0, 0, 0, 0, 0, 0, 0, 0, 0, 0, 0, 0, 0, 0, 0, 0, 0, 0, 0, 0, 0, 0, 0, 0, 0, 0, 0, 0, 0, 0, 31478), -- 301332
(301326, 7, 39, 'Chair', '', '', '', 1, 1, 1, 0, 0, 0, 0, 0, 0, 0, 0, 0, 0, 0, 0, 0, 0, 0, 0, 0, 0, 0, 0, 0, 0, 0, 0, 0, 0, 0, 0, 0, 0, 0, 0, 0, 31478), -- 301326
(301323, 7, 39, 'Chair', '', '', '', 1, 1, 1, 0, 0, 0, 0, 0, 0, 0, 0, 0, 0, 0, 0, 0, 0, 0, 0, 0, 0, 0, 0, 0, 0, 0, 0, 0, 0, 0, 0, 0, 0, 0, 0, 0, 31478), -- 301323
(301396, 7, 39, 'Chair', '', '', '', 1, 1, 1, 0, 0, 0, 0, 0, 0, 0, 0, 0, 0, 0, 0, 0, 0, 0, 0, 0, 0, 0, 0, 0, 0, 0, 0, 0, 0, 0, 0, 0, 0, 0, 0, 0, 31478), -- 301396
(301397, 7, 39, 'Chair', '', '', '', 1, 1, 1, 0, 0, 0, 0, 0, 0, 0, 0, 0, 0, 0, 0, 0, 0, 0, 0, 0, 0, 0, 0, 0, 0, 0, 0, 0, 0, 0, 0, 0, 0, 0, 0, 0, 31478), -- 301397
(301398, 7, 39, 'Chair', '', '', '', 1, 1, 1, 0, 0, 0, 0, 0, 0, 0, 0, 0, 0, 0, 0, 0, 0, 0, 0, 0, 0, 0, 0, 0, 0, 0, 0, 0, 0, 0, 0, 0, 0, 0, 0, 0, 31478), -- 301398
(301401, 7, 39, 'Chair', '', '', '', 1, 1, 1, 0, 0, 0, 0, 0, 0, 0, 0, 0, 0, 0, 0, 0, 0, 0, 0, 0, 0, 0, 0, 0, 0, 0, 0, 0, 0, 0, 0, 0, 0, 0, 0, 0, 31478), -- 301401
(301399, 7, 39, 'Chair', '', '', '', 1, 1, 1, 0, 0, 0, 0, 0, 0, 0, 0, 0, 0, 0, 0, 0, 0, 0, 0, 0, 0, 0, 0, 0, 0, 0, 0, 0, 0, 0, 0, 0, 0, 0, 0, 0, 31478), -- 301399
(301395, 7, 39, 'Chair', '', '', '', 1, 1, 1, 0, 0, 0, 0, 0, 0, 0, 0, 0, 0, 0, 0, 0, 0, 0, 0, 0, 0, 0, 0, 0, 0, 0, 0, 0, 0, 0, 0, 0, 0, 0, 0, 0, 31478), -- 301395
(301400, 7, 39, 'Chair', '', '', '', 1, 1, 1, 0, 0, 0, 0, 0, 0, 0, 0, 0, 0, 0, 0, 0, 0, 0, 0, 0, 0, 0, 0, 0, 0, 0, 0, 0, 0, 0, 0, 0, 0, 0, 0, 0, 31478), -- 301400
(301324, 7, 39, 'Chair', '', '', '', 1, 1, 1, 0, 0, 0, 0, 0, 0, 0, 0, 0, 0, 0, 0, 0, 0, 0, 0, 0, 0, 0, 0, 0, 0, 0, 0, 0, 0, 0, 0, 0, 0, 0, 0, 0, 31478), -- 301324
(301325, 7, 39, 'Chair', '', '', '', 1, 1, 1, 0, 0, 0, 0, 0, 0, 0, 0, 0, 0, 0, 0, 0, 0, 0, 0, 0, 0, 0, 0, 0, 0, 0, 0, 0, 0, 0, 0, 0, 0, 0, 0, 0, 31478), -- 301325
(301384, 7, 39, 'Chair', '', '', '', 1, 1, 1, 0, 0, 0, 0, 0, 0, 0, 0, 0, 0, 0, 0, 0, 0, 0, 0, 0, 0, 0, 0, 0, 0, 0, 0, 0, 0, 0, 0, 0, 0, 0, 0, 0, 31478), -- 301384
(301385, 7, 39, 'Chair', '', '', '', 1, 1, 1, 0, 0, 0, 0, 0, 0, 0, 0, 0, 0, 0, 0, 0, 0, 0, 0, 0, 0, 0, 0, 0, 0, 0, 0, 0, 0, 0, 0, 0, 0, 0, 0, 0, 31478), -- 301385
(301392, 7, 39, 'Chair', '', '', '', 1, 1, 1, 0, 0, 0, 0, 0, 0, 0, 0, 0, 0, 0, 0, 0, 0, 0, 0, 0, 0, 0, 0, 0, 0, 0, 0, 0, 0, 0, 0, 0, 0, 0, 0, 0, 31478), -- 301392
(301381, 7, 39, 'Chair', '', '', '', 1, 1, 1, 0, 0, 0, 0, 0, 0, 0, 0, 0, 0, 0, 0, 0, 0, 0, 0, 0, 0, 0, 0, 0, 0, 0, 0, 0, 0, 0, 0, 0, 0, 0, 0, 0, 31478), -- 301381
(301382, 7, 39, 'Chair', '', '', '', 1, 1, 1, 0, 0, 0, 0, 0, 0, 0, 0, 0, 0, 0, 0, 0, 0, 0, 0, 0, 0, 0, 0, 0, 0, 0, 0, 0, 0, 0, 0, 0, 0, 0, 0, 0, 31478), -- 301382
(301331, 7, 39, 'Chair', '', '', '', 1, 1, 1, 0, 0, 0, 0, 0, 0, 0, 0, 0, 0, 0, 0, 0, 0, 0, 0, 0, 0, 0, 0, 0, 0, 0, 0, 0, 0, 0, 0, 0, 0, 0, 0, 0, 31478), -- 301331
(301327, 7, 39, 'Chair', '', '', '', 1, 1, 1, 0, 0, 0, 0, 0, 0, 0, 0, 0, 0, 0, 0, 0, 0, 0, 0, 0, 0, 0, 0, 0, 0, 0, 0, 0, 0, 0, 0, 0, 0, 0, 0, 0, 31478), -- 301327
(301335, 7, 39, 'Chair', '', '', '', 1, 1, 1, 0, 0, 0, 0, 0, 0, 0, 0, 0, 0, 0, 0, 0, 0, 0, 0, 0, 0, 0, 0, 0, 0, 0, 0, 0, 0, 0, 0, 0, 0, 0, 0, 0, 31478), -- 301335
(301336, 7, 39, 'Chair', '', '', '', 1, 1, 1, 0, 0, 0, 0, 0, 0, 0, 0, 0, 0, 0, 0, 0, 0, 0, 0, 0, 0, 0, 0, 0, 0, 0, 0, 0, 0, 0, 0, 0, 0, 0, 0, 0, 31478), -- 301336
(301337, 7, 39, 'Chair', '', '', '', 1, 1, 1, 0, 0, 0, 0, 0, 0, 0, 0, 0, 0, 0, 0, 0, 0, 0, 0, 0, 0, 0, 0, 0, 0, 0, 0, 0, 0, 0, 0, 0, 0, 0, 0, 0, 31478), -- 301337
(301338, 7, 39, 'Chair', '', '', '', 1, 1, 1, 0, 0, 0, 0, 0, 0, 0, 0, 0, 0, 0, 0, 0, 0, 0, 0, 0, 0, 0, 0, 0, 0, 0, 0, 0, 0, 0, 0, 0, 0, 0, 0, 0, 31478), -- 301338
(301390, 7, 39, 'Chair', '', '', '', 1, 1, 1, 0, 0, 0, 0, 0, 0, 0, 0, 0, 0, 0, 0, 0, 0, 0, 0, 0, 0, 0, 0, 0, 0, 0, 0, 0, 0, 0, 0, 0, 0, 0, 0, 0, 31478), -- 301390
(301386, 7, 39, 'Chair', '', '', '', 1, 1, 1, 0, 0, 0, 0, 0, 0, 0, 0, 0, 0, 0, 0, 0, 0, 0, 0, 0, 0, 0, 0, 0, 0, 0, 0, 0, 0, 0, 0, 0, 0, 0, 0, 0, 31478), -- 301386
(301387, 7, 39, 'Chair', '', '', '', 1, 1, 1, 0, 0, 0, 0, 0, 0, 0, 0, 0, 0, 0, 0, 0, 0, 0, 0, 0, 0, 0, 0, 0, 0, 0, 0, 0, 0, 0, 0, 0, 0, 0, 0, 0, 31478), -- 301387
(301380, 7, 39, 'Chair', '', '', '', 1, 1, 1, 0, 0, 0, 0, 0, 0, 0, 0, 0, 0, 0, 0, 0, 0, 0, 0, 0, 0, 0, 0, 0, 0, 0, 0, 0, 0, 0, 0, 0, 0, 0, 0, 0, 31478), -- 301380
(301383, 7, 39, 'Chair', '', '', '', 1, 1, 1, 0, 0, 0, 0, 0, 0, 0, 0, 0, 0, 0, 0, 0, 0, 0, 0, 0, 0, 0, 0, 0, 0, 0, 0, 0, 0, 0, 0, 0, 0, 0, 0, 0, 31478), -- 301383
(301379, 7, 39, 'Chair', '', '', '', 1, 1, 1, 0, 0, 0, 0, 0, 0, 0, 0, 0, 0, 0, 0, 0, 0, 0, 0, 0, 0, 0, 0, 0, 0, 0, 0, 0, 0, 0, 0, 0, 0, 0, 0, 0, 31478), -- 301379
(301388, 7, 39, 'Chair', '', '', '', 1, 1, 1, 0, 0, 0, 0, 0, 0, 0, 0, 0, 0, 0, 0, 0, 0, 0, 0, 0, 0, 0, 0, 0, 0, 0, 0, 0, 0, 0, 0, 0, 0, 0, 0, 0, 31478), -- 301388
(301389, 7, 39, 'Chair', '', '', '', 1, 1, 1, 0, 0, 0, 0, 0, 0, 0, 0, 0, 0, 0, 0, 0, 0, 0, 0, 0, 0, 0, 0, 0, 0, 0, 0, 0, 0, 0, 0, 0, 0, 0, 0, 0, 31478), -- 301389
(301328, 7, 39, 'Chair', '', '', '', 1, 1, 1, 0, 0, 0, 0, 0, 0, 0, 0, 0, 0, 0, 0, 0, 0, 0, 0, 0, 0, 0, 0, 0, 0, 0, 0, 0, 0, 0, 0, 0, 0, 0, 0, 0, 31478), -- 301328
(301321, 7, 39, 'Chair', '', '', '', 1, 1, 1, 0, 0, 0, 0, 0, 0, 0, 0, 0, 0, 0, 0, 0, 0, 0, 0, 0, 0, 0, 0, 0, 0, 0, 0, 0, 0, 0, 0, 0, 0, 0, 0, 0, 31478), -- 301321
(301322, 7, 39, 'Chair', '', '', '', 1, 1, 1, 0, 0, 0, 0, 0, 0, 0, 0, 0, 0, 0, 0, 0, 0, 0, 0, 0, 0, 0, 0, 0, 0, 0, 0, 0, 0, 0, 0, 0, 0, 0, 0, 0, 31478), -- 301322
(301393, 7, 39, 'Chair', '', '', '', 1, 1, 1, 0, 0, 0, 0, 0, 0, 0, 0, 0, 0, 0, 0, 0, 0, 0, 0, 0, 0, 0, 0, 0, 0, 0, 0, 0, 0, 0, 0, 0, 0, 0, 0, 0, 31478), -- 301393
(301394, 7, 39, 'Chair', '', '', '', 1, 1, 1, 0, 0, 0, 0, 0, 0, 0, 0, 0, 0, 0, 0, 0, 0, 0, 0, 0, 0, 0, 0, 0, 0, 0, 0, 0, 0, 0, 0, 0, 0, 0, 0, 0, 31478), -- 301394
(301391, 7, 39, 'Chair', '', '', '', 1, 1, 1, 0, 0, 0, 0, 0, 0, 0, 0, 0, 0, 0, 0, 0, 0, 0, 0, 0, 0, 0, 0, 0, 0, 0, 0, 0, 0, 0, 0, 0, 0, 0, 0, 0, 31478), -- 301391
(301412, 7, 39, 'Chair', '', '', '', 1, 1, 1, 0, 0, 0, 0, 0, 0, 0, 0, 0, 0, 0, 0, 0, 0, 0, 0, 0, 0, 0, 0, 0, 0, 0, 0, 0, 0, 0, 0, 0, 0, 0, 0, 0, 31478), -- 301412
(301413, 7, 39, 'Chair', '', '', '', 1, 1, 1, 0, 0, 0, 0, 0, 0, 0, 0, 0, 0, 0, 0, 0, 0, 0, 0, 0, 0, 0, 0, 0, 0, 0, 0, 0, 0, 0, 0, 0, 0, 0, 0, 0, 31478), -- 301413
(301414, 7, 39, 'Chair', '', '', '', 1, 1, 1, 0, 0, 0, 0, 0, 0, 0, 0, 0, 0, 0, 0, 0, 0, 0, 0, 0, 0, 0, 0, 0, 0, 0, 0, 0, 0, 0, 0, 0, 0, 0, 0, 0, 31478), -- 301414
(301411, 7, 39, 'Chair', '', '', '', 1, 1, 1, 0, 0, 0, 0, 0, 0, 0, 0, 0, 0, 0, 0, 0, 0, 0, 0, 0, 0, 0, 0, 0, 0, 0, 0, 0, 0, 0, 0, 0, 0, 0, 0, 0, 31478), -- 301411
(301334, 7, 39, 'Chair', '', '', '', 1, 1, 1, 0, 0, 0, 0, 0, 0, 0, 0, 0, 0, 0, 0, 0, 0, 0, 0, 0, 0, 0, 0, 0, 0, 0, 0, 0, 0, 0, 0, 0, 0, 0, 0, 0, 31478), -- 301334
(301410, 7, 39, 'Chair', '', '', '', 1, 1, 1, 0, 0, 0, 0, 0, 0, 0, 0, 0, 0, 0, 0, 0, 0, 0, 0, 0, 0, 0, 0, 0, 0, 0, 0, 0, 0, 0, 0, 0, 0, 0, 0, 0, 31478), -- 301410
(301329, 7, 39, 'Chair', '', '', '', 1, 1, 1, 0, 0, 0, 0, 0, 0, 0, 0, 0, 0, 0, 0, 0, 0, 0, 0, 0, 0, 0, 0, 0, 0, 0, 0, 0, 0, 0, 0, 0, 0, 0, 0, 0, 31478), -- 301329
(301348, 7, 39, 'Chair', '', '', '', 1, 1, 1, 0, 0, 0, 0, 0, 0, 0, 0, 0, 0, 0, 0, 0, 0, 0, 0, 0, 0, 0, 0, 0, 0, 0, 0, 0, 0, 0, 0, 0, 0, 0, 0, 0, 31478), -- 301348
(301351, 7, 39, 'Chair', '', '', '', 1, 1, 1, 0, 0, 0, 0, 0, 0, 0, 0, 0, 0, 0, 0, 0, 0, 0, 0, 0, 0, 0, 0, 0, 0, 0, 0, 0, 0, 0, 0, 0, 0, 0, 0, 0, 31478), -- 301351
(301415, 7, 39, 'Chair', '', '', '', 1, 1, 1, 0, 0, 0, 0, 0, 0, 0, 0, 0, 0, 0, 0, 0, 0, 0, 0, 0, 0, 0, 0, 0, 0, 0, 0, 0, 0, 0, 0, 0, 0, 0, 0, 0, 31478), -- 301415
(301350, 1, 3152, 'Dark Iron Keg Shotgun', '', '', '', 1, 0, 0, 0, 0, 0, 0, 0, 0, 0, 0, 0, 0, 0, 0, 0, 0, 0, 0, 0, 0, 0, 0, 0, 0, 0, 0, 0, 0, 0, 0, 0, 0, 0, 0, 0, 31478), -- 301350
(301375, 7, 39, 'Chair', '', '', '', 1, 1, 1, 0, 0, 0, 0, 0, 0, 0, 0, 0, 0, 0, 0, 0, 0, 0, 0, 0, 0, 0, 0, 0, 0, 0, 0, 0, 0, 0, 0, 0, 0, 0, 0, 0, 31478), -- 301375
(301343, 7, 39, 'Chair', '', '', '', 1.006710052490234375, 1, 1, 0, 0, 0, 0, 0, 0, 0, 0, 0, 0, 0, 0, 0, 0, 0, 0, 0, 0, 0, 0, 0, 0, 0, 0, 0, 0, 0, 0, 0, 0, 0, 0, 0, 31478), -- 301343
(301344, 7, 39, 'Chair', '', '', '', 1.006710052490234375, 1, 1, 0, 0, 0, 0, 0, 0, 0, 0, 0, 0, 0, 0, 0, 0, 0, 0, 0, 0, 0, 0, 0, 0, 0, 0, 0, 0, 0, 0, 0, 0, 0, 0, 0, 31478), -- 301344
(299340, 0, 3075, 'Door', '', '', '', 1.10000002384185791, 0, 0, 3000, 0, 0, 0, 0, 0, 0, 0, 0, 0, 0, 0, 0, 0, 0, 0, 0, 0, 0, 0, 0, 0, 0, 0, 0, 0, 0, 0, 0, 0, 0, 0, 0, 31478), -- 299340
(299341, 0, 3076, 'Door', '', '', '', 1.10000002384185791, 0, 0, 3000, 0, 0, 0, 0, 0, 0, 0, 0, 0, 0, 0, 0, 0, 0, 0, 0, 0, 0, 0, 0, 0, 0, 0, 0, 0, 0, 0, 0, 0, 0, 0, 0, 31478), -- 299341
(292529, 8, 50205, 'The Black Anvil', '', '', '', 1, 623, 10, 0, 0, 0, 0, 0, 0, 0, 0, 0, 0, 0, 0, 0, 0, 0, 0, 0, 0, 0, 0, 0, 0, 0, 0, 0, 0, 0, 0, 0, 0, 0, 0, 0, 31478), -- 292529
(299338, 0, 2751, 'Door', '', '', '', 1.5, 0, 0, 3000, 0, 0, 0, 0, 0, 0, 0, 0, 0, 0, 0, 0, 0, 0, 0, 0, 0, 0, 0, 0, 0, 0, 0, 0, 0, 0, 0, 0, 0, 0, 0, 0, 31478), -- 299338
(301346, 7, 39, 'Chair', '', '', '', 1, 1, 1, 0, 0, 0, 0, 0, 0, 0, 0, 0, 0, 0, 0, 0, 0, 0, 0, 0, 0, 0, 0, 0, 0, 0, 0, 0, 0, 0, 0, 0, 0, 0, 0, 0, 31478), -- 301346
(301347, 7, 39, 'Chair', '', '', '', 1, 1, 1, 0, 0, 0, 0, 0, 0, 0, 0, 0, 0, 0, 0, 0, 0, 0, 0, 0, 0, 0, 0, 0, 0, 0, 0, 0, 0, 0, 0, 0, 0, 0, 0, 0, 31478), -- 301347
(301352, 7, 39, 'Chair', '', '', '', 1, 1, 1, 0, 0, 0, 0, 0, 0, 0, 0, 0, 0, 0, 0, 0, 0, 0, 0, 0, 0, 0, 0, 0, 0, 0, 0, 0, 0, 0, 0, 0, 0, 0, 0, 0, 31478), -- 301352
(301342, 7, 39, 'Chair', '', '', '', 1, 1, 1, 0, 0, 0, 0, 0, 0, 0, 0, 0, 0, 0, 0, 0, 0, 0, 0, 0, 0, 0, 0, 0, 0, 0, 0, 0, 0, 0, 0, 0, 0, 0, 0, 0, 31478), -- 301342
(301282, 0, 2751, 'Bar Door', '', '', '', 1.309999942779541015, 0, 739, 0, 0, 0, 0, 0, 0, 0, 0, 0, 0, 0, 0, 0, 0, 0, 0, 0, 0, 0, 0, 0, 0, 0, 0, 0, 0, 0, 0, 0, 0, 0, 0, 0, 31478), -- 301282
(301356, 7, 39, 'Chair', '', '', '', 1, 1, 1, 0, 0, 0, 0, 0, 0, 0, 0, 0, 0, 0, 0, 0, 0, 0, 0, 0, 0, 0, 0, 0, 0, 0, 0, 0, 0, 0, 0, 0, 0, 0, 0, 0, 31478), -- 301356
(301357, 7, 39, 'Chair', '', '', '', 1, 1, 1, 0, 0, 0, 0, 0, 0, 0, 0, 0, 0, 0, 0, 0, 0, 0, 0, 0, 0, 0, 0, 0, 0, 0, 0, 0, 0, 0, 0, 0, 0, 0, 0, 0, 31478), -- 301357
(301359, 7, 39, 'Chair', '', '', '', 1, 1, 1, 0, 0, 0, 0, 0, 0, 0, 0, 0, 0, 0, 0, 0, 0, 0, 0, 0, 0, 0, 0, 0, 0, 0, 0, 0, 0, 0, 0, 0, 0, 0, 0, 0, 31478), -- 301359
(301353, 7, 39, 'Chair', '', '', '', 1, 1, 1, 0, 0, 0, 0, 0, 0, 0, 0, 0, 0, 0, 0, 0, 0, 0, 0, 0, 0, 0, 0, 0, 0, 0, 0, 0, 0, 0, 0, 0, 0, 0, 0, 0, 31478), -- 301353
(301355, 7, 39, 'Chair', '', '', '', 1, 1, 1, 0, 0, 0, 0, 0, 0, 0, 0, 0, 0, 0, 0, 0, 0, 0, 0, 0, 0, 0, 0, 0, 0, 0, 0, 0, 0, 0, 0, 0, 0, 0, 0, 0, 31478), -- 301355
(301372, 7, 39, 'Chair', '', '', '', 1, 1, 1, 0, 0, 0, 0, 0, 0, 0, 0, 0, 0, 0, 0, 0, 0, 0, 0, 0, 0, 0, 0, 0, 0, 0, 0, 0, 0, 0, 0, 0, 0, 0, 0, 0, 31478), -- 301372
(301373, 7, 39, 'Chair', '', '', '', 1, 1, 1, 0, 0, 0, 0, 0, 0, 0, 0, 0, 0, 0, 0, 0, 0, 0, 0, 0, 0, 0, 0, 0, 0, 0, 0, 0, 0, 0, 0, 0, 0, 0, 0, 0, 31478), -- 301373
(301374, 7, 39, 'Chair', '', '', '', 1, 1, 1, 0, 0, 0, 0, 0, 0, 0, 0, 0, 0, 0, 0, 0, 0, 0, 0, 0, 0, 0, 0, 0, 0, 0, 0, 0, 0, 0, 0, 0, 0, 0, 0, 0, 31478), -- 301374
(301370, 7, 39, 'Chair', '', '', '', 1, 1, 1, 0, 0, 0, 0, 0, 0, 0, 0, 0, 0, 0, 0, 0, 0, 0, 0, 0, 0, 0, 0, 0, 0, 0, 0, 0, 0, 0, 0, 0, 0, 0, 0, 0, 31478), -- 301370
(301371, 7, 39, 'Chair', '', '', '', 1, 1, 1, 0, 0, 0, 0, 0, 0, 0, 0, 0, 0, 0, 0, 0, 0, 0, 0, 0, 0, 0, 0, 0, 0, 0, 0, 0, 0, 0, 0, 0, 0, 0, 0, 0, 31478), -- 301371
(301376, 7, 39, 'Chair', '', '', '', 1, 1, 1, 0, 0, 0, 0, 0, 0, 0, 0, 0, 0, 0, 0, 0, 0, 0, 0, 0, 0, 0, 0, 0, 0, 0, 0, 0, 0, 0, 0, 0, 0, 0, 0, 0, 31478), -- 301376
(301349, 7, 39, 'Chair', '', '', '', 1.006710052490234375, 1, 1, 0, 0, 0, 0, 0, 0, 0, 0, 0, 0, 0, 0, 0, 0, 0, 0, 0, 0, 0, 0, 0, 0, 0, 0, 0, 0, 0, 0, 0, 0, 0, 0, 0, 31478), -- 301349
(301354, 7, 39, 'Chair', '', '', '', 1.006710052490234375, 1, 1, 0, 0, 0, 0, 0, 0, 0, 0, 0, 0, 0, 0, 0, 0, 0, 0, 0, 0, 0, 0, 0, 0, 0, 0, 0, 0, 0, 0, 0, 0, 0, 0, 0, 31478), -- 301354
(301364, 7, 39, 'Chair', '', '', '', 1, 1, 1, 0, 0, 0, 0, 0, 0, 0, 0, 0, 0, 0, 0, 0, 0, 0, 0, 0, 0, 0, 0, 0, 0, 0, 0, 0, 0, 0, 0, 0, 0, 0, 0, 0, 31478), -- 301364
(301365, 7, 39, 'Chair', '', '', '', 1, 1, 1, 0, 0, 0, 0, 0, 0, 0, 0, 0, 0, 0, 0, 0, 0, 0, 0, 0, 0, 0, 0, 0, 0, 0, 0, 0, 0, 0, 0, 0, 0, 0, 0, 0, 31478), -- 301365
(301366, 7, 39, 'Chair', '', '', '', 1.006710052490234375, 1, 1, 0, 0, 0, 0, 0, 0, 0, 0, 0, 0, 0, 0, 0, 0, 0, 0, 0, 0, 0, 0, 0, 0, 0, 0, 0, 0, 0, 0, 0, 0, 0, 0, 0, 31478), -- 301366
(301367, 7, 39, 'Chair', '', '', '', 1, 1, 1, 0, 0, 0, 0, 0, 0, 0, 0, 0, 0, 0, 0, 0, 0, 0, 0, 0, 0, 0, 0, 0, 0, 0, 0, 0, 0, 0, 0, 0, 0, 0, 0, 0, 31478), -- 301367
(301360, 7, 39, 'Chair', '', '', '', 1, 1, 1, 0, 0, 0, 0, 0, 0, 0, 0, 0, 0, 0, 0, 0, 0, 0, 0, 0, 0, 0, 0, 0, 0, 0, 0, 0, 0, 0, 0, 0, 0, 0, 0, 0, 31478), -- 301360
(301362, 7, 39, 'Chair', '', '', '', 1, 1, 1, 0, 0, 0, 0, 0, 0, 0, 0, 0, 0, 0, 0, 0, 0, 0, 0, 0, 0, 0, 0, 0, 0, 0, 0, 0, 0, 0, 0, 0, 0, 0, 0, 0, 31478), -- 301362
(301363, 7, 39, 'Chair', '', '', '', 1, 1, 1, 0, 0, 0, 0, 0, 0, 0, 0, 0, 0, 0, 0, 0, 0, 0, 0, 0, 0, 0, 0, 0, 0, 0, 0, 0, 0, 0, 0, 0, 0, 0, 0, 0, 31478), -- 301363
(301368, 7, 39, 'Chair', '', '', '', 1, 1, 1, 0, 0, 0, 0, 0, 0, 0, 0, 0, 0, 0, 0, 0, 0, 0, 0, 0, 0, 0, 0, 0, 0, 0, 0, 0, 0, 0, 0, 0, 0, 0, 0, 0, 31478), -- 301368
(301369, 7, 39, 'Chair', '', '', '', 1, 1, 1, 0, 0, 0, 0, 0, 0, 0, 0, 0, 0, 0, 0, 0, 0, 0, 0, 0, 0, 0, 0, 0, 0, 0, 0, 0, 0, 0, 0, 0, 0, 0, 0, 0, 31478), -- 301369
(301345, 7, 39, 'Chair', '', '', '', 1.006710052490234375, 1, 1, 0, 0, 0, 0, 0, 0, 0, 0, 0, 0, 0, 0, 0, 0, 0, 0, 0, 0, 0, 0, 0, 0, 0, 0, 0, 0, 0, 0, 0, 0, 0, 0, 0, 31478), -- 301345
(301358, 7, 39, 'Chair', '', '', '', 1, 1, 1, 0, 0, 0, 0, 0, 0, 0, 0, 0, 0, 0, 0, 0, 0, 0, 0, 0, 0, 0, 0, 0, 0, 0, 0, 0, 0, 0, 0, 0, 0, 0, 0, 0, 31478), -- 301358
(301361, 7, 39, 'Chair', '', '', '', 1, 1, 1, 0, 0, 0, 0, 0, 0, 0, 0, 0, 0, 0, 0, 0, 0, 0, 0, 0, 0, 0, 0, 0, 0, 0, 0, 0, 0, 0, 0, 0, 0, 0, 0, 0, 31478); -- 301361


DELETE FROM `gameobject_questitem` WHERE (`Idx`=0 AND `GameObjectEntry` IN (203751,204281,209059));
INSERT INTO `gameobject_questitem` (`GameObjectEntry`, `Idx`, `ItemId`, `VerifiedBuild`) VALUES
(203751, 0, 57137, 31478), -- 203751
(204281, 0, 58788, 31478), -- 204281
(209059, 0, 71035, 31478); -- 209059

DELETE FROM `playercreateinfo` WHERE `race`=34 AND `class`=1;
INSERT INTO `playercreateinfo` (`race`, `class`, `map`, `zone`, `position_x`, `position_y`, `position_z`, `orientation`) VALUES (34, 1, 2081, 0, 1621.13, 536.649, 201.48, 0);
DELETE FROM `playercreateinfo` WHERE `race`=34 AND `class`=2;
INSERT INTO `playercreateinfo` (`race`, `class`, `map`, `zone`, `position_x`, `position_y`, `position_z`, `orientation`) VALUES (34, 2, 2081, 0, 1621.13, 536.649, 201.48, 0);
DELETE FROM `playercreateinfo` WHERE `race`=34 AND `class`=3;
INSERT INTO `playercreateinfo` (`race`, `class`, `map`, `zone`, `position_x`, `position_y`, `position_z`, `orientation`) VALUES (34, 3, 2081, 0, 1621.13, 536.649, 201.48, 0);
DELETE FROM `playercreateinfo` WHERE `race`=34 AND `class`=4;
INSERT INTO `playercreateinfo` (`race`, `class`, `map`, `zone`, `position_x`, `position_y`, `position_z`, `orientation`) VALUES (34, 4, 2081, 0, 1621.13, 536.649, 201.48, 0);
DELETE FROM `playercreateinfo` WHERE `race`=34 AND `class`=5;
INSERT INTO `playercreateinfo` (`race`, `class`, `map`, `zone`, `position_x`, `position_y`, `position_z`, `orientation`) VALUES (34, 5, 2081, 0, 1621.13, 536.649, 201.48, 0);
DELETE FROM `playercreateinfo` WHERE `race`=34 AND `class`=6;
INSERT INTO `playercreateinfo` (`race`, `class`, `map`, `zone`, `position_x`, `position_y`, `position_z`, `orientation`) VALUES (34, 6, 2297, 12952, 456.015, -2123.81, 842.279, 3.05334);
DELETE FROM `playercreateinfo` WHERE `race`=34 AND `class`=7;
INSERT INTO `playercreateinfo` (`race`, `class`, `map`, `zone`, `position_x`, `position_y`, `position_z`, `orientation`) VALUES (34, 7, 2081, 0, 1621.13, 536.649, 201.48, 0);
DELETE FROM `playercreateinfo` WHERE `race`=34 AND `class`=8;
INSERT INTO `playercreateinfo` (`race`, `class`, `map`, `zone`, `position_x`, `position_y`, `position_z`, `orientation`) VALUES (34, 8, 2081, 0, 1621.13, 536.649, 201.48, 0);
DELETE FROM `playercreateinfo` WHERE `race`=34 AND `class`=9;
INSERT INTO `playercreateinfo` (`race`, `class`, `map`, `zone`, `position_x`, `position_y`, `position_z`, `orientation`) VALUES (34, 9, 2081, 0, 1621.13, 536.649, 201.48, 0);
DELETE FROM `playercreateinfo` WHERE `race`=34 AND `class`=10;
INSERT INTO `playercreateinfo` (`race`, `class`, `map`, `zone`, `position_x`, `position_y`, `position_z`, `orientation`) VALUES (34, 10, 2081, 0, 1621.13, 536.649, 201.48, 0);
DELETE FROM `playercreateinfo` WHERE `race`=36 AND `class`=1;
INSERT INTO `playercreateinfo` (`race`, `class`, `map`, `zone`, `position_x`, `position_y`, `position_z`, `orientation`) VALUES (36, 1, 1, 14, 1567.38, -4189.12, 53.6794, 2.2874);
DELETE FROM `playercreateinfo` WHERE `race`=36 AND `class`=3;
INSERT INTO `playercreateinfo` (`race`, `class`, `map`, `zone`, `position_x`, `position_y`, `position_z`, `orientation`) VALUES (36, 3, 1, 14, 1567.38, -4189.12, 53.6794, 2.2874);
DELETE FROM `playercreateinfo` WHERE `race`=36 AND `class`=4;
INSERT INTO `playercreateinfo` (`race`, `class`, `map`, `zone`, `position_x`, `position_y`, `position_z`, `orientation`) VALUES (36, 4, 1, 14, 1567.38, -4189.12, 53.6794, 2.2874);
DELETE FROM `playercreateinfo` WHERE `race`=36 AND `class`=5;
INSERT INTO `playercreateinfo` (`race`, `class`, `map`, `zone`, `position_x`, `position_y`, `position_z`, `orientation`) VALUES (36, 5, 1, 14, 1567.38, -4189.12, 53.6794, 2.2874);
DELETE FROM `playercreateinfo` WHERE `race`=36 AND `class`=6;
INSERT INTO `playercreateinfo` (`race`, `class`, `map`, `zone`, `position_x`, `position_y`, `position_z`, `orientation`) VALUES (36, 6, 2297, 12952, 456.015, -2123.81, 842.279, 3.05334);
DELETE FROM `playercreateinfo` WHERE `race`=36 AND `class`=7;
INSERT INTO `playercreateinfo` (`race`, `class`, `map`, `zone`, `position_x`, `position_y`, `position_z`, `orientation`) VALUES (36, 7, 1, 14, 1567.38, -4189.12, 53.6794, 2.2874);
DELETE FROM `playercreateinfo` WHERE `race`=36 AND `class`=8;
INSERT INTO `playercreateinfo` (`race`, `class`, `map`, `zone`, `position_x`, `position_y`, `position_z`, `orientation`) VALUES (36, 8, 1, 14, 1567.38, -4189.12, 53.6794, 2.2874);
DELETE FROM `playercreateinfo` WHERE `race`=36 AND `class`=10;
INSERT INTO `playercreateinfo` (`race`, `class`, `map`, `zone`, `position_x`, `position_y`, `position_z`, `orientation`) VALUES (36, 10, 1, 14, 1567.38, -4189.12, 53.6794, 2.2874);

DELETE FROM `playercreateinfo_cast_spell` WHERE `raceMask`=34 AND `classMask`=6 AND `spell`=270562;
INSERT INTO `playercreateinfo_cast_spell` (`raceMask`, `classMask`, `spell`, `note`) VALUES (34, 6, 270562, 'Dark Iron Dwarf Paladin - Darkforge Ram Mount');
DELETE FROM `playercreateinfo_cast_spell` WHERE `raceMask`=8192 AND `classMask`=4 AND `spell`=274905;
INSERT INTO `playercreateinfo_cast_spell` (`raceMask`, `classMask`, `spell`, `note`) VALUES (8192, 4, 274905, 'Maghar Orc - Hunter - Shadowmoon Stalker');

DELETE FROM `playercreateinfo_item` WHERE `race`=34 AND `class`=0 AND `itemid`=161331;
INSERT INTO `playercreateinfo_item` (`race`, `class`, `itemid`, `amount`) VALUES (34, 0, 161331, 1);
DELETE FROM `playercreateinfo_item` WHERE `race`=34 AND `class`=0 AND `itemid`=161329;
INSERT INTO `playercreateinfo_item` (`race`, `class`, `itemid`, `amount`) VALUES (34, 0, 161329, 1);
DELETE FROM `playercreateinfo_item` WHERE `race`=36 AND `class`=0 AND `itemid`=161330;
INSERT INTO `playercreateinfo_item` (`race`, `class`, `itemid`, `amount`) VALUES (36, 0, 161330, 1);
DELETE FROM `playercreateinfo_item` WHERE `race`=36 AND `class`=0 AND `itemid`=161328;
INSERT INTO `playercreateinfo_item` (`race`, `class`, `itemid`, `amount`) VALUES (36, 0, 161328, 1);

UPDATE `creature_template` SET `Scriptname`= "npc_Thaurissan_Iron_Dwarf" WHERE `entry`='144152';