set @CGUID := 830041911;
set @OGUID := 830407323;
SET @maxReferenceEntry := (SELECT MAX(entry) + 1 FROM reference_loot_template);
SET @maxGameTele := (SELECT MAX(id) + 1 FROM game_tele);

DELETE FROM `conversation_actors` WHERE (`ConversationId`=6364 AND `Idx`=0) OR (`ConversationId`=6363 AND `Idx`=1) OR (`ConversationId`=6363 AND `Idx`=0) OR (`ConversationId`=6366 AND `Idx`=0) OR (`ConversationId`=6422 AND `Idx`=0);
INSERT INTO `conversation_actors` (`ConversationId`, `ConversationActorNearId`, `Idx`, `VerifiedBuild`) VALUES
(6364, 129350, 0, 31478), -- Full: 0x200028DB407E51800000000000000203 Creature/0 R10/S0 Map: Freehold Entry: 129350 Low: 515
(6363, 129350, 1, 31478), -- Full: 0x200028DB407E51800000000000000203 Creature/0 R10/S0 Map: Freehold Entry: 129350 Low: 515
(6363, 130090, 0, 31478), -- Full: 0x200028DB407F0A800000000000000204 Creature/0 R10/S0 Map: Freehold Entry: 130090 Low: 516
(6366, 129350, 0, 31478), -- Full: 0x200028DB407E51800000000000000203 Creature/0 R10/S0 Map: Freehold Entry: 129350 Low: 515
(6422, 126841, 0, 31478); -- Full: 0x240028DB407BDE40000000000000029F Vehicle/0 R10/S0 Map: Freehold Entry: 126841 Low: 671

DELETE FROM `conversation_actors` WHERE `ConversationId` = '9658';
INSERT INTO `conversation_actors` (`ConversationId`, `ConversationActorId`, `Idx`, `VerifiedBuild`) VALUES
(9658, 136445, 0, 31478);

DELETE FROM `conversation_actor_template` WHERE `Id` IN (136445, 129350, 130090, 126841);
INSERT INTO `conversation_actor_template` (`Id`, `CreatureId`, `CreatureModelId`, `VerifiedBuild`) VALUES
(136445, 136445, 81389, 31478),
(129350, 129350, 80547, 31478),
(130090, 130090, 80940, 31478),
(126841, 126841, 80438, 31478);


DELETE FROM `conversation_line_template` WHERE `Id` IN (14329, 14328, 22086, 22081, 22085, 14327, 14326, 14325, 14324, 14323, 14322, 14335, 14517, 14470, 14469);
INSERT INTO `conversation_line_template` (`Id`, `StartTime`, `UiCameraID`, `ActorIdx`, `Flags`, `VerifiedBuild`) VALUES
(14329, 6977, 192, 0, 0, 31478),
(14328, 0, 192, 0, 0, 31478),
(22086, 17634, 1081, 0, 0, 31478),
(22081, 8576, 1081, 0, 0, 31478),
(22085, 0, 1081, 0, 0, 31478),
(14327, 42994, 192, 1, 0, 31478),
(14326, 32001, 192, 1, 0, 31478),
(14325, 11211, 192, 1, 0, 31478),
(14324, 8197, 192, 0, 0, 31478),
(14323, 3488, 192, 1, 0, 31478),
(14322, 0, 192, 0, 0, 31478),
(14335, 12288, 192, 0, 0, 31478),
(14517, 0, 192, 0, 0, 31478),
(14470, 4018, 192, 0, 0, 31478),
(14469, 0, 192, 0, 0, 31478);

DELETE FROM `conversation_template` WHERE `Id` IN (6366, 6364, 6363, 9658, 6422);
INSERT INTO `conversation_template` (`Id`, `FirstLineID`, `LastLineEndTime`, `TextureKitId`, `VerifiedBuild`) VALUES
(6366, 14517, 20288, 0, 31478),
(6364, 14328, 14977, 0, 31478),
(6363, 14322, 50994, 0, 31478),
(9658, 22085, 25634, 0, 31478),
(6422, 14469, 12018, 0, 31478);

-- Spawn Creature
delete from creature where map = 1754;
INSERT INTO `creature`(`guid`, `id`, `map`, `zoneId`, `areaId`, `spawnDifficulties`, `phaseUseFlags`, `PhaseId`, `PhaseGroup`, `terrainSwapMap`, `modelid`, `equipment_id`, `position_x`, `position_y`, `position_z`, `orientation`, `spawntimesecs`, `spawndist`, `currentwaypoint`, `curhealth`, `curmana`, `MovementType`, `npcflag`, `unit_flags`, `unit_flags2`, `unit_flags3`, `dynamicflags`, `ScriptName`, `VerifiedBuild`) VALUES 
(@CGUID+0, 126928, 1754, 9164, 9640, '1', 0, 0, 0, -1, 0, 0, -1632.86, -996.82, 75.1146, 1.66774, 7200, 0, 0, 0, 0, 0, 0, 0, 0, 0, 0, '', 28153),
(@CGUID+1,  126918, 1754, 9164, 9640, '1', 0, 0, 0, -1, 0, 0, -1635.35, -994.783, 75.1349, 0.269338, 7200, 0, 0, 0, 0, 0, 0, 0, 0, 0, 0, '', 28153),
(@CGUID+2,  126928, 1754, 9164, 9640, '1', 0, 0, 0, -1, 0, 0, -1674.69, -1008.63, 86.4897, 5.6518, 7200, 0, 0, 0, 0, 0, 0, 0, 0, 0, 0, '', 28153),
(@CGUID+3,  126918, 1754, 9164, 9640, '1', 0, 0, 0, -1, 0, 0, -1687.21, -1036.32, 90.5125, 3.90139, 7200, 0, 0, 0, 0, 0, 0, 0, 0, 0, 0, '', 28153),
(@CGUID+4,  128551, 1754, 9164, 9640, '1', 0, 0, 0, -1, 0, 0, -1666.41, -1020.31, 87.0768, 5.23188, 7200, 0, 0, 0, 0, 0, 0, 0, 0, 0, 0, '', 28153),
(@CGUID+5,  129732, 1754, 9164, 9640, '1', 0, 0, 0, -1, 0, 0, -1671.89, -979.951, 101.719, 0.0381983, 7200, 0, 0, 0, 0, 0, 0, 0, 0, 0, 0, '', 28153),
(@CGUID+6,  129788, 1754, 9164, 9640, '1', 0, 0, 0, -1, 0, 0, -1640.08, -971.559, 75.2192, 0.0594897, 7200, 0, 0, 0, 0, 0, 0, 0, 0, 0, 0, '', 28153),
(@CGUID+7,  126928, 1754, 9164, 9640, '1', 0, 0, 0, -1, 0, 0, -1677.58, -1008.69, 86.7038, 5.6643, 7200, 0, 0, 0, 0, 0, 0, 0, 0, 0, 0, '', 28153),
(@CGUID+8,  126928, 1754, 9164, 9640, '1', 0, 0, 0, -1, 0, 0, -1638.82, -970.064, 75.2192, 5.01348, 7200, 0, 0, 0, 0, 0, 0, 0, 0, 0, 0, '', 28153),
(@CGUID+9,  128551, 1754, 9164, 9640, '1', 0, 0, 0, -1, 0, 0, -1654.04, -999.439, 86.1693, 1.06511, 7200, 0, 0, 0, 0, 0, 0, 0, 0, 0, 0, '', 28153),
(@CGUID+10, 126928, 1754, 9164, 9640, '1', 0, 0, 0, -1, 0, 0, -1638.51, -967.785, 74.8764, 2.52508, 7200, 0, 0, 0, 0, 0, 0, 0, 0, 0, 0, '', 28153),
(@CGUID+11, 129602, 1754, 9164, 9640, '1', 0, 0, 0, -1, 0, 0, -1657.53, -999.101, 86.16, 0.721401, 7200, 0, 0, 0, 0, 0, 0, 0, 0, 0, 0, '', 28153),
(@CGUID+12, 126497, 1754, 9164, 9640, '1', 0, 0, 0, -1, 0, 0, -1664.79, -1009.7, 86.3204, 1.13234, 7200, 10, 0, 0, 0, 1, 0, 0, 0, 0, 0, '', 28153),
(@CGUID+13, 126918, 1754, 9164, 9640, '1', 0, 0, 0, -1, 0, 0, -1662.07, -1019.65, 87.0704, 3.78419, 7200, 0, 0, 0, 0, 0, 0, 0, 0, 0, 0, '', 28153),
(@CGUID+14, 128551, 1754, 9164, 9640, '1', 0, 0, 0, -1, 0, 0, -1658.1, -995.241, 85.8889, 0.305118, 7200, 0, 0, 0, 0, 0, 0, 0, 0, 0, 0, '', 28153),
(@CGUID+15, 129788, 1754, 9164, 9640, '1', 0, 0, 0, -1, 0, 0, -1687, -957.689, 73.0987, 5.50006, 7200, 0, 0, 0, 0, 0, 0, 0, 0, 0, 0, '', 28153),
(@CGUID+16, 126918, 1754, 9164, 9640, '1', 0, 0, 0, -1, 0, 0, -1686.5, -955.582, 73.5777, 0.279426, 7200, 0, 0, 0, 0, 0, 0, 0, 0, 0, 0, '', 28153),
(@CGUID+17, 126928, 1754, 9164, 9640, '1', 0, 0, 0, -1, 0, 0, -1636.25, -992.464, 75.1572, 5.99232, 7200, 0, 0, 0, 0, 0, 0, 0, 0, 0, 0, '', 28153),
(@CGUID+18, 126928, 1754, 9164, 9640, '1', 0, 0, 0, -1, 0, 0, -1665.34, -1022.21, 87.0991, 1.54617, 7200, 0, 0, 0, 0, 0, 0, 0, 0, 0, 0, '', 28153),
(@CGUID+19, 129743, 1754, 9164, 9640, '1', 0, 0, 0, -1, 0, 0, -1670.63, -985.385, 98.7516, 0.110169, 7200, 0, 0, 0, 0, 0, 0, 0, 0, 0, 0, '', 28153),
(@CGUID+20, 129788, 1754, 9164, 9640, '1', 0, 0, 0, -1, 0, 0, -1677.07, -1006.63, 86.8341, 5.94292, 7200, 0, 0, 0, 0, 0, 0, 0, 0, 0, 0, '', 28153),
(@CGUID+21, 126928, 1754, 9164, 9640, '1', 0, 0, 0, -1, 0, 0, -1667.74, -1023.21, 87.0991, 1.47996, 7200, 0, 0, 0, 0, 0, 0, 0, 0, 0, 0, '', 28153),
(@CGUID+22, 126918, 1754, 9164, 9640, '1', 0, 0, 0, -1, 0, 0, -1682.9, -954.286, 73.4179, 1.83992, 7200, 0, 0, 0, 0, 0, 0, 0, 0, 0, 0, '', 28153),
(@CGUID+23, 129788, 1754, 9164, 9640, '1', 0, 0, 0, -1, 0, 0, -1706.26, -978.536, 85.9691, 1.56869, 7200, 0, 0, 0, 0, 0, 0, 0, 0, 0, 0, '', 28153),
(@CGUID+24, 129602, 1754, 9164, 9640, '1', 0, 0, 0, -1, 0, 0, -1700.16, -1013.88, 88.1244, 6.25414, 7200, 0, 0, 0, 0, 0, 0, 0, 0, 0, 0, '', 28153),
(@CGUID+25, 126928, 1754, 9164, 9640, '1', 0, 0, 0, -1, 0, 0, -1676.45, -935.545, 69.6852, 0.0406657, 7200, 10, 0, 0, 0, 1, 0, 0, 0, 0, 0, '', 28153),
(@CGUID+26, 129788, 1754, 9164, 9640, '1', 0, 0, 0, -1, 0, 0, -1707.75, -978.394, 85.9553, 1.66424, 7200, 0, 0, 0, 0, 0, 0, 0, 0, 0, 0, '', 28153),
(@CGUID+27, 126928, 1754, 9164, 9640, '1', 0, 0, 0, -1, 0, 0, -1681.86, -934.235, 69.7384, 6.13825, 7200, 10, 0, 0, 0, 1, 0, 0, 0, 0, 0, '', 28153),
(@CGUID+28, 129602, 1754, 9164, 9640, '1', 0, 0, 0, -1, 0, 0, -1698.67, -1035.43, 89.6487, 6.14266, 7200, 0, 0, 0, 0, 0, 0, 0, 0, 0, 0, '', 28153),
(@CGUID+29, 126928, 1754, 9164, 9640, '1', 0, 0, 0, -1, 0, 0, -1696.6, -1037.82, 90.4143, 1.94495, 7200, 0, 0, 0, 0, 0, 0, 0, 0, 0, 0, '', 28153),
(@CGUID+30, 129598, 1754, 9164, 9640, '1', 0, 0, 0, -1, 0, 0, -1689.61, -1036.69, 90.5395, 4.64388, 7200, 0, 0, 0, 0, 0, 0, 0, 0, 0, 0, '', 28153),
(@CGUID+31, 129602, 1754, 9164, 9640, '1', 0, 0, 0, -1, 0, 0, -1685.81, -953.865, 73.665, 5.67036, 7200, 0, 0, 0, 0, 0, 0, 0, 0, 0, 0, '', 28153),
(@CGUID+32, 129788, 1754, 9164, 9640, '1', 0, 0, 0, -1, 0, 0, -1680.1, -935.594, 69.6923, 6.14599, 7200, 10, 0, 0, 0, 1, 0, 0, 0, 0, 0, '', 28153),
(@CGUID+33, 129598, 1754, 9164, 9640, '1', 0, 0, 0, -1, 0, 0, -1692.32, -1036.5, 90.4085, 5.12416, 7200, 0, 0, 0, 0, 0, 0, 0, 0, 0, 0, '', 28153),
(@CGUID+34, 126497, 1754, 9164, 9640, '1', 0, 0, 0, -1, 0, 0, -1688.39, -996.195, 87.1993, 1.79349, 7200, 0, 0, 0, 0, 0, 0, 0, 0, 0, 0, '', 28153),
(@CGUID+35, 126918, 1754, 9164, 9640, '1', 0, 0, 0, -1, 0, 0, -1702.45, -978.606, 85.9642, 1.58678, 7200, 0, 0, 0, 0, 0, 0, 0, 0, 0, 0, '', 28153),
(@CGUID+36, 126918, 1754, 9164, 9640, '1', 0, 0, 0, -1, 0, 0, -1701.53, -1008.32, 88.0823, 5.55682, 7200, 0, 0, 0, 0, 0, 0, 0, 0, 0, 0, '', 28153),
(@CGUID+37, 126928, 1754, 9164, 9640, '1', 0, 0, 0, -1, 0, 0, -1705.08, -978.578, 85.9662, 1.60649, 7200, 0, 0, 0, 0, 0, 0, 0, 0, 0, 0, '', 28153),
(@CGUID+38, 129598, 1754, 9164, 9640, '1', 0, 0, 0, -1, 0, 0, -1696.25, -1040.6, 90.8565, 6.15034, 7200, 0, 0, 0, 0, 0, 0, 0, 0, 0, 0, '', 28153),
(@CGUID+39, 129788, 1754, 9164, 9640, '1', 0, 0, 0, -1, 0, 0, -1694.04, -1037.94, 90.6379, 2.23874, 7200, 0, 0, 0, 0, 0, 0, 0, 0, 0, 0, '', 28153),
(@CGUID+40, 130689, 1754, 9164, 9640, '1', 0, 0, 0, -1, 0, 0, -1695.18, -1026.25, 87.5319, 1.78544, 7200, 10, 0, 0, 0, 1, 0, 0, 0, 0, 0, '', 28153),
(@CGUID+41, 126928, 1754, 9164, 9640, '1', 0, 0, 0, -1, 0, 0, -1716.74, -967.882, 72.8376, 1.52426, 7200, 0, 0, 0, 0, 0, 0, 0, 0, 0, 0, '', 28153),
(@CGUID+42, 129598, 1754, 9164, 9640, '1', 0, 0, 0, -1, 0, 0, -1689.26, -950.21, 73.5664, 0.280589, 7200, 0, 0, 0, 0, 0, 0, 0, 0, 0, 0, '', 28153),
(@CGUID+43, 126497, 1754, 9164, 9640, '1', 0, 0, 0, -1, 0, 0, -1704.66, -995.72, 88.2414, 2.54268, 7200, 0, 0, 0, 0, 0, 0, 0, 0, 0, 0, '', 28153),
(@CGUID+44, 126918, 1754, 9164, 9640, '1', 0, 0, 0, -1, 0, 0, -1700.46, -1004.51, 88.1759, 0.542996, 7200, 0, 0, 0, 0, 0, 0, 0, 0, 0, 0, '', 28153),
(@CGUID+45, 126928, 1754, 9164, 9640, '1', 0, 0, 0, -1, 0, 0, -1701.92, -1010.3, 88.108, 6.22038, 7200, 0, 0, 0, 0, 0, 0, 0, 0, 0, 0, '', 28153),
(@CGUID+46, 129598, 1754, 9164, 9640, '1', 0, 0, 0, -1, 0, 0, -1687.75, -952.151, 73.6261, 0.772379, 7200, 0, 0, 0, 0, 0, 0, 0, 0, 0, 0, '', 28153),
(@CGUID+47, 126928, 1754, 9164, 9640, '1', 0, 0, 0, -1, 0, 0, -1720.08, -965.622, 72.8838, 1.3436, 7200, 0, 0, 0, 0, 0, 0, 0, 0, 0, 0, '', 28153),
(@CGUID+48, 126928, 1754, 9164, 9640, '1', 0, 0, 0, -1, 0, 0, -1729.06, -932.34, 72.8777, 0.786611, 7200, 0, 0, 0, 0, 0, 0, 0, 0, 0, 0, '', 28153),
(@CGUID+49, 126918, 1754, 9164, 9640, '1', 0, 0, 0, -1, 0, 0, -1746.83, -954.851, 74.7803, 1.4123, 7200, 0, 0, 0, 0, 0, 0, 0, 0, 0, 0, '', 28153),
(@CGUID+50, 129788, 1754, 9164, 9640, '1', 0, 0, 0, -1, 0, 0, -1727.67, -937.315, 72.525, 0.704582, 7200, 0, 0, 0, 0, 0, 0, 0, 0, 0, 0, '', 28153),
(@CGUID+51, 126497, 1754, 9164, 9640, '1', 0, 0, 0, -1, 0, 0, -1588.08, -878.589, 18.6072, 5.6278, 7200, 10, 0, 0, 0, 1, 0, 0, 0, 0, 0, '', 28153),
(@CGUID+52, 126918, 1754, 9164, 9640, '1', 0, 0, 0, -1, 0, 0, -1708.87, -929.622, 72.2154, 1.08986, 7200, 0, 0, 0, 0, 0, 0, 0, 0, 0, 0, '', 28153),
(@CGUID+53, 126928, 1754, 9164, 9640, '1', 0, 0, 0, -1, 0, 0, -1729.81, -935.232, 72.65, 0.702951, 7200, 0, 0, 0, 0, 0, 0, 0, 0, 0, 0, '', 28153),
(@CGUID+54, 129602, 1754, 9164, 9640, '1', 0, 0, 0, -1, 0, 0, -1744.51, -951.849, 74.553, 1.22763, 7200, 0, 0, 0, 0, 0, 0, 0, 0, 0, 0, '', 28153),
(@CGUID+55, 126497, 1754, 9164, 9640, '1', 0, 0, 0, -1, 0, 0, -1599.37, -861.672, 12.7202, 3.3282, 7200, 10, 0, 0, 0, 1, 0, 0, 0, 0, 0, '', 28153),
(@CGUID+56, 126918, 1754, 9164, 9640, '1', 0, 0, 0, -1, 0, 0, -1722.81, -960.852, 72.9069, 4.72119, 7200, 0, 0, 0, 0, 0, 0, 0, 0, 0, 0, '', 28153),
(@CGUID+57, 126928, 1754, 9164, 9640, '1', 0, 0, 0, -1, 0, 0, -1713.97, -924.274, 72.7177, 5.16021, 7200, 0, 0, 0, 0, 0, 0, 0, 0, 0, 0, '', 28153),
(@CGUID+58, 129602, 1754, 9164, 9640, '1', 0, 0, 0, -1, 0, 0, -1731.97, -1023.26, 87.8738, 6.14318, 7200, 0, 0, 0, 0, 0, 0, 0, 0, 0, 0, '', 28153),
(@CGUID+59, 126497, 1754, 9164, 9640, '1', 0, 0, 0, -1, 0, 0, -1552.39, -883.257, 4.2809, 2.91032, 7200, 10, 0, 0, 0, 1, 0, 0, 0, 0, 0, '', 28153),
(@CGUID+60, 126497, 1754, 9164, 9640, '1', 0, 0, 0, -1, 0, 0, -1717.99, -917.861, 74.355, 4.5591, 7200, 0, 0, 0, 0, 0, 0, 0, 0, 0, 0, '', 28153),
(@CGUID+61, 129788, 1754, 9164, 9640, '1', 0, 0, 0, -1, 0, 0, -1733.4, -922.16, 72.9626, 2.0349, 7200, 0, 0, 0, 0, 0, 0, 0, 0, 0, 0, '', 28153),
(@CGUID+62, 126918, 1754, 9164, 9640, '1', 0, 0, 0, -1, 0, 0, -1720.68, -964.09, 72.8355, 6.20471, 7200, 0, 0, 0, 0, 0, 0, 0, 0, 0, 0, '', 28153),
(@CGUID+63, 126928, 1754, 9164, 9640, '1', 0, 0, 0, -1, 0, 0, -1710.32, -928.007, 72.4159, 4.47351, 7200, 0, 0, 0, 0, 0, 0, 0, 0, 0, 0, '', 28153),
(@CGUID+64, 129602, 1754, 9164, 9640, '1', 0, 0, 0, -1, 0, 0, -1732.33, -1026.2, 87.8126, 0, 7200, 0, 0, 0, 0, 0, 0, 0, 0, 0, 0, '', 28153),
(@CGUID+65, 126497, 1754, 9164, 9640, '1', 0, 0, 0, -1, 0, 0, -1710.23, -969.851, 73.2837, 1.38221, 7200, 10, 0, 0, 0, 1, 0, 0, 0, 0, 0, '', 28153),
(@CGUID+66, 129788, 1754, 9164, 9640, '1', 0, 0, 0, -1, 0, 0, -1735.16, -922.382, 73.0378, 1.1402, 7200, 0, 0, 0, 0, 0, 0, 0, 0, 0, 0, '', 28153),
(@CGUID+67, 128551, 1754, 9164, 9640, '1', 0, 0, 0, -1, 0, 0, -1732.06, -1028.27, 87.7862, 6.14318, 7200, 0, 0, 0, 0, 0, 0, 0, 0, 0, 0, '', 28153),
(@CGUID+68, 129602, 1754, 9164, 9640, '1', 0, 0, 0, -1, 0, 0, -1726.62, -934.218, 72.7072, 0.836472, 7200, 0, 0, 0, 0, 0, 0, 0, 0, 0, 0, '', 28153),
(@CGUID+69, 126497, 1754, 9164, 9640, '1', 0, 0, 0, -1, 0, 0, -1711.53, -928.219, 72.4946, 3.0457, 7200, 10, 0, 0, 0, 1, 0, 0, 0, 0, 0, '', 28153),
(@CGUID+70, 128551, 1754, 9164, 9640, '1', 0, 0, 0, -1, 0, 0, -1731.7, -1021.69, 87.8738, 6.14318, 7200, 0, 0, 0, 0, 0, 0, 0, 0, 0, 0, '', 28153),
(@CGUID+71, 126918, 1754, 9164, 9640, '1', 0, 0, 0, -1, 0, 0, -1737.21, -923.693, 73.075, 4.77957, 7200, 0, 0, 0, 0, 0, 0, 0, 0, 0, 0, '', 28153),
(@CGUID+72, 126497, 1754, 9164, 9640, '1', 0, 0, 0, -1, 0, 0, -1550.07, -845.422, 14.6462, 3.37929, 7200, 0, 0, 0, 0, 0, 0, 0, 0, 0, 0, '', 28153),
(@CGUID+73, 126519, 1754, 9164, 9640, '1', 0, 0, 0, -1, 0, 0, -1627.88, -838.352, 14.3673, 3.40675, 7200, 10, 0, 0, 0, 1, 0, 0, 0, 0, 0, '', 28153),
(@CGUID+74, 129598, 1754, 9164, 9640, '1', 0, 0, 0, -1, 0, 0, -1752.23, -952.802, 74.6305, 4.67634, 7200, 0, 0, 0, 0, 0, 0, 0, 0, 0, 0, '', 28153),
(@CGUID+75, 126497, 1754, 9164, 9640, '1', 0, 0, 0, -1, 0, 0, -1751.36, -1045.96, 91.0676, 3.00827, 7200, 10, 0, 0, 0, 1, 0, 0, 0, 0, 0, '', 28153),
(@CGUID+76, 128551, 1754, 9164, 9640, '1', 0, 0, 0, -1, 0, 0, -1778.89, -944.18, 74.1278, 0.555486, 7200, 0, 0, 0, 0, 0, 0, 0, 0, 0, 0, '', 28153),
(@CGUID+77, 130689, 1754, 9164, 9640, '1', 0, 0, 0, -1, 0, 0, -1781.79, -1000.47, 95.8858, 1.20724, 7200, 0, 0, 0, 0, 0, 0, 0, 0, 0, 0, '', 28153),
(@CGUID+78, 126497, 1754, 9164, 9640, '1', 0, 0, 0, -1, 0, 0, -1591.17, -811.507, 9.26731, 5.49995, 7200, 0, 0, 0, 0, 0, 0, 0, 0, 0, 0, '', 28153),
(@CGUID+79, 129788, 1754, 9164, 9640, '1', 0, 0, 0, -1, 0, 0, -1750.11, -950.743, 74.5962, 5.91148, 7200, 0, 0, 0, 0, 0, 0, 0, 0, 0, 0, '', 28153),
(@CGUID+80, 126519, 1754, 9164, 9640, '1', 0, 0, 0, -1, 0, 0, -1551.15, -838.733, 19.3873, 1.93327, 7200, 0, 0, 0, 0, 0, 0, 0, 0, 0, 0, '', 28153),
(@CGUID+81, 129598, 1754, 9164, 9640, '1', 0, 0, 0, -1, 0, 0, -1749.14, -953.967, 74.7051, 6.03463, 7200, 0, 0, 0, 0, 0, 0, 0, 0, 0, 0, '', 28153),
(@CGUID+82, 126497, 1754, 9164, 9640, '1', 0, 0, 0, -1, 0, 0, -1531.69, -843.957, 2.47914, 6.17982, 7200, 10, 0, 0, 0, 1, 0, 0, 0, 0, 0, '', 28153),
(@CGUID+83, 129602, 1754, 9164, 9640, '1', 0, 0, 0, -1, 0, 0, -1781.02, -942.059, 73.5768, 0.695491, 7200, 0, 0, 0, 0, 0, 0, 0, 0, 0, 0, '', 28153),
(@CGUID+84, 126519, 1754, 9164, 9640, '1', 0, 0, 0, -1, 0, 0, -1619.83, -833.044, 28.771, 3.67048, 7200, 10, 0, 0, 0, 1, 0, 0, 0, 0, 0, '', 28153),
(@CGUID+85, 129788, 1754, 9164, 9640, '1', 0, 0, 0, -1, 0, 0, -1753.19, -950.137, 74.5457, 0.61377, 7200, 0, 0, 0, 0, 0, 0, 0, 0, 0, 0, '', 28153),
(@CGUID+86, 126497, 1754, 9164, 9640, '1', 0, 0, 0, -1, 0, 0, -1684.12, -859.505, 3.55646, 4.41557, 7200, 10, 0, 0, 0, 1, 0, 0, 0, 0, 0, '', 28153),
(@CGUID+87, 128551, 1754, 9164, 9640, '1', 0, 0, 0, -1, 0, 0, -1782.95, -938.51, 73.635, 0.555486, 7200, 0, 0, 0, 0, 0, 0, 0, 0, 0, 0, '', 28153),
(@CGUID+88, 130689, 1754, 9164, 9640, '1', 0, 0, 0, -1, 0, 0, -1779.33, -1025, 88.9179, 3.14159, 7200, 10, 0, 0, 0, 1, 0, 0, 0, 0, 0, '', 28153),
(@CGUID+89, 126519, 1754, 9164, 9640, '1', 0, 0, 0, -1, 0, 0, -1622.78, -837.19, 25.4134, 3.57242, 7200, 10, 0, 0, 0, 1, 0, 0, 0, 0, 0, '', 28153),
(@CGUID+90, 126497, 1754, 9164, 9640, '1', 0, 0, 0, -1, 0, 0, -1533.27, -835.979, 2.39552, 4.35293, 7200, 10, 0, 0, 0, 1, 0, 0, 0, 0, 0, '', 28153),
(@CGUID+91, 126519, 1754, 9164, 9640, '1', 0, 0, 0, -1, 0, 0, -1604.66, -812.101, 24.8756, 4.24127, 7200, 10, 0, 0, 0, 1, 0, 0, 0, 0, 0, '', 28153),
(@CGUID+92, 126497, 1754, 9164, 9640, '1', 0, 0, 0, -1, 0, 0, -1492.06, -845.449, 3.45407, 3.77987, 7200, 10, 0, 0, 0, 1, 0, 0, 0, 0, 0, '', 28153),
(@CGUID+93, 126928, 1754, 9164, 9640, '1', 0, 0, 0, -1, 0, 0, -1738.75, -926.106, 73.1505, 5.83514, 7200, 0, 0, 0, 0, 0, 0, 0, 0, 0, 0, '', 28153),
(@CGUID+94, 129602, 1754, 9164, 9640, '1', 0, 0, 0, -1, 0, 0, -1747.44, -924.497, 74.4314, 5.33258, 7200, 0, 0, 0, 0, 0, 0, 0, 0, 0, 0, '', 28153),
(@CGUID+95, 126519, 1754, 9164, 9640, '1', 0, 0, 0, -1, 0, 0, -1621.15, -834.83, 15.4487, 3.60504, 7200, 10, 0, 0, 0, 1, 0, 0, 0, 0, 0, '', 28153),
(@CGUID+96, 126519, 1754, 9164, 9640, '1', 0, 0, 0, -1, 0, 0, -1660.78, -784.747, 1.16061, 5.86828, 7200, 0, 0, 0, 0, 0, 0, 0, 0, 0, 0, '', 28153),
(@CGUID+97, 126497, 1754, 9164, 9640, '1', 0, 0, 0, -1, 0, 0, -1509.98, -813.137, 5.62944, 3.72696, 7200, 0, 0, 0, 0, 0, 0, 0, 0, 0, 0, '', 28153),
(@CGUID+98, 126519, 1754, 9164, 9640, '1', 0, 0, 0, -1, 0, 0, -1669.51, -807.517, 7.27784, 4.27472, 7200, 0, 0, 0, 0, 0, 0, 0, 0, 0, 0, '', 28153),
(@CGUID+99, 126519, 1754, 9164, 9640, '1', 0, 0, 0, -1, 0, 0, -1581.29, -795.384, 25.8236, 3.90836, 7200, 10, 0, 0, 0, 1, 0, 0, 0, 0, 0, '', 28153),
(@CGUID+100,129602, 1754, 9164, 9640, '1', 0, 0, 0, -1, 0, 0, -1784.24, -936.399, 74.0834, 0.555486, 7200, 0, 0, 0, 0, 0, 0, 0, 0, 0, 0, '', 28153),
(@CGUID+101,126519, 1754, 9164, 9640, '1', 0, 0, 0, -1, 0, 0, -1670.98, -804.747, 5.55349, 5.01751, 7200, 0, 0, 0, 0, 0, 0, 0, 0, 0, 0, '', 28153),
(@CGUID+102,126519, 1754, 9164, 9640, '1', 0, 0, 0, -1, 0, 0, -1579.47, -791.453, 25.8223, 3.85797, 7200, 10, 0, 0, 0, 1, 0, 0, 0, 0, 0, '', 28153),
(@CGUID+103,126497, 1754, 9164, 9640, '1', 0, 0, 0, -1, 0, 0, -1572.78, -801.636, 6.32016, 5.8333, 7200, 10, 0, 0, 0, 1, 0, 0, 0, 0, 0, '', 28153),
(@CGUID+104,126497, 1754, 9164, 9640, '1', 0, 0, 0, -1, 0, 0, -1579.53, -795.948, 6.43799, 0.829206, 7200, 10, 0, 0, 0, 1, 0, 0, 0, 0, 0, '', 28153),
(@CGUID+105,128551, 1754, 9164, 9640, '1', 0, 0, 0, -1, 0, 0, -1786.09, -934.816, 74.2161, 0.555486, 7200, 0, 0, 0, 0, 0, 0, 0, 0, 0, 0, '', 28153),
(@CGUID+106,126519, 1754, 9164, 9640, '1', 0, 0, 0, -1, 0, 0, -1580.71, -787.655, 25.8198, 3.85789, 7200, 10, 0, 0, 0, 1, 0, 0, 0, 0, 0, '', 28153),
(@CGUID+107,126497, 1754, 9164, 9640, '1', 0, 0, 0, -1, 0, 0, -1680.36, -788.224, 1.25154, 0.784013, 7200, 0, 0, 0, 0, 0, 0, 0, 0, 0, 0, '', 28153),
(@CGUID+108,126497, 1754, 9164, 9640, '1', 0, 0, 0, -1, 0, 0, -1713.36, -801.443, 1.68584, 2.49603, 7200, 10, 0, 0, 0, 1, 0, 0, 0, 0, 0, '', 28153),
(@CGUID+109,126497, 1754, 9164, 9640, '1', 0, 0, 0, -1, 0, 0, -1455.45, -848.3, 12.5688, 0.225049, 7200, 10, 0, 0, 0, 1, 0, 0, 0, 0, 0, '', 28153),
(@CGUID+110,126497, 1754, 9164, 9640, '1', 0, 0, 0, -1, 0, 0, -1495.01, -789.354, 4.2673, 2.90342, 7200, 0, 0, 0, 0, 0, 0, 0, 0, 0, 0, '', 28153),
(@CGUID+111,126519, 1754, 9164, 9640, '1', 0, 0, 0, -1, 0, 0, -1662.21, -789.168, 1.7301, 5.70016, 7200, 0, 0, 0, 0, 0, 0, 0, 0, 0, 0, '', 28153),
(@CGUID+112,130689, 1754, 9164, 9640, '1', 0, 0, 0, -1, 0, 0, -1517.3, -816.158, 12.5591, 2.63399, 7200, 0, 0, 0, 0, 0, 0, 0, 0, 0, 0, '', 28153),
(@CGUID+113,126497, 1754, 9164, 9640, '1', 0, 0, 0, -1, 0, 0, -1677.24, -803.803, 2.35389, 1.08994, 7200, 10, 0, 0, 0, 1, 0, 0, 0, 0, 0, '', 28153),
(@CGUID+114,130689, 1754, 9164, 9640, '1', 0, 0, 0, -1, 0, 0, -1441.91, -822.054, 8.81205, 1.80725, 7200, 10, 0, 0, 0, 1, 0, 0, 0, 0, 0, '', 28153),
(@CGUID+115,126519, 1754, 9164, 9640, '1', 0, 0, 0, -1, 0, 0, -1673.31, -805.41, 4.51348, 4.73294, 7200, 0, 0, 0, 0, 0, 0, 0, 0, 0, 0, '', 28153),
(@CGUID+116,126519, 1754, 9164, 9640, '1', 0, 0, 0, -1, 0, 0, -1666.61, -805.583, 6.22629, 5.85636, 7200, 0, 0, 0, 0, 0, 0, 0, 0, 0, 0, '', 28153),
(@CGUID+117,126519, 1754, 9164, 9640, '1', 0, 0, 0, -1, 0, 0, -1660.82, -781.672, 1.84224, 5.90971, 7200, 0, 0, 0, 0, 0, 0, 0, 0, 0, 0, '', 28153),
(@CGUID+118,126497, 1754, 9164, 9640, '1', 0, 0, 0, -1, 0, 0, -1779.14, -941.809, 73.4273, 2.49021, 7200, 10, 0, 0, 0, 1, 0, 0, 0, 0, 0, '', 28153),
(@CGUID+119,130689, 1754, 9164, 9640, '1', 0, 0, 0, -1, 0, 0, -1744.32, -863.307, 13.989, 0.463648, 7200, 10, 0, 0, 0, 1, 0, 0, 0, 0, 0, '', 28153),
(@CGUID+120,126497, 1754, 9164, 9640, '1', 0, 0, 0, -1, 0, 0, -1759.72, -885.064, 41.6232, 3.23883, 7200, 10, 0, 0, 0, 1, 0, 0, 0, 0, 0, '', 28153),
(@CGUID+121,126497, 1754, 9164, 9640, '1', 0, 0, 0, -1, 0, 0, -1520.16, -731.59, 12.275, 5.80513, 7200, 10, 0, 0, 0, 1, 0, 0, 0, 0, 0, '', 28153),
(@CGUID+122,126497, 1754, 9164, 9640, '1', 0, 0, 0, -1, 0, 0, -1696.06, -787.257, 0.206558, 1.24769, 7200, 0, 0, 0, 0, 0, 0, 0, 0, 0, 0, '', 28153),
(@CGUID+123,126519, 1754, 9164, 9640, '1', 0, 0, 0, -1, 0, 0, -1499.68, -730.984, 30.6673, 5.75229, 7200, 10, 0, 0, 0, 1, 0, 0, 0, 0, 0, '', 28153),
(@CGUID+124,126497, 1754, 9164, 9640, '1', 0, 0, 0, -1, 0, 0, -1754.66, -770.389, 23.3874, 2.92876, 7200, 0, 0, 0, 0, 0, 0, 0, 0, 0, 0, '', 28153),
(@CGUID+125,126497, 1754, 9164, 9640, '1', 0, 0, 0, -1, 0, 0, -1485.54, -777.6, 2.46805, 2.72108, 7200, 10, 0, 0, 0, 1, 0, 0, 0, 0, 0, '', 28153),
(@CGUID+126,126497, 1754, 9164, 9640, '1', 0, 0, 0, -1, 0, 0, -1461.67, -769.854, 14.1958, 4.7336, 7200, 0, 0, 0, 0, 0, 0, 0, 0, 0, 0, '', 28153),
(@CGUID+127,126519, 1754, 9164, 9640, '1', 0, 0, 0, -1, 0, 0, -1506.78, -725.232, 30.6673, 5.83091, 7200, 10, 0, 0, 0, 1, 0, 0, 0, 0, 0, '', 28153),
(@CGUID+128,126519, 1754, 9164, 9640, '1', 0, 0, 0, -1, 0, 0, -1647.31, -729.484, 1.95017, 5.15385, 7200, 0, 0, 0, 0, 0, 0, 0, 0, 0, 0, '', 28153),
(@CGUID+129,126497, 1754, 9164, 9640, '1', 0, 0, 0, -1, 0, 0, -1463.21, -766.059, 2.69826, 4.36533, 7200, 0, 0, 0, 0, 0, 0, 0, 0, 0, 0, '', 28153),
(@CGUID+130,126497, 1754, 9164, 9640, '1', 0, 0, 0, -1, 0, 0, -1466.55, -764.392, 2.69073, 5.04593, 7200, 0, 0, 0, 0, 0, 0, 0, 0, 0, 0, '', 28153),
(@CGUID+131,126497, 1754, 9164, 9640, '1', 0, 0, 0, -1, 0, 0, -1466.25, -773.288, 12.5202, 5.68621, 7200, 10, 0, 0, 0, 1, 0, 0, 0, 0, 0, '', 28153),
(@CGUID+132,126519, 1754, 9164, 9640, '1', 0, 0, 0, -1, 0, 0, -1499.18, -731.483, 30.6673, 5.95621, 7200, 10, 0, 0, 0, 1, 0, 0, 0, 0, 0, '', 28153),
(@CGUID+133,126497, 1754, 9164, 9640, '1', 0, 0, 0, -1, 0, 0, -1469.42, -758.497, 3.0022, 2.8476, 7200, 0, 0, 0, 0, 0, 0, 0, 0, 0, 0, '', 28153),
(@CGUID+134,126519, 1754, 9164, 9640, '1', 0, 0, 0, -1, 0, 0, -1627.6, -735.419, 42.7729, 2.83188, 7200, 10, 0, 0, 0, 1, 0, 0, 0, 0, 0, '', 28153),
(@CGUID+135,130689, 1754, 9164, 9640, '1', 0, 0, 0, -1, 0, 0, -1474.57, -743.33, 1.01042, 4.55816, 7200, 10, 0, 0, 0, 1, 0, 0, 0, 0, 0, '', 28153),
(@CGUID+136,126519, 1754, 9164, 9640, '1', 0, 0, 0, -1, 0, 0, -1510.35, -723.599, 30.6673, 5.90793, 7200, 10, 0, 0, 0, 1, 0, 0, 0, 0, 0, '', 28153),
(@CGUID+137,126497, 1754, 9164, 9640, '1', 0, 0, 0, -1, 0, 0, -1480.21, -783.356, 14.3772, 6.25227, 7200, 0, 0, 0, 0, 0, 0, 0, 0, 0, 0, '', 28153),
(@CGUID+138,126519, 1754, 9164, 9640, '1', 0, 0, 0, -1, 0, 0, -1617.7, -733.63, 43.7729, 3.55737, 7200, 10, 0, 0, 0, 1, 0, 0, 0, 0, 0, '', 28153),
(@CGUID+139,126519, 1754, 9164, 9640, '1', 0, 0, 0, -1, 0, 0, -1482.91, -739.408, 29.6673, 4.47895, 7200, 10, 0, 0, 0, 1, 0, 0, 0, 0, 0, '', 28153),
(@CGUID+140,130689, 1754, 9164, 9640, '1', 0, 0, 0, -1, 0, 0, -1718.37, -757.662, 3.25214, 0.397307, 7200, 0, 0, 0, 0, 0, 0, 0, 0, 0, 0, '', 28153),
(@CGUID+141,126519, 1754, 9164, 9640, '1', 0, 0, 0, -1, 0, 0, -1612.88, -734.066, 43.7729, 3.65715, 7200, 10, 0, 0, 0, 1, 0, 0, 0, 0, 0, '', 28153),
(@CGUID+142,126497, 1754, 9164, 9640, '1', 0, 0, 0, -1, 0, 0, -1728.96, -785.625, 16.0965, 1.72961, 7200, 10, 0, 0, 0, 1, 0, 0, 0, 0, 0, '', 28153),
(@CGUID+143,126497, 1754, 9164, 9640, '1', 0, 0, 0, -1, 0, 0, -1456.89, -783.487, 2.43618, 2.0161, 7200, 10, 0, 0, 0, 1, 0, 0, 0, 0, 0, '', 28153),
(@CGUID+144,126519, 1754, 9164, 9640, '1', 0, 0, 0, -1, 0, 0, -1617.6, -729.407, 43.7729, 3.58122, 7200, 10, 0, 0, 0, 1, 0, 0, 0, 0, 0, '', 28153),
(@CGUID+145,126519, 1754, 9164, 9640, '1', 0, 0, 0, -1, 0, 0, -1503.45, -727.164, 30.6673, 5.73047, 7200, 10, 0, 0, 0, 1, 0, 0, 0, 0, 0, '', 28153),
(@CGUID+146,126919, 1754, 9164, 9640, '1', 0, 0, 0, -1, 0, 0, -1607.3, -622.123, 60.2397, 3.56742, 7200, 0, 0, 0, 0, 0, 0, 0, 0, 0, 0, '', 28153),
(@CGUID+147,126919, 1754, 9164, 9640, '1', 0, 0, 0, -1, 0, 0, -1585.9, -634, 60.2216, 4.70858, 7200, 0, 0, 0, 0, 0, 0, 0, 0, 0, 0, '', 28153),
(@CGUID+148,126845, 1754, 9164, 9640, '1', 0, 0, 0, -1, 0, 0, -1778.62, -689.471, 40.1341, 2.78682, 7200, 0, 0, 0, 0, 0, 0, 0, 0, 0, 0, '', 28153),
(@CGUID+149,126919, 1754, 9164, 9640, '1', 0, 0, 0, -1, 0, 0, -1571.91, -588.135, 68.6001, 5.50425, 7200, 0, 0, 0, 0, 0, 0, 0, 0, 0, 0, '', 28153),
(@CGUID+150,126919, 1754, 9164, 9640, '1', 0, 0, 0, -1, 0, 0, -1564.31, -581.571, 68.8108, 5.02486, 7200, 0, 0, 0, 0, 0, 0, 0, 0, 0, 0, '', 28153),
(@CGUID+151,126497, 1754, 9164, 9640, '1', 0, 0, 0, -1, 0, 0, -1499.91, -727.104, 6.32029, 2.86991, 7200, 10, 0, 0, 0, 1, 0, 0, 0, 0, 0, '', 28153),
(@CGUID+152,130689, 1754, 9164, 9640, '1', 0, 0, 0, -1, 0, 0, -1684.71, -722.68, 6.51112, 1.78329, 7200, 0, 0, 0, 0, 0, 0, 0, 0, 0, 0, '', 28153),
(@CGUID+153,126497, 1754, 9164, 9640, '1', 0, 0, 0, -1, 0, 0, -1789.67, -766.492, 22.4529, 1.27207, 7200, 10, 0, 0, 0, 1, 0, 0, 0, 0, 0, '', 28153),
(@CGUID+154,126519, 1754, 9164, 9640, '1', 0, 0, 0, -1, 0, 0, -1633.94, -709.182, 15.9666, 6.21394, 7200, 0, 0, 0, 0, 0, 0, 0, 0, 0, 0, '', 28153),
(@CGUID+155,126497, 1754, 9164, 9640, '1', 0, 0, 0, -1, 0, 0, -1779.4, -766.292, 25.2438, 2.41917, 7200, 0, 0, 0, 0, 0, 0, 0, 0, 0, 0, '', 28153),
(@CGUID+156,130689, 1754, 9164, 9640, '1', 0, 0, 0, -1, 0, 0, -1760.19, -756.175, 39.3811, 1.20724, 7200, 0, 0, 0, 0, 0, 0, 0, 0, 0, 0, '', 28153),
(@CGUID+157,130689, 1754, 9164, 9640, '1', 0, 0, 0, -1, 0, 0, -1678.57, -716.141, 21.3542, 5.11089, 7200, 0, 0, 0, 0, 0, 0, 0, 0, 0, 0, '', 28153),
(@CGUID+158,126497, 1754, 9164, 9640, '1', 0, 0, 0, -1, 0, 0, -1665.46, -702.8, 6.72018, 2.52763, 7200, 10, 0, 0, 0, 1, 0, 0, 0, 0, 0, '', 28153),
(@CGUID+159,126497, 1754, 9164, 9640, '1', 0, 0, 0, -1, 0, 0, -1645.53, -694.588, 12.7934, 5.06599, 7200, 10, 0, 0, 0, 1, 0, 0, 0, 0, 0, '', 28153),
(@CGUID+160,130689, 1754, 9164, 9640, '1', 0, 0, 0, -1, 0, 0, -1841.52, -801.337, 57.7319, 5.3689, 7200, 10, 0, 0, 0, 1, 0, 0, 0, 0, 0, '', 28153),
(@CGUID+161,143774, 1754, 9164, 9640, '1', 0, 0, 0, -1, 0, 0, -1621.19, -971.903, 71.8867, 3.742, 7200, 0, 0, 0, 0, 0, 0, 0, 0, 0, 0, '', 28153),
(@CGUID+162,126497, 1754, 9164, 9640, '1', 0, 0, 0, -1, 0, 0, -1668.54, -696.977, 6.80895, 5.56976, 7200, 10, 0, 0, 0, 1, 0, 0, 0, 0, 0, '', 28153),
(@CGUID+163,126497, 1754, 9164, 9640, '1', 0, 0, 0, -1, 0, 0, -1713.79, -708.131, 14.9202, 2.76761, 7200, 10, 0, 0, 0, 1, 0, 0, 0, 0, 0, '', 28153),
(@CGUID+164,126497, 1754, 9164, 9640, '1', 0, 0, 0, -1, 0, 0, -1801.94, -752.915, 24.7946, 4.23301, 7200, 10, 0, 0, 0, 1, 0, 0, 0, 0, 0, '', 28153),
(@CGUID+165,126497, 1754, 9164, 9640, '1', 0, 0, 0, -1, 0, 0, -1824.88, -750.08, 56.8423, 5.56976, 7200, 10, 0, 0, 0, 1, 0, 0, 0, 0, 0, '', 28153),
(@CGUID+166,127119, 1754, 9164, 9640, '1', 0, 0, 0, -1, 0, 0, -1836.11, -759.187, 56.9234, 3.19793, 7200, 10, 0, 0, 0, 1, 0, 0, 0, 0, 0, '', 28153),
(@CGUID+167,130689, 1754, 9164, 9640, '1', 0, 0, 0, -1, 0, 0, -1842.12, -756.521, 58.2225, 2.03378, 7200, 0, 0, 0, 0, 0, 0, 0, 0, 0, 0, '', 28153),
(@CGUID+168,127111, 1754, 9164, 9640, '1', 0, 0, 0, -1, 0, 0, -1853.83, -753.639, 56.962, 3.8304, 7200, 0, 0, 0, 0, 0, 0, 0, 0, 0, 0, '', 28153),
(@CGUID+169,130689, 1754, 9164, 9640, '1', 0, 0, 0, -1, 0, 0, -1895.79, -791.241, 56.8611, 5.37053, 7200, 0, 0, 0, 0, 0, 0, 0, 0, 0, 0, '', 28153),
(@CGUID+170,129548, 1754, 9164, 9640, '1', 0, 0, 0, -1, 0, 0, -1856.51, -753.878, 56.4234, 0.117588, 7200, 0, 0, 0, 0, 0, 0, 0, 0, 0, 0, '', 28153),
(@CGUID+171,129559, 1754, 9164, 9640, '1', 0, 0, 0, -1, 0, 0, -1881.45, -774.804, 56.6195, 0.921417, 7200, 0, 0, 0, 0, 0, 0, 0, 0, 0, 0, '', 28153),
(@CGUID+172,129526, 1754, 9164, 9640, '1', 0, 0, 0, -1, 0, 0, -1885.19, -782.983, 56.628, 6.06746, 7200, 10, 0, 0, 0, 1, 0, 0, 0, 0, 0, '', 28153),
(@CGUID+173,127124, 1754, 9164, 9640, '1', 0, 0, 0, -1, 0, 0, -1844.51, -756.654, 58.1959, 2.3551, 7200, 0, 0, 0, 0, 0, 0, 0, 0, 0, 0, '', 28153),
(@CGUID+174,130522, 1754, 9164, 9640, '1', 0, 0, 0, -1, 0, 0, -1849.83, -766.853, 56.9655, 6.24169, 7200, 10, 0, 0, 0, 1, 0, 0, 0, 0, 0, '', 28153),
(@CGUID+175,127124, 1754, 9164, 9640, '1', 0, 0, 0, -1, 0, 0, -1846.79, -754.18, 58.2672, 5.83484, 7200, 0, 0, 0, 0, 0, 0, 0, 0, 0, 0, '', 28153),
(@CGUID+176,127119, 1754, 9164, 9640, '1', 0, 0, 0, -1, 0, 0, -1845.56, -755.37, 58.249, 2.34116, 7200, 0, 0, 0, 0, 0, 0, 0, 0, 0, 0, '', 28153),
(@CGUID+177,126497, 1754, 9164, 9640, '1', 0, 0, 0, -1, 0, 0, -1884.41, -782.213, 79.4383, 0.0810744, 7200, 10, 0, 0, 0, 1, 0, 0, 0, 0, 0, '', 28153),
(@CGUID+178,126497, 1754, 9164, 9640, '1', 0, 0, 0, -1, 0, 0, -1884.76, -772.765, 56.628, 5.83033, 7200, 10, 0, 0, 0, 1, 0, 0, 0, 0, 0, '', 28153),
(@CGUID+179,129550, 1754, 9164, 9640, '1', 0, 0, 0, -1, 0, 0, -1882.02, -769.974, 56.6124, 4.13986, 7200, 0, 0, 0, 0, 0, 0, 0, 0, 0, 0, '', 28153),
(@CGUID+180,127111, 1754, 9164, 9640, '1', 0, 0, 0, -1, 0, 0, -1883.69, -772.477, 56.6345, 1.11702, 7200, 0, 0, 0, 0, 0, 0, 0, 0, 0, 0, '', 28153),
(@CGUID+181,129559, 1754, 9164, 9640, '1', 0, 0, 0, -1, 0, 0, -1854.81, -756.495, 56.4537, 1.25741, 7200, 0, 0, 0, 0, 0, 0, 0, 0, 0, 0, '', 28153),
(@CGUID+182,126497, 1754, 9164, 9640, '1', 0, 0, 0, -1, 0, 0, -1894.96, -774.593, 71.1202, 2.11091, 7200, 10, 0, 0, 0, 1, 0, 0, 0, 0, 0, '', 28153),
(@CGUID+183,130522, 1754, 9164, 9640, '1', 0, 0, 0, -1, 0, 0, -1857.37, -739.445, 56.717, 0.646003, 7200, 0, 0, 0, 0, 0, 0, 0, 0, 0, 0, '', 28153),
(@CGUID+184,126497, 1754, 9164, 9640, '1', 0, 0, 0, -1, 0, 0, -1793.37, -708.127, 39.8402, 5.5627, 7200, 10, 0, 0, 0, 1, 0, 0, 0, 0, 0, '', 28153),
(@CGUID+185,130689, 1754, 9164, 9640, '1', 0, 0, 0, -1, 0, 0, -1811.36, -716.669, 56.5794, 3.5516, 7200, 10, 0, 0, 0, 1, 0, 0, 0, 0, 0, '', 28153),
(@CGUID+186,129550, 1754, 9164, 9640, '1', 0, 0, 0, -1, 0, 0, -1895.87, -760.752, 56.4157, 3.51179, 7200, 0, 0, 0, 0, 0, 0, 0, 0, 0, 0, '', 28153),
(@CGUID+187,129548, 1754, 9164, 9640, '1', 0, 0, 0, -1, 0, 0, -1900.34, -762.759, 56.6788, 0.35664, 7200, 0, 0, 0, 0, 0, 0, 0, 0, 0, 0, '', 28153),
(@CGUID+188,129547, 1754, 9164, 9640, '1', 0, 0, 0, -1, 0, 0, -1881.94, -747.391, 56.5521, 1.31938, 7200, 0, 0, 0, 0, 0, 0, 0, 0, 0, 0, '', 28153),
(@CGUID+189,129547, 1754, 9164, 9640, '1', 0, 0, 0, -1, 0, 0, -1878.58, -745.668, 56.6186, 2.877, 7200, 0, 0, 0, 0, 0, 0, 0, 0, 0, 0, '', 28153),
(@CGUID+190,126918, 1754, 9164, 9640, '1', 0, 0, 0, -1, 0, 0, -1876.17, -772.113, 77.1201, 6.24887, 7200, 10, 0, 0, 0, 1, 0, 0, 0, 0, 0, '', 28153),
(@CGUID+191,129559, 1754, 9164, 9640, '1', 0, 0, 0, -1, 0, 0, -1896.84, -764.346, 56.5843, 2.04025, 7200, 0, 0, 0, 0, 0, 0, 0, 0, 0, 0, '', 28153),
(@CGUID+192,130521, 1754, 9164, 9640, '1', 0, 0, 0, -1, 0, 0, -1880.17, -749.899, 76.9477, 0.0239493, 7200, 0, 0, 0, 0, 0, 0, 0, 0, 0, 0, '', 28153),
(@CGUID+193,126497, 1754, 9164, 9640, '1', 0, 0, 0, -1, 0, 0, -1828.67, -719.481, 42.2907, 0.654211, 7200, 10, 0, 0, 0, 1, 0, 0, 0, 0, 0, '', 28153),
(@CGUID+194,127019, 1754, 9164, 9640, '1', 0, 0, 0, -1, 0, 0, -1881.29, -744.92, 56.9061, 5.34249, 7200, 0, 0, 0, 0, 0, 0, 0, 0, 0, 0, '', 28153),
(@CGUID+195,130011, 1754, 9164, 9640, '1', 0, 0, 0, -1, 0, 0, -1884.63, -738.726, 76.9838, 2.31241, 7200, 0, 0, 0, 0, 0, 0, 0, 0, 0, 0, '', 28153),
(@CGUID+196,126497, 1754, 9164, 9640, '1', 0, 0, 0, -1, 0, 0, -1891.07, -741.318, 77.1202, 2.48645, 7200, 10, 0, 0, 0, 1, 0, 0, 0, 0, 0, '', 28153),
(@CGUID+197,127119, 1754, 9164, 9640, '1', 0, 0, 0, -1, 0, 0, -1921.05, -764.28, 56.9843, 2.05195, 7200, 10, 0, 0, 0, 1, 0, 0, 0, 0, 0, '', 28153),
(@CGUID+198,129527, 1754, 9164, 9640, '1', 0, 0, 0, -1, 0, 0, -1812.64, -704.196, 41.3731, 3.13416, 7200, 10, 0, 0, 0, 1, 0, 0, 0, 0, 0, '', 28153),
(@CGUID+199,127111, 1754, 9164, 9640, '1', 0, 0, 0, -1, 0, 0, -1886.08, -737.012, 76.9775, 5.62341, 7200, 0, 0, 0, 0, 0, 0, 0, 0, 0, 0, '', 28153),
(@CGUID+200,130404, 1754, 9164, 9640, '1', 0, 0, 0, -1, 0, 0, -1902.16, -740.507, 56.6437, 5.15421, 7200, 10, 0, 0, 0, 1, 0, 0, 0, 0, 0, '', 28153),
(@CGUID+201,126497, 1754, 9164, 9640, '1', 0, 0, 0, -1, 0, 0, -1927.42, -761.924, 58.1206, 4.38447, 7200, 10, 0, 0, 0, 1, 0, 0, 0, 0, 0, '', 28153),
(@CGUID+202,126497, 1754, 9164, 9640, '1', 0, 0, 0, -1, 0, 0, -1894.44, -737.631, 58.2032, 4.24001, 7200, 10, 0, 0, 0, 1, 0, 0, 0, 0, 0, '', 28153),
(@CGUID+203,130024, 1754, 9164, 9640, '1', 0, 0, 0, -1, 0, 0, -1900.97, -735.585, 57.1521, 5.10523, 7200, 10, 0, 0, 0, 1, 0, 0, 0, 0, 0, '', 28153),
(@CGUID+204,130024, 1754, 9164, 9640, '1', 0, 0, 0, -1, 0, 0, -1906.13, -738.718, 57.2525, 5.15421, 7200, 10, 0, 0, 0, 1, 0, 0, 0, 0, 0, '', 28153),
(@CGUID+205,130024, 1754, 9164, 9640, '1', 0, 0, 0, -1, 0, 0, -1901.7, -736.412, 57.0271, 5.06316, 7200, 10, 0, 0, 0, 1, 0, 0, 0, 0, 0, '', 28153),
(@CGUID+206,130024, 1754, 9164, 9640, '1', 0, 0, 0, -1, 0, 0, -1904.23, -739.423, 56.9331, 5.15421, 7200, 10, 0, 0, 0, 1, 0, 0, 0, 0, 0, '', 28153),
(@CGUID+207,126832, 1754, 9164, 9640, '1', 0, 0, 0, -1, 0, 0, -1778.22, -994.856, 88.48, 5.69468, 7200, 0, 0, 0, 0, 0, 0, 0, 0, 0, 0, '', 28153),
(@CGUID+208,127119, 1754, 9164, 9640, '1', 0, 0, 0, -1, 0, 0, -1871.13, -745.274, 55.6291, 4.17668, 7200, 10, 0, 0, 0, 1, 0, 0, 0, 0, 0, '', 28153),
(@CGUID+209,126841, 1754, 9164, 9640, '1', 0, 0, 0, -1, 0, 0, -1781.49, -993.317, 89.3387, 5.27738, 7200, 0, 0, 0, 0, 0, 0, 0, 0, 0, 0, '', 28153),
(@CGUID+210,127119, 1754, 9164, 9640, '1', 0, 0, 0, -1, 0, 0, -1928.55, -757.781, 58.7569, 4.48152, 7200, 0, 0, 0, 0, 0, 0, 0, 0, 0, 0, '', 28153),
(@CGUID+211,127119, 1754, 9164, 9640, '1', 0, 0, 0, -1, 0, 0, -1930.79, -761.09, 58.5696, 0.615848, 7200, 0, 0, 0, 0, 0, 0, 0, 0, 0, 0, '', 28153),
(@CGUID+212,138718, 1754, 9164, 9640, '1', 0, 0, 0, -1, 0, 0, -1785.85, -1024.13, 89.2914, 0, 7200, 0, 0, 0, 0, 0, 0, 0, 0, 0, 0, '', 28153),
(@CGUID+213,129559, 1754, 9164, 9640, '1', 0, 0, 0, -1, 0, 0, -1913.03, -734.668, 58.2576, 0.075882, 7200, 0, 0, 0, 0, 0, 0, 0, 0, 0, 0, '', 28153),
(@CGUID+214,130522, 1754, 9164, 9640, '1', 0, 0, 0, -1, 0, 0, -1929.19, -746.559, 58.9846, 3.87421, 7200, 0, 0, 0, 0, 0, 0, 0, 0, 0, 0, '', 28153),
(@CGUID+215,126497, 1754, 9164, 9640, '1', 0, 0, 0, -1, 0, 0, -1920.29, -734.523, 76.9202, 5.40068, 7200, 0, 0, 0, 0, 0, 0, 0, 0, 0, 0, '', 28153),
(@CGUID+216,127111, 1754, 9164, 9640, '1', 0, 0, 0, -1, 0, 0, -1910.59, -733.361, 57.8604, 3.67775, 7200, 0, 0, 0, 0, 0, 0, 0, 0, 0, 0, '', 28153),
(@CGUID+217,130689, 1754, 9164, 9640, '1', 0, 0, 0, -1, 0, 0, -1870.83, -712.5, 55.137, 4.99525, 7200, 0, 0, 0, 0, 0, 0, 0, 0, 0, 0, '', 28153),
(@CGUID+218,138705, 1754, 9164, 9640, '1', 0, 0, 0, -1, 0, 0, -1915.22, -727.182, 78.2865, 1.04368, 7200, 0, 0, 0, 0, 0, 0, 0, 0, 0, 0, '', 28153),
(@CGUID+219,130404, 1754, 9164, 9640, '1', 0, 0, 0, -1, 0, 0, -1842.57, -703.588, 45.2482, 3.62534, 7200, 0, 0, 0, 0, 0, 0, 0, 0, 0, 0, '', 28153),
(@CGUID+220,129559, 1754, 9164, 9640, '1', 0, 0, 0, -1, 0, 0, -1912.1, -723.264, 58.8357, 1.9589, 7200, 0, 0, 0, 0, 0, 0, 0, 0, 0, 0, '', 28153),
(@CGUID+221,130024, 1754, 9164, 9640, '1', 0, 0, 0, -1, 0, 0, -1841.94, -701.827, 44.9497, 3.57291, 7200, 0, 0, 0, 0, 0, 0, 0, 0, 0, 0, '', 28153),
(@CGUID+222,130024, 1754, 9164, 9640, '1', 0, 0, 0, -1, 0, 0, -1841.24, -700.08, 44.632, 3.50722, 7200, 0, 0, 0, 0, 0, 0, 0, 0, 0, 0, '', 28153),
(@CGUID+223,129559, 1754, 9164, 9640, '1', 0, 0, 0, -1, 0, 0, -1891.02, -706.394, 57.6552, 5.52558, 7200, 0, 0, 0, 0, 0, 0, 0, 0, 0, 0, '', 28153),
(@CGUID+224,129550, 1754, 9164, 9640, '1', 0, 0, 0, -1, 0, 0, -1887.8, -704.073, 57.3442, 2.51192, 7200, 0, 0, 0, 0, 0, 0, 0, 0, 0, 0, '', 28153),
(@CGUID+225,130689, 1754, 9164, 9640, '1', 0, 0, 0, -1, 0, 0, -1827.24, -689.437, 42.4767, 2.2773, 7200, 10, 0, 0, 0, 1, 0, 0, 0, 0, 0, '', 28153),
(@CGUID+226,129550, 1754, 9164, 9640, '1', 0, 0, 0, -1, 0, 0, -1917.87, -722.029, 60.2557, 0.757332, 7200, 0, 0, 0, 0, 0, 0, 0, 0, 0, 0, '', 28153),
(@CGUID+227,129548, 1754, 9164, 9640, '1', 0, 0, 0, -1, 0, 0, -1916.06, -718.93, 58.9529, 0.134824, 7200, 0, 0, 0, 0, 0, 0, 0, 0, 0, 0, '', 28153),
(@CGUID+228,126497, 1754, 9164, 9640, '1', 0, 0, 0, -1, 0, 0, -1772.36, -687.625, 44.0326, 2.98885, 7200, 0, 0, 0, 0, 0, 0, 0, 0, 0, 0, '', 28153),
(@CGUID+229,130522, 1754, 9164, 9640, '1', 0, 0, 0, -1, 0, 0, -1913.53, -718.712, 58.9224, 3.1119, 7200, 0, 0, 0, 0, 0, 0, 0, 0, 0, 0, '', 28153),
(@CGUID+230,129550, 1754, 9164, 9640, '1', 0, 0, 0, -1, 0, 0, -1875.99, -692.922, 69.3957, 0.730794, 7200, 0, 0, 0, 0, 0, 0, 0, 0, 0, 0, '', 28153),
(@CGUID+231,126847, 1754, 9164, 9640, '1', 0, 0, 0, -1, 0, 0, -1778.89, -685.425, 40.7612, 3.42753, 7200, 0, 0, 0, 0, 0, 0, 0, 0, 0, 0, '', 28153),
(@CGUID+232,129548, 1754, 9164, 9640, '1', 0, 0, 0, -1, 0, 0, -1887.63, -701.559, 57.5052, 3.53654, 7200, 0, 0, 0, 0, 0, 0, 0, 0, 0, 0, '', 28153),
(@CGUID+233,129559, 1754, 9164, 9640, '1', 0, 0, 0, -1, 0, 0, -1873.98, -691.116, 69.367, 3.87713, 7200, 0, 0, 0, 0, 0, 0, 0, 0, 0, 0, '', 28153),
(@CGUID+234,130521, 1754, 9164, 9640, '1', 0, 0, 0, -1, 0, 0, -1914.55, -707.002, 58.5748, 4.36057, 7200, 0, 0, 0, 0, 0, 0, 0, 0, 0, 0, '', 28153),
(@CGUID+235,126497, 1754, 9164, 9640, '1', 0, 0, 0, -1, 0, 0, -1848.44, -680.875, 60.9383, 4.91093, 7200, 10, 0, 0, 0, 1, 0, 0, 0, 0, 0, '', 28153),
(@CGUID+236,127111, 1754, 9164, 9640, '1', 0, 0, 0, -1, 0, 0, -1890.33, -700.882, 58.4025, 6.13367, 7200, 0, 0, 0, 0, 0, 0, 0, 0, 0, 0, '', 28153),
(@CGUID+237,129548, 1754, 9164, 9640, '1', 0, 0, 0, -1, 0, 0, -1829.88, -681.193, 41.7274, 4.39714, 7200, 0, 0, 0, 0, 0, 0, 0, 0, 0, 0, '', 28153),
(@CGUID+238,130522, 1754, 9164, 9640, '1', 0, 0, 0, -1, 0, 0, -1914.86, -711.901, 58.5985, 2.13673, 7200, 0, 0, 0, 0, 0, 0, 0, 0, 0, 0, '', 28153),
(@CGUID+239,130521, 1754, 9164, 9640, '1', 0, 0, 0, -1, 0, 0, -1918.12, -712.938, 58.9247, 1.36567, 7200, 0, 0, 0, 0, 0, 0, 0, 0, 0, 0, '', 28153),
(@CGUID+240,130521, 1754, 9164, 9640, '1', 0, 0, 0, -1, 0, 0, -1902.7, -702.528, 58.6476, 4.77722, 7200, 0, 0, 0, 0, 0, 0, 0, 0, 0, 0, '', 28153),
(@CGUID+241,126848, 1754, 9164, 9640, '1', 0, 0, 0, -1, 0, 0, -1779.32, -681.953, 40.138, 3.73388, 7200, 0, 0, 0, 0, 0, 0, 0, 0, 0, 0, '', 28153),
(@CGUID+242,130689, 1754, 9164, 9640, '1', 0, 0, 0, -1, 0, 0, -1849.66, -681.045, 69.3076, 0.782542, 7200, 0, 0, 0, 0, 0, 0, 0, 0, 0, 0, '', 28153),
(@CGUID+243,130521, 1754, 9164, 9640, '1', 0, 0, 0, -1, 0, 0, -1919.88, -708.031, 59.5274, 5.86074, 7200, 0, 0, 0, 0, 0, 0, 0, 0, 0, 0, '', 28153),
(@CGUID+244,126497, 1754, 9164, 9640, '1', 0, 0, 0, -1, 0, 0, -1910.73, -707.271, 58.4592, 0.845627, 7200, 0, 0, 0, 0, 0, 0, 0, 0, 0, 0, '', 28153),
(@CGUID+245,126497, 1754, 9164, 9640, '1', 0, 0, 0, -1, 0, 0, -1770.52, -675.21, 43.748, 1.9552, 7200, 0, 0, 0, 0, 0, 0, 0, 0, 0, 0, '', 28153),
(@CGUID+246,126918, 1754, 9164, 9640, '1', 0, 0, 0, -1, 0, 0, -1915.63, -692.988, 76.9202, 0.30574, 7200, 0, 0, 0, 0, 0, 0, 0, 0, 0, 0, '', 28153),
(@CGUID+247,129600, 1754, 9164, 9640, '1', 0, 0, 0, -1, 0, 0, -1831.38, -672.493, 41.7257, 5.92517, 7200, 0, 0, 0, 0, 0, 0, 0, 0, 0, 0, '', 28153),
(@CGUID+248,130521, 1754, 9164, 9640, '1', 0, 0, 0, -1, 0, 0, -1906.82, -687.028, 77.2934, 4.81544, 7200, 0, 0, 0, 0, 0, 0, 0, 0, 0, 0, '', 28153),
(@CGUID+249,126497, 1754, 9164, 9640, '1', 0, 0, 0, -1, 0, 0, -1886, -685.978, 69.8142, 1.75559, 7200, 0, 0, 0, 0, 0, 0, 0, 0, 0, 0, '', 28153),
(@CGUID+250,129599, 1754, 9164, 9640, '1', 0, 0, 0, -1, 0, 0, -1823.6, -676.142, 40.6664, 3.15366, 7200, 0, 0, 0, 0, 0, 0, 0, 0, 0, 0, '', 28153),
(@CGUID+251,130522, 1754, 9164, 9640, '1', 0, 0, 0, -1, 0, 0, -1795.04, -660.635, 38.7942, 1.11179, 7200, 0, 0, 0, 0, 0, 0, 0, 0, 0, 0, '', 28153),
(@CGUID+252,126497, 1754, 9164, 9640, '1', 0, 0, 0, -1, 0, 0, -1915.46, -687.248, 69.5202, 6.2437, 7200, 0, 0, 0, 0, 0, 0, 0, 0, 0, 0, '', 28153),
(@CGUID+253,130522, 1754, 9164, 9640, '1', 0, 0, 0, -1, 0, 0, -1795.12, -657.762, 38.7951, 5.12355, 7200, 0, 0, 0, 0, 0, 0, 0, 0, 0, 0, '', 28153),
(@CGUID+254,130521, 1754, 9164, 9640, '1', 0, 0, 0, -1, 0, 0, -1786.42, -662.837, 38.7321, 1.58633, 7200, 0, 0, 0, 0, 0, 0, 0, 0, 0, 0, '', 28153),
(@CGUID+255,129598, 1754, 9164, 9640, '1', 0, 0, 0, -1, 0, 0, -1870.53, -670.5, 69.3749, 0.00608053, 7200, 0, 0, 0, 0, 0, 0, 0, 0, 0, 0, '', 28153),
(@CGUID+256,126497, 1754, 9164, 9640, '1', 0, 0, 0, -1, 0, 0, -1936.51, -697.535, 76.4221, 0.872555, 7200, 0, 0, 0, 0, 0, 0, 0, 0, 0, 0, '', 28153),
(@CGUID+257,130689, 1754, 9164, 9640, '1', 0, 0, 0, -1, 0, 0, -1898.58, -676.693, 69.7202, 4.93362, 7200, 0, 0, 0, 0, 0, 0, 0, 0, 0, 0, '', 28153),
(@CGUID+258,126497, 1754, 9164, 9640, '1', 0, 0, 0, -1, 0, 0, -1686.46, -687.184, 6.92915, 2.21619, 7200, 0, 0, 0, 0, 0, 0, 0, 0, 0, 0, '', 28153),
(@CGUID+259,130521, 1754, 9164, 9640, '1', 0, 0, 0, -1, 0, 0, -1794.59, -656.38, 38.8234, 0.384545, 7200, 0, 0, 0, 0, 0, 0, 0, 0, 0, 0, '', 28153),
(@CGUID+260,129598, 1754, 9164, 9640, '1', 0, 0, 0, -1, 0, 0, -1870.49, -672.583, 69.3749, 0.00608053, 7200, 0, 0, 0, 0, 0, 0, 0, 0, 0, 0, '', 28153),
(@CGUID+261,130521, 1754, 9164, 9640, '1', 0, 0, 0, -1, 0, 0, -1785.22, -653.073, 38.8352, 4.88391, 7200, 0, 0, 0, 0, 0, 0, 0, 0, 0, 0, '', 28153),
(@CGUID+262,129527, 1754, 9164, 9640, '1', 0, 0, 0, -1, 0, 0, -1855.74, -652.971, 61.667, 3.0264, 7200, 0, 0, 0, 0, 0, 0, 0, 0, 0, 0, '', 28153),
(@CGUID+263,129529, 1754, 9164, 9640, '1', 0, 0, 0, -1, 0, 0, -1863.12, -653.766, 61.6717, 0.886431, 7200, 0, 0, 0, 0, 0, 0, 0, 0, 0, 0, '', 28153),
(@CGUID+264,130689, 1754, 9164, 9640, '1', 0, 0, 0, -1, 0, 0, -1658.47, -667.359, 12.6958, 3.62795, 7200, 0, 0, 0, 0, 0, 0, 0, 0, 0, 0, '', 28153),
(@CGUID+265,129600, 1754, 9164, 10038, '1', 0, 0, 0, -1, 0, 0, -1846.76, -624.112, 42.8506, 1.90489, 7200, 10, 0, 0, 0, 1, 0, 0, 0, 0, 0, '', 28153),
(@CGUID+266,126497, 1754, 9164, 0, '1', 0, 0, 0, -1, 0, 0, -1778.09, -617.197, 41.3801, 0.0195216, 7200, 0, 0, 0, 0, 0, 0, 0, 0, 0, 0, '', 28153),
(@CGUID+267,126497, 1754, 9164, 0, '1', 0, 0, 0, -1, 0, 0, -1898.32, -650.672, 69.2258, 0.334316, 7200, 0, 0, 0, 0, 0, 0, 0, 0, 0, 0, '', 28153),
(@CGUID+268,129599, 1754, 9164, 10038, '1', 0, 0, 0, -1, 0, 0, -1844.53, -624.443, 43.0987, 1.96183, 7200, 10, 0, 0, 0, 1, 0, 0, 0, 0, 0, '', 28153),
(@CGUID+269,129547, 1754, 9164, 10038, '1', 0, 0, 0, -1, 0, 0, -1845.21, -621.605, 43.2079, 1.83141, 7200, 0, 0, 0, 0, 0, 0, 0, 0, 0, 0, '', 28153),
(@CGUID+270,129599, 1754, 9164, 10038, '1', 0, 0, 0, -1, 0, 0, -1842.65, -623.167, 43.4815, 1.94078, 7200, 10, 0, 0, 0, 1, 0, 0, 0, 0, 0, '', 28153),
(@CGUID+271,129600, 1754, 9164, 10038, '1', 0, 0, 0, -1, 0, 0, -1848.08, -622.245, 42.8771, 1.80915, 7200, 10, 0, 0, 0, 1, 0, 0, 0, 0, 0, '', 28153),
(@CGUID+272,129547, 1754, 9164, 10038, '1', 0, 0, 0, -1, 0, 0, -1783.08, -606.594, 41.1506, 4.26959, 7200, 0, 0, 0, 0, 0, 0, 0, 0, 0, 0, '', 28153),
(@CGUID+273,129529, 1754, 9164, 10038, '1', 0, 0, 0, -1, 0, 0, -1837.29, -604.323, 45.9888, 4.04884, 7200, 0, 0, 0, 0, 0, 0, 0, 0, 0, 0, '', 28153),
(@CGUID+274,126983, 1754, 9164, 10040, '1', 0, 0, 0, -1, 0, 0, -1587.22, -562.097, 70.2824, 5.39209, 7200, 0, 0, 0, 0, 0, 0, 0, 0, 0, 0, '', 28153),
(@CGUID+275,129527, 1754, 9164, 10038, '1', 0, 0, 0, -1, 0, 0, -1835.87, -606.656, 45.7979, 3.57911, 7200, 0, 0, 0, 0, 0, 0, 0, 0, 0, 0, '', 28153),
(@CGUID+276,129601, 1754, 9164, 10038, '1', 0, 0, 0, -1, 0, 0, -1785.94, -605.555, 41.362, 3.89278, 7200, 0, 0, 0, 0, 0, 0, 0, 0, 0, 0, '', 28153),
(@CGUID+277,130400, 1754, 9164, 10038, '1', 0, 0, 0, -1, 0, 0, -1808.79, -600.943, 39.4753, 1.74952, 7200, 0, 0, 0, 0, 0, 0, 0, 0, 0, 0, '', 28153),
(@CGUID+278,129599, 1754, 9164, 10038, '1', 0, 0, 0, -1, 0, 0, -1841.7, -603.828, 45.8716, 4.95919, 7200, 0, 0, 0, 0, 0, 0, 0, 0, 0, 0, '', 28153),
(@CGUID+279,129548, 1754, 9164, 10038, '1', 0, 0, 0, -1, 0, 0, -1864.73, -594.141, 54.3386, 1.7938, 7200, 0, 0, 0, 0, 0, 0, 0, 0, 0, 0, '', 28153),
(@CGUID+280,129600, 1754, 9164, 10038, '1', 0, 0, 0, -1, 0, 0, -1869.51, -594.847, 54.5457, 5.09316, 7200, 0, 0, 0, 0, 0, 0, 0, 0, 0, 0, '', 28153),
(@CGUID+281,126497, 1754, 9164, 0, '1', 0, 0, 0, -1, 0, 0, -1857.49, -592.111, 54.0085, 1.92263, 7200, 10, 0, 0, 0, 1, 0, 0, 0, 0, 0, '', 28153),
(@CGUID+282,129529, 1754, 9164, 10038, '1', 0, 0, 0, -1, 0, 0, -1837.69, -602.894, 46.0006, 2.35334, 7200, 0, 0, 0, 0, 0, 0, 0, 0, 0, 0, '', 28153),
(@CGUID+283,129601, 1754, 9164, 10038, '1', 0, 0, 0, -1, 0, 0, -1796.53, -583.474, 41.3399, 3.39348, 7200, 0, 0, 0, 0, 0, 0, 0, 0, 0, 0, '', 28153),
(@CGUID+284,129547, 1754, 9164, 10038, '1', 0, 0, 0, -1, 0, 0, -1800.88, -585.366, 39.6105, 2.24331, 7200, 0, 0, 0, 0, 0, 0, 0, 0, 0, 0, '', 28153),
(@CGUID+285,129547, 1754, 9164, 10038, '1', 0, 0, 0, -1, 0, 0, -1796.61, -581.877, 41.3407, 2.74854, 7200, 0, 0, 0, 0, 0, 0, 0, 0, 0, 0, '', 28153),
(@CGUID+286,129527, 1754, 9164, 10038, '1', 0, 0, 0, -1, 0, 0, -1839.49, -602.953, 45.9725, 1.12371, 7200, 0, 0, 0, 0, 0, 0, 0, 0, 0, 0, '', 28153),
(@CGUID+287,129527, 1754, 9164, 10038, '1', 0, 0, 0, -1, 0, 0, -1800.48, -581.609, 38.8149, 3.70615, 7200, 0, 0, 0, 0, 0, 0, 0, 0, 0, 0, '', 28153),
(@CGUID+288,129600, 1754, 9164, 10038, '1', 0, 0, 0, -1, 0, 0, -1867.81, -598.962, 54.5535, 1.29582, 7200, 0, 0, 0, 0, 0, 0, 0, 0, 0, 0, '', 28153),
(@CGUID+289,126497, 1754, 9164, 0, '1', 0, 0, 0, -1, 0, 0, -1794.49, -584.566, 41.3202, 1.72913, 7200, 0, 0, 0, 0, 0, 0, 0, 0, 0, 0, '', 28153),
(@CGUID+290,129601, 1754, 9164, 10038, '1', 0, 0, 0, -1, 0, 0, -1801.17, -579.679, 38.3455, 3.69745, 7200, 0, 0, 0, 0, 0, 0, 0, 0, 0, 0, '', 28153),
(@CGUID+291,126497, 1754, 9164, 0, '1', 0, 0, 0, -1, 0, 0, -1787.15, -573.659, 41.3971, 0.873309, 7200, 0, 0, 0, 0, 0, 0, 0, 0, 0, 0, '', 28153),
(@CGUID+292,126497, 1754, 9164, 0, '1', 0, 0, 0, -1, 0, 0, -1859.66, -584.106, 54.3377, 4.50711, 7200, 10, 0, 0, 0, 1, 0, 0, 0, 0, 0, '', 28153),
(@CGUID+293,129547, 1754, 9164, 10038, '1', 0, 0, 0, -1, 0, 0, -1868.19, -592.014, 54.4975, 0.000839428, 7200, 0, 0, 0, 0, 0, 0, 0, 0, 0, 0, '', 28153),
(@CGUID+294,129600, 1754, 9164, 10038, '1', 0, 0, 0, -1, 0, 0, -1833.87, -569.445, 46.0946, 3.99606, 7200, 0, 0, 0, 0, 0, 0, 0, 0, 0, 0, '', 28153),
(@CGUID+295,129600, 1754, 9164, 10038, '1', 0, 0, 0, -1, 0, 0, -1839.1, -571.688, 46.1725, 0.497503, 7200, 0, 0, 0, 0, 0, 0, 0, 0, 0, 0, '', 28153),
(@CGUID+296,126497, 1754, 9164, 0, '1', 0, 0, 0, -1, 0, 0, -1774.08, -570.861, 41.6267, 0.0390383, 7200, 0, 0, 0, 0, 0, 0, 0, 0, 0, 0, '', 28153),
(@CGUID+297,129529, 1754, 9164, 10038, '1', 0, 0, 0, -1, 0, 0, -1837.16, -572.554, 45.9323, 1.62404, 7200, 0, 0, 0, 0, 0, 0, 0, 0, 0, 0, '', 28153),
(@CGUID+298,129599, 1754, 9164, 10038, '1', 0, 0, 0, -1, 0, 0, -1834.76, -572.472, 45.9948, 1.62404, 7200, 0, 0, 0, 0, 0, 0, 0, 0, 0, 0, '', 28153),
(@CGUID+299,129601, 1754, 9164, 10038, '1', 0, 0, 0, -1, 0, 0, -1839.23, -568.512, 46.1745, 5.82725, 7200, 0, 0, 0, 0, 0, 0, 0, 0, 0, 0, '', 28153),
(@CGUID+300,129547, 1754, 9164, 10038, '1', 0, 0, 0, -1, 0, 0, -1836.27, -567.755, 46.1304, 5.39422, 7200, 0, 0, 0, 0, 0, 0, 0, 0, 0, 0, '', 28153),
(@CGUID+301,129599, 1754, 9164, 9164, '1', 0, 0, 0, -1, 0, 0, -1765.5, -567.672, 41.6624, 2.87081, 7200, 0, 0, 0, 0, 0, 0, 0, 0, 0, 0, '', 28153),
(@CGUID+302,129529, 1754, 9164, 9639, '1', 0, 0, 0, -1, 0, 0, -1772.62, -565.642, 41.6761, 3.37638, 7200, 0, 0, 0, 0, 0, 0, 0, 0, 0, 0, '', 28153),
(@CGUID+303,129599, 1754, 9164, 10038, '1', 0, 0, 0, -1, 0, 0, -1768.68, -566.776, 41.6824, 5.22278, 7200, 0, 0, 0, 0, 0, 0, 0, 0, 0, 0, '', 28153),
(@CGUID+304,129601, 1754, 9164, 9639, '1', 0, 0, 0, -1, 0, 0, -1794.6, -563.494, 34.2127, 0.0488847, 7200, 0, 0, 0, 0, 0, 0, 0, 0, 0, 0, '', 28153),
(@CGUID+305,129600, 1754, 9164, 9639, '1', 0, 0, 0, -1, 0, 0, -1771.96, -562.165, 41.6918, 3.37638, 7200, 0, 0, 0, 0, 0, 0, 0, 0, 0, 0, '', 28153),
(@CGUID+306,129601, 1754, 9164, 9639, '1', 0, 0, 0, -1, 0, 0, -1797.78, -562.532, 34.621, 0.00195312, 7200, 0, 0, 0, 0, 0, 0, 0, 0, 0, 0, '', 28153),
(@CGUID+307,129600, 1754, 9164, 9639, '1', 0, 0, 0, -1, 0, 0, -1767.72, -563.759, 41.6624, 5.60442, 7200, 0, 0, 0, 0, 0, 0, 0, 0, 0, 0, '', 28153),
(@CGUID+308,130012, 1754, 9164, 9164, '1', 0, 0, 0, -1, 0, 0, -1607.45, -624.894, 60.2574, 2.73884, 7200, 0, 0, 0, 0, 0, 0, 0, 0, 0, 0, '', 28153),
(@CGUID+309,130400, 1754, 9164, 9639, '1', 0, 0, 0, -1, 0, 0, -1810.55, -540.285, 36.0295, 4.81423, 7200, 0, 0, 0, 0, 0, 0, 0, 0, 0, 0, '', 28153),
(@CGUID+310,126519, 1754, 9164, 0, '1', 0, 0, 0, -1, 0, 0, -1670.14, -581.93, 14.6837, 5.19985, 7200, 0, 0, 0, 0, 0, 0, 0, 0, 0, 0, '', 28153),
(@CGUID+311,126497, 1754, 9164, 0, '1', 0, 0, 0, -1, 0, 0, -1781.77, -536.459, 41.4392, 0.758625, 7200, 0, 0, 0, 0, 0, 0, 0, 0, 0, 0, '', 28153),
(@CGUID+312,127019, 1754, 9164, 0, '1', 0, 0, 0, -1, 0, 0, -1787.21, -535.608, 41.0243, 1.41361, 7200, 0, 0, 0, 0, 0, 0, 0, 0, 0, 0, '', 28153),
(@CGUID+313,129600, 1754, 9164, 9639, '1', 0, 0, 0, -1, 0, 0, -1842.16, -529.184, 40.3762, 6.1605, 7200, 0, 0, 0, 0, 0, 0, 0, 0, 0, 0, '', 28153),
(@CGUID+314,129529, 1754, 9164, 9639, '1', 0, 0, 0, -1, 0, 0, -1768.3, -533.821, 41.1222, 5.03671, 7200, 0, 0, 0, 0, 0, 0, 0, 0, 0, 0, '', 28153),
(@CGUID+315,129547, 1754, 9164, 9639, '1', 0, 0, 0, -1, 0, 0, -1837.54, -528.748, 40.0808, 4.99576, 7200, 0, 0, 0, 0, 0, 0, 0, 0, 0, 0, '', 28153),
(@CGUID+316,129601, 1754, 9164, 9639, '1', 0, 0, 0, -1, 0, 0, -1771.91, -532.738, 41.033, 5.50509, 7200, 0, 0, 0, 0, 0, 0, 0, 0, 0, 0, '', 28153),
(@CGUID+317,129527, 1754, 9164, 9639, '1', 0, 0, 0, -1, 0, 0, -1839.63, -532.932, 40.6161, 1.60281, 7200, 0, 0, 0, 0, 0, 0, 0, 0, 0, 0, '', 28153),
(@CGUID+318,129529, 1754, 9164, 9639, '1', 0, 0, 0, -1, 0, 0, -1839.91, -528.472, 40.1583, 4.52447, 7200, 0, 0, 0, 0, 0, 0, 0, 0, 0, 0, '', 28153),
(@CGUID+319,129599, 1754, 9164, 9639, '1', 0, 0, 0, -1, 0, 0, -1841.74, -531.764, 40.6581, 1.05846, 7200, 0, 0, 0, 0, 0, 0, 0, 0, 0, 0, '', 28153),
(@CGUID+320,129599, 1754, 9164, 9639, '1', 0, 0, 0, -1, 0, 0, -1772.06, -536.495, 41.7781, 0.205728, 7200, 0, 0, 0, 0, 0, 0, 0, 0, 0, 0, '', 28153),
(@CGUID+321,126497, 1754, 9164, 0, '1', 0, 0, 0, -1, 0, 0, -1791.94, -530.94, 40.911, 2.44973, 7200, 0, 0, 0, 0, 0, 0, 0, 0, 0, 0, '', 28153),
(@CGUID+322,129529, 1754, 9164, 9639, '1', 0, 0, 0, -1, 0, 0, -1764.63, -533.715, 41.3182, 4.62216, 7200, 0, 0, 0, 0, 0, 0, 0, 0, 0, 0, '', 28153),
(@CGUID+323,129599, 1754, 9164, 9639, '1', 0, 0, 0, -1, 0, 0, -1837.48, -531.476, 40.3144, 2.68235, 7200, 0, 0, 0, 0, 0, 0, 0, 0, 0, 0, '', 28153),
(@CGUID+324,130522, 1754, 9164, 9639, '1', 0, 0, 0, -1, 0, 0, -1855.53, -520.589, 41.8747, 0.830006, 7200, 0, 0, 0, 0, 0, 0, 0, 0, 0, 0, '', 28153),
(@CGUID+325,130521, 1754, 9164, 9639, '1', 0, 0, 0, -1, 0, 0, -1847.01, -524.253, 40.5498, 2.08031, 7200, 0, 0, 0, 0, 0, 0, 0, 0, 0, 0, '', 28153),
(@CGUID+326,136539, 1754, 9164, 9639, '1', 0, 0, 0, -1, 0, 0, -1822.12, -523.174, 40.0831, 0.925087, 7200, 0, 0, 0, 0, 0, 0, 0, 0, 0, 0, '', 28153),
(@CGUID+327,129599, 1754, 9164, 9639, '1', 0, 0, 0, -1, 0, 0, -1782.96, -527.849, 40.4033, 3.32765, 7200, 0, 0, 0, 0, 0, 0, 0, 0, 0, 0, '', 28153),
(@CGUID+328,129600, 1754, 9164, 9639, '1', 0, 0, 0, -1, 0, 0, -1765.62, -530.889, 41.1033, 5.82231, 7200, 0, 0, 0, 0, 0, 0, 0, 0, 0, 0, '', 28153),
(@CGUID+329,127019, 1754, 9164, 0, '1', 0, 0, 0, -1, 0, 0, -1789.73, -522.507, 40.9257, 5.52065, 7200, 0, 0, 0, 0, 0, 0, 0, 0, 0, 0, '', 28153),
(@CGUID+330,126497, 1754, 9164, 0, '1', 0, 0, 0, -1, 0, 0, -1851.76, -527.932, 41.2038, 5.81546, 7200, 10, 0, 0, 0, 1, 0, 0, 0, 0, 0, '', 28153),
(@CGUID+331,129527, 1754, 9164, 9639, '1', 0, 0, 0, -1, 0, 0, -1762.27, -531.76, 41.5683, 4.15575, 7200, 0, 0, 0, 0, 0, 0, 0, 0, 0, 0, '', 28153),
(@CGUID+332,129548, 1754, 9164, 9639, '1', 0, 0, 0, -1, 0, 0, -1788.64, -523.363, 40.7915, 2.49867, 7200, 0, 0, 0, 0, 0, 0, 0, 0, 0, 0, '', 28153),
(@CGUID+333,130157, 1754, 9164, 9639, '1', 0, 0, 0, -1, 0, 0, -1808.12, -514.418, 35.7476, 0, 7200, 0, 0, 0, 0, 0, 0, 0, 0, 0, 0, '', 28153),
(@CGUID+334,136539, 1754, 9164, 9639, '1', 0, 0, 0, -1, 0, 0, -1836.58, -514.674, 40.3114, 0.679578, 7200, 0, 0, 0, 0, 0, 0, 0, 0, 0, 0, '', 28153),
(@CGUID+335,130157, 1754, 9164, 9639, '1', 0, 0, 0, -1, 0, 0, -1817.88, -515.5, 35.9722, 0, 7200, 0, 0, 0, 0, 0, 0, 0, 0, 0, 0, '', 28153),
(@CGUID+336,136539, 1754, 9164, 9639, '1', 0, 0, 0, -1, 0, 0, -1852.97, -515.385, 41.0233, 0.679578, 7200, 0, 0, 0, 0, 0, 0, 0, 0, 0, 0, '', 28153),
(@CGUID+337,136539, 1754, 9164, 9639, '1', 0, 0, 0, -1, 0, 0, -1791.74, -517.385, 40.8439, 2.39694, 7200, 0, 0, 0, 0, 0, 0, 0, 0, 0, 0, '', 28153),
(@CGUID+338,130157, 1754, 9164, 9639, '1', 0, 0, 0, -1, 0, 0, -1813.01, -516.361, 35.752, 0, 7200, 0, 0, 0, 0, 0, 0, 0, 0, 0, 0, '', 28153),
(@CGUID+339,136539, 1754, 9164, 9639, '1', 0, 0, 0, -1, 0, 0, -1852.1, -518.609, 41.0401, 0.679578, 7200, 0, 0, 0, 0, 0, 0, 0, 0, 0, 0, '', 28153),
(@CGUID+340,126497, 1754, 9164, 0, '1', 0, 0, 0, -1, 0, 0, -1754.05, -525.064, 39.5109, 5.56976, 7200, 0, 0, 0, 0, 0, 0, 0, 0, 0, 0, '', 28153),
(@CGUID+341,130521, 1754, 9164, 9639, '1', 0, 0, 0, -1, 0, 0, -1851.51, -519.179, 41.012, 0.914326, 7200, 0, 0, 0, 0, 0, 0, 0, 0, 0, 0, '', 28153),
(@CGUID+342,130521, 1754, 9164, 9639, '1', 0, 0, 0, -1, 0, 0, -1857.41, -517.951, 41.9012, 0.393601, 7200, 0, 0, 0, 0, 0, 0, 0, 0, 0, 0, '', 28153),
(@CGUID+343,130400, 1754, 9164, 9639, '1', 0, 0, 0, -1, 0, 0, -1768.03, -513.653, 40.3595, 2.34526, 7200, 0, 0, 0, 0, 0, 0, 0, 0, 0, 0, '', 28153),
(@CGUID+344,130157, 1754, 9164, 9639, '1', 0, 0, 0, -1, 0, 0, -1828.4, -507.8, 36.2765, 0, 7200, 0, 0, 0, 0, 0, 0, 0, 0, 0, 0, '', 28153),
(@CGUID+345,130157, 1754, 9164, 9639, '1', 0, 0, 0, -1, 0, 0, -1831.24, -504.682, 35.9643, 0, 7200, 0, 0, 0, 0, 0, 0, 0, 0, 0, 0, '', 28153),
(@CGUID+346,130157, 1754, 9164, 9639, '1', 0, 0, 0, -1, 0, 0, -1798.41, -507.865, 35.7835, 0, 7200, 0, 0, 0, 0, 0, 0, 0, 0, 0, 0, '', 28153),
(@CGUID+347,130157, 1754, 9164, 9639, '1', 0, 0, 0, -1, 0, 0, -1823.83, -511.863, 36.6363, 0, 7200, 0, 0, 0, 0, 0, 0, 0, 0, 0, 0, '', 28153),
(@CGUID+348,130157, 1754, 9164, 9639, '1', 0, 0, 0, -1, 0, 0, -1802.26, -511.793, 35.7714, 0, 7200, 0, 0, 0, 0, 0, 0, 0, 0, 0, 0, '', 28153),
(@CGUID+349,136539, 1754, 9164, 9639, '1', 0, 0, 0, -1, 0, 0, -1785.89, -510.927, 41.3751, 2.51239, 7200, 0, 0, 0, 0, 0, 0, 0, 0, 0, 0, '', 28153),
(@CGUID+350,130400, 1754, 9164, 9639, '1', 0, 0, 0, -1, 0, 0, -1858.29, -505.582, 41.2464, 0.101309, 7200, 0, 0, 0, 0, 0, 0, 0, 0, 0, 0, '', 28153),
(@CGUID+351,130522, 1754, 9164, 9639, '1', 0, 0, 0, -1, 0, 0, -1854.73, -512.627, 41.0152, 0.24988, 7200, 0, 0, 0, 0, 0, 0, 0, 0, 0, 0, '', 28153),
(@CGUID+352,136539, 1754, 9164, 9639, '1', 0, 0, 0, -1, 0, 0, -1843.15, -504.495, 41.3872, 0.679578, 7200, 0, 0, 0, 0, 0, 0, 0, 0, 0, 0, '', 28153),
(@CGUID+353,136539, 1754, 9164, 9639, '1', 0, 0, 0, -1, 0, 0, -1786.3, -513.875, 41.026, 2.36154, 7200, 0, 0, 0, 0, 0, 0, 0, 0, 0, 0, '', 28153),
(@CGUID+354,130157, 1754, 9164, 9639, '1', 0, 0, 0, -1, 0, 0, -1833.14, -500.979, 35.8318, 0, 7200, 0, 0, 0, 0, 0, 0, 0, 0, 0, 0, '', 28153),
(@CGUID+355,130157, 1754, 9164, 9639, '1', 0, 0, 0, -1, 0, 0, -1795.3, -503.951, 36.1803, 0, 7200, 0, 0, 0, 0, 0, 0, 0, 0, 0, 0, '', 28153),
(@CGUID+356,119965, 1754, 9164, 10038, '1', 0, 0, 0, -1, 0, 0, -1851.87, -772.805, 56.6322, 1.27892, 7200, 0, 0, 0, 0, 0, 0, 0, 0, 0, 0, '', 28153),
(@CGUID+357,130157, 1754, 9164, 10038, '1', 0, 0, 0, -1, 0, 0, -1793.5, -480.017, 36.1382, 0, 7200, 0, 0, 0, 0, 0, 0, 0, 0, 0, 0, '', 28153),
(@CGUID+358,130157, 1754, 9164, 10038, '1', 0, 0, 0, -1, 0, 0, -1834.43, -491.644, 35.7496, 0, 7200, 0, 0, 0, 0, 0, 0, 0, 0, 0, 0, '', 28153),
(@CGUID+359,136539, 1754, 9164, 10038, '1', 0, 0, 0, -1, 0, 0, -1844.33, -496.363, 40.6084, 0.199182, 7200, 0, 0, 0, 0, 0, 0, 0, 0, 0, 0, '', 28153),
(@CGUID+360,130157, 1754, 9164, 10038, '1', 0, 0, 0, -1, 0, 0, -1833.95, -481.661, 35.8412, 0, 7200, 0, 0, 0, 0, 0, 0, 0, 0, 0, 0, '', 28153),
(@CGUID+361,130012, 1754, 9164, 10038, '1', 0, 0, 0, -1, 0, 0, -1588.2, -634.066, 59.949, 5.41996, 7200, 0, 0, 0, 0, 0, 0, 0, 0, 0, 0, '', 28153),
(@CGUID+362,130521, 1754, 9164, 10038, '1', 0, 0, 0, -1, 0, 0, -1859.52, -493.825, 42.3841, 6.25732, 7200, 0, 0, 0, 0, 0, 0, 0, 0, 0, 0, '', 28153),
(@CGUID+363,130011, 1754, 9164, 10038, '1', 0, 0, 0, -1, 0, 0, -1588.45, -636.457, 59.7707, 6.16931, 7200, 0, 0, 0, 0, 0, 0, 0, 0, 0, 0, '', 28153),
(@CGUID+364,136539, 1754, 9164, 10038, '1', 0, 0, 0, -1, 0, 0, -1842.66, -492.043, 41.3372, 6.22973, 7200, 0, 0, 0, 0, 0, 0, 0, 0, 0, 0, '', 28153),
(@CGUID+365,136539, 1754, 9164, 10038, '1', 0, 0, 0, -1, 0, 0, -1844.87, -485.792, 40.7733, 0.0582945, 7200, 0, 0, 0, 0, 0, 0, 0, 0, 0, 0, '', 28153),
(@CGUID+366,130157, 1754, 9164, 10038, '1', 0, 0, 0, -1, 0, 0, -1831.17, -477.701, 35.7249, 0, 7200, 0, 0, 0, 0, 0, 0, 0, 0, 0, 0, '', 28153),
(@CGUID+367,130157, 1754, 9164, 10038, '1', 0, 0, 0, -1, 0, 0, -1834.51, -486.736, 35.8228, 0, 7200, 0, 0, 0, 0, 0, 0, 0, 0, 0, 0, '', 28153),
(@CGUID+368,136539, 1754, 9164, 10038, '1', 0, 0, 0, -1, 0, 0, -1780.46, -493.134, 41.5618, 3.11512, 7200, 0, 0, 0, 0, 0, 0, 0, 0, 0, 0, '', 28153),
(@CGUID+369,130157, 1754, 9164, 10038, '1', 0, 0, 0, -1, 0, 0, -1827.29, -473.722, 35.7537, 0, 7200, 0, 0, 0, 0, 0, 0, 0, 0, 0, 0, '', 28153),
(@CGUID+370,129699, 1754, 9164, 10038, '1', 0, 0, 0, -1, 0, 0, -1778.22, -486.035, 41.3926, 3.2693, 7200, 0, 0, 0, 0, 0, 0, 0, 0, 0, 0, '', 28153),
(@CGUID+371,130522, 1754, 9164, 10038, '1', 0, 0, 0, -1, 0, 0, -1863.18, -489.882, 42.5263, 6.18978, 7200, 0, 0, 0, 0, 0, 0, 0, 0, 0, 0, '', 28153),
(@CGUID+372,130521, 1754, 9164, 10038, '1', 0, 0, 0, -1, 0, 0, -1865.91, -496.118, 42.1926, 4.77722, 7200, 0, 0, 0, 0, 0, 0, 0, 0, 0, 0, '', 28153),
(@CGUID+373,136539, 1754, 9164, 10038, '1', 0, 0, 0, -1, 0, 0, -1842.99, -476.955, 40.7245, 0.00963638, 7200, 0, 0, 0, 0, 0, 0, 0, 0, 0, 0, '', 28153),
(@CGUID+374,130157, 1754, 9164, 10038, '1', 0, 0, 0, -1, 0, 0, -1790.41, -495.92, 36.0489, 0, 7200, 0, 0, 0, 0, 0, 0, 0, 0, 0, 0, '', 28153),
(@CGUID+375,130157, 1754, 9164, 10038, '1', 0, 0, 0, -1, 0, 0, -1791.22, -499.474, 36.2501, 0, 7200, 0, 0, 0, 0, 0, 0, 0, 0, 0, 0, '', 28153),
(@CGUID+376,130522, 1754, 9164, 10038, '1', 0, 0, 0, -1, 0, 0, -1858.47, -497.717, 41.6549, 0.395066, 7200, 0, 0, 0, 0, 0, 0, 0, 0, 0, 0, '', 28153),
(@CGUID+377,130157, 1754, 9164, 10038, '1', 0, 0, 0, -1, 0, 0, -1790.43, -483.885, 36.1924, 0, 7200, 0, 0, 0, 0, 0, 0, 0, 0, 0, 0, '', 28153),
(@CGUID+378,130086, 1754, 9164, 10038, '1', 0, 0, 0, -1, 0, 0, -1814.92, -493.205, 35.0554, 5.47595, 7200, 0, 0, 0, 0, 0, 0, 0, 0, 0, 0, '', 28153),
(@CGUID+379,130157, 1754, 9164, 10038, '1', 0, 0, 0, -1, 0, 0, -1834.19, -496.333, 35.7887, 0, 7200, 0, 0, 0, 0, 0, 0, 0, 0, 0, 0, '', 28153),
(@CGUID+380,130157, 1754, 9164, 10038, '1', 0, 0, 0, -1, 0, 0, -1789.61, -492.089, 35.9107, 0, 7200, 0, 0, 0, 0, 0, 0, 0, 0, 0, 0, '', 28153),
(@CGUID+381,130157, 1754, 9164, 10038, '1', 0, 0, 0, -1, 0, 0, -1789.94, -487.922, 36.088, 0, 7200, 0, 0, 0, 0, 0, 0, 0, 0, 0, 0, '', 28153),
(@CGUID+382,130157, 1754, 9164, 10038, '1', 0, 0, 0, -1, 0, 0, -1796.5, -477.207, 36.1354, 0, 7200, 0, 0, 0, 0, 0, 0, 0, 0, 0, 0, '', 28153),
(@CGUID+383,136539, 1754, 9164, 10038, '1', 0, 0, 0, -1, 0, 0, -1779.59, -482.24, 41.1148, 3.44668, 7200, 0, 0, 0, 0, 0, 0, 0, 0, 0, 0, '', 28153),
(@CGUID+384,127111, 1754, 9164, 10038, '1', 0, 0, 0, -1, 0, 0, -1585.87, -636.712, 60.1218, 2.44968, 7200, 0, 0, 0, 0, 0, 0, 0, 0, 0, 0, '', 28153),
(@CGUID+385,126497, 1754, 9164, 10038, '1', 0, 0, 0, -1, 0, 0, -1593.83, -621.008, 59.1441, 2.76702, 7200, 10, 0, 0, 0, 1, 0, 0, 0, 0, 0, '', 28153),
(@CGUID+386,126497, 1754, 9164, 10038, '1', 0, 0, 0, -1, 0, 0, -1737.31, -512.714, 40.4961, 4.38122, 7200, 0, 0, 0, 0, 0, 0, 0, 0, 0, 0, '', 28153),
(@CGUID+387,119965, 1754, 9164, 10038, '1', 0, 0, 0, -1, 0, 0, -1871.96, -766.468, 55.8872, 2.52509, 7200, 0, 0, 0, 0, 0, 0, 0, 0, 0, 0, '', 28153),
(@CGUID+388,129529, 1754, 9164, 10038, '1', 0, 0, 0, -1, 0, 0, -1915.49, -695.769, 69.4084, 5.57197, 7200, 0, 0, 0, 0, 0, 0, 0, 0, 0, 0, '', 28153),
(@CGUID+389,129529, 1754, 9164, 10038, '1', 0, 0, 0, -1, 0, 0, -1903.67, -779.224, 64.3228, 1.55354, 7200, 0, 0, 0, 0, 0, 0, 0, 0, 0, 0, '', 28153),
(@CGUID+390,129548, 1754, 9164, 10038, '1', 0, 0, 0, -1, 0, 0, -1933.83, -742.465, 65.428, 0, 7200, 0, 0, 0, 0, 0, 0, 0, 0, 0, 0, '', 28153),
(@CGUID+391,143774, 1754, 9164, 10038, '1', 0, 0, 0, -1, 0, 0, -1856.65, -766.934, 56.9008, 2.39242, 7200, 0, 0, 0, 0, 0, 0, 0, 0, 0, 0, '', 28153),
(@CGUID+392,126497, 1754, 9164, 10038, '1', 0, 0, 0, -1, 0, 0, -1864.59, -476.774, 41.2043, 2.13151, 7200, 0, 0, 0, 0, 0, 0, 0, 0, 0, 0, '', 28153),
(@CGUID+393,136539, 1754, 9164, 10038, '1', 0, 0, 0, -1, 0, 0, -1830.02, -457.995, 49.301, 5.24518, 7200, 0, 0, 0, 0, 0, 0, 0, 0, 0, 0, '', 28153),
(@CGUID+394,130157, 1754, 9164, 10038, '1', 0, 0, 0, -1, 0, 0, -1818.87, -468.991, 36.0024, 0, 7200, 0, 0, 0, 0, 0, 0, 0, 0, 0, 0, '', 28153),
(@CGUID+395,136539, 1754, 9164, 10038, '1', 0, 0, 0, -1, 0, 0, -1789.43, -471.359, 40.0457, 3.96807, 7200, 0, 0, 0, 0, 0, 0, 0, 0, 0, 0, '', 28153),
(@CGUID+396,130689, 1754, 9164, 10038, '1', 0, 0, 0, -1, 0, 0, -1784.38, -470.834, 40.4522, 1.77539, 7200, 0, 0, 0, 0, 0, 0, 0, 0, 0, 0, '', 28153),
(@CGUID+397,130172, 1754, 9164, 10038, '1', 0, 0, 0, -1, 0, 0, -1790.45, -466.665, 39.4692, 4.206, 7200, 0, 0, 0, 0, 0, 0, 0, 0, 0, 0, '', 28153),
(@CGUID+398,129352, 1754, 9164, 10038, '1', 0, 0, 0, -1, 0, 0, -1833.17, -461.653, 40.508, 5.40226, 7200, 0, 0, 0, 0, 0, 0, 0, 0, 0, 0, '', 28153),
(@CGUID+399,130157, 1754, 9164, 10038, '1', 0, 0, 0, -1, 0, 0, -1805.9, -468.477, 36.5345, 0, 7200, 0, 0, 0, 0, 0, 0, 0, 0, 0, 0, '', 28153),
(@CGUID+400,136539, 1754, 9164, 10038, '1', 0, 0, 0, -1, 0, 0, -1832.38, -459.028, 49.288, 5.45493, 7200, 0, 0, 0, 0, 0, 0, 0, 0, 0, 0, '', 28153),
(@CGUID+401,130157, 1754, 9164, 10038, '1', 0, 0, 0, -1, 0, 0, -1812.26, -466.717, 35.8555, 0, 7200, 0, 0, 0, 0, 0, 0, 0, 0, 0, 0, '', 28153),
(@CGUID+402,130099, 1754, 9164, 10038, '1', 0, 0, 0, -1, 0, 0, -1791.63, -468.019, 39.4115, 4.00955, 7200, 0, 0, 0, 0, 0, 0, 0, 0, 0, 0, '', 28153),
(@CGUID+403,129350, 1754, 9164, 10038, '1', 0, 0, 0, -1, 0, 0, -1836.39, -465.778, 40.5266, 5.40645, 7200, 0, 0, 0, 0, 0, 0, 0, 0, 0, 0, '', 28153),
(@CGUID+404,130090, 1754, 9164, 10038, '1', 0, 0, 0, -1, 0, 0, -1832.82, -465.951, 40.6959, 2.27109, 7200, 0, 0, 0, 0, 0, 0, 0, 0, 0, 0, '', 28153),
(@CGUID+405,126497, 1754, 9164, 10038, '1', 0, 0, 0, -1, 0, 0, -1763.04, -479.914, 40.5635, 3.08811, 7200, 0, 0, 0, 0, 0, 0, 0, 0, 0, 0, '', 28153),
(@CGUID+406,130157, 1754, 9164, 10038, '1', 0, 0, 0, -1, 0, 0, -1823.3, -470.486, 35.9043, 0, 7200, 0, 0, 0, 0, 0, 0, 0, 0, 0, 0, '', 28153),
(@CGUID+407,136539, 1754, 9164, 10038, '1', 0, 0, 0, -1, 0, 0, -1837.46, -463.931, 50.7062, 5.66461, 7200, 0, 0, 0, 0, 0, 0, 0, 0, 0, 0, '', 28153),
(@CGUID+408,136539, 1754, 9164, 10038, '1', 0, 0, 0, -1, 0, 0, -1784.32, -476.319, 42.7867, 3.88119, 7200, 0, 0, 0, 0, 0, 0, 0, 0, 0, 0, '', 28153),
(@CGUID+409,130157, 1754, 9164, 10038, '1', 0, 0, 0, -1, 0, 0, -1800.86, -471.873, 36.9866, 0, 7200, 0, 0, 0, 0, 0, 0, 0, 0, 0, 0, '', 28153),
(@CGUID+410,136539, 1754, 9164, 10038, '1', 0, 0, 0, -1, 0, 0, -1825.17, -459.538, 42.2433, 5.19058, 7200, 0, 0, 0, 0, 0, 0, 0, 0, 0, 0, '', 28153),
(@CGUID+411,136539, 1754, 9164, 10038, '1', 0, 0, 0, -1, 0, 0, -1841.91, -468.069, 49.2856, 5.59747, 7200, 0, 0, 0, 0, 0, 0, 0, 0, 0, 0, '', 28153),
(@CGUID+412,130689, 1754, 9164, 10038, '1', 0, 0, 0, -1, 0, 0, -1829.17, -454.166, 40.44, 3.00459, 7200, 10, 0, 0, 0, 1, 0, 0, 0, 0, 0, '', 28153),
(@CGUID+413,136539, 1754, 9164, 10038, '1', 0, 0, 0, -1, 0, 0, -1762.93, -465.488, 40.8221, 3.662, 7200, 0, 0, 0, 0, 0, 0, 0, 0, 0, 0, '', 28153),
(@CGUID+414,126497, 1754, 9164, 10038, '1', 0, 0, 0, -1, 0, 0, -1827.36, -431.109, 40.117, 5.81954, 7200, 10, 0, 0, 0, 1, 0, 0, 0, 0, 0, '', 28153),
(@CGUID+415,126497, 1754, 9164, 10038, '1', 0, 0, 0, -1, 0, 0, -1582.77, -627.306, 60.2587, 3.01627, 7200, 0, 0, 0, 0, 0, 0, 0, 0, 0, 0, '', 28153),
(@CGUID+416,126497, 1754, 9164, 10038, '1', 0, 0, 0, -1, 0, 0, -1849.43, -438.086, 59.2519, 2.35737, 7200, 0, 0, 0, 0, 0, 0, 0, 0, 0, 0, '', 28153),
(@CGUID+417,126497, 1754, 9164, 10038, '1', 0, 0, 0, -1, 0, 0, -1782.98, -445.565, 55.2852, 3.35347, 7200, 10, 0, 0, 0, 1, 0, 0, 0, 0, 0, '', 28153),
(@CGUID+418,126497, 1754, 9164, 10038, '1', 0, 0, 0, -1, 0, 0, -1777.22, -429.433, 63.4935, 5.21254, 7200, 10, 0, 0, 0, 1, 0, 0, 0, 0, 0, '', 28153),
(@CGUID+419,126497, 1754, 9164, 10038, '1', 0, 0, 0, -1, 0, 0, -1567.35, -631.928, 63.1276, 5.16656, 7200, 0, 0, 0, 0, 0, 0, 0, 0, 0, 0, '', 28153),
(@CGUID+420,126497, 1754, 9164, 10038, '1', 0, 0, 0, -1, 0, 0, -1624.14, -513.002, -3.01412, 5.56976, 7200, 0, 0, 0, 0, 0, 0, 0, 0, 0, 0, '', 28153),
(@CGUID+421,126497, 1754, 9164, 10038, '1', 0, 0, 0, -1, 0, 0, -1649.11, -504.203, -9.21873, 5.56976, 7200, 0, 0, 0, 0, 0, 0, 0, 0, 0, 0, '', 28153),
(@CGUID+422,126497, 1754, 9164, 10038, '1', 0, 0, 0, -1, 0, 0, -1635.29, -527.125, -14.8508, 5.56976, 7200, 0, 0, 0, 0, 0, 0, 0, 0, 0, 0, '', 28153),
(@CGUID+423,130689, 1754, 9164, 10038, '1', 0, 0, 0, -1, 0, 0, -1585.95, -650.844, 175.742, 0.274422, 7200, 0, 0, 0, 0, 0, 0, 0, 0, 0, 0, '', 28153),
(@CGUID+424,126497, 1754, 9164, 10038, '1', 0, 0, 0, -1, 0, 0, -1654.78, -500.375, 3.26866, 5.56976, 7200, 0, 0, 0, 0, 0, 0, 0, 0, 0, 0, '', 28153),
(@CGUID+425,128551, 1754, 9164, 10038, '1', 0, 0, 0, -1, 0, 0, -1571.33, -590.406, 68.4966, 5.65426, 7200, 0, 0, 0, 0, 0, 0, 0, 0, 0, 0, '', 28153),
(@CGUID+426,130850, 1754, 9164, 10038, '1', 0, 0, 0, -1, 0, 0, -1604.5, -559.526, 87.0271, 0, 7200, 0, 0, 0, 0, 0, 0, 0, 0, 0, 0, '', 28153),
(@CGUID+427,130011, 1754, 9164, 10038, '1', 0, 0, 0, -1, 0, 0, -1553.07, -613.154, 66.1553, 1.45346, 7200, 0, 0, 0, 0, 0, 0, 0, 0, 0, 0, '', 28153),
(@CGUID+428,129602, 1754, 9164, 10038, '1', 0, 0, 0, -1, 0, 0, -1569.04, -587.67, 68.8603, 5.44317, 7200, 0, 0, 0, 0, 0, 0, 0, 0, 0, 0, '', 28153),
(@CGUID+429,127106, 1754, 9164, 10038, '1', 0, 0, 0, -1, 0, 0, -1554.98, -608.699, 67.1093, 1.93208, 7200, 0, 0, 0, 0, 0, 0, 0, 0, 0, 0, '', 28153),
(@CGUID+430,129602, 1754, 9164, 10038, '1', 0, 0, 0, -1, 0, 0, -1565.64, -584.59, 68.9603, 5.15937, 7200, 0, 0, 0, 0, 0, 0, 0, 0, 0, 0, '', 28153),
(@CGUID+431,130011, 1754, 9164, 10038, '1', 0, 0, 0, -1, 0, 0, -1555.98, -614.068, 66.1673, 1.93208, 7200, 0, 0, 0, 0, 0, 0, 0, 0, 0, 0, '', 28153),
(@CGUID+432,130011, 1754, 9164, 10039, '1', 0, 0, 0, -1, 0, 0, -1539.33, -625.003, 64.8329, 2.98812, 7200, 0, 0, 0, 0, 0, 0, 0, 0, 0, 0, '', 28153),
(@CGUID+433,130850, 1754, 9164, 10039, '1', 0, 0, 0, -1, 0, 0, -1574.64, -540.844, 98.1293, 0, 7200, 0, 0, 0, 0, 0, 0, 0, 0, 0, 0, '', 28153),
(@CGUID+434,126497, 1754, 9164, 10039, '1', 0, 0, 0, -1, 0, 0, -1531.65, -637.916, 55.5734, 1.23855, 7200, 10, 0, 0, 0, 1, 0, 0, 0, 0, 0, '', 28153),
(@CGUID+435,143774, 1754, 9164, 10039, '1', 0, 0, 0, -1, 0, 0, -1810.51, -637.532, 39.8764, 0.638133, 7200, 0, 0, 0, 0, 0, 0, 0, 0, 0, 0, '', 28153),
(@CGUID+436,130012, 1754, 9164, 9639, '1', 0, 0, 0, -1, 0, 0, -1540.74, -626.54, 64.7689, 1.99411, 7200, 0, 0, 0, 0, 0, 0, 0, 0, 0, 0, '', 28153),
(@CGUID+437,130011, 1754, 9164, 9639, '1', 0, 0, 0, -1, 0, 0, -1542.92, -631.997, 64.7381, 0.620046, 7200, 0, 0, 0, 0, 0, 0, 0, 0, 0, 0, '', 28153),
(@CGUID+438,127111, 1754, 9164, 9639, '1', 0, 0, 0, -1, 0, 0, -1541.93, -620.779, 64.9178, 2.69143, 7200, 0, 0, 0, 0, 0, 0, 0, 0, 0, 0, '', 28153),
(@CGUID+439,128551, 1754, 9164, 9639, '1', 0, 0, 0, -1, 0, 0, -1543.18, -618.981, 64.9274, 5.21223, 7200, 0, 0, 0, 0, 0, 0, 0, 0, 0, 0, '', 28153),
(@CGUID+440,131092, 1754, 9164, 9639, '1', 0, 0, 0, -1, 0, 0, -1819.66, -443.109, 49.9878, 0, 7200, 0, 0, 0, 0, 0, 0, 0, 0, 0, 0, '', 28153),
(@CGUID+441,131092, 1754, 9164, 9639, '1', 0, 0, 0, -1, 0, 0, -1821.9, -446.229, 49.5802, 0, 7200, 0, 0, 0, 0, 0, 0, 0, 0, 0, 0, '', 28153),
(@CGUID+442,131092, 1754, 9164, 9639, '1', 0, 0, 0, -1, 0, 0, -1816.94, -441.778, 49.5807, 0, 7200, 0, 0, 0, 0, 0, 0, 0, 0, 0, 0, '', 28153),
(@CGUID+443,143774, 1754, 9164, 9639, '1', 0, 0, 0, -1, 0, 0, -1815.78, -479.536, 35.0232, 4.96678, 7200, 0, 0, 0, 0, 0, 0, 0, 0, 0, 0, '', 28153),
(@CGUID+444,130689, 1754, 9164, 10038, '1', 0, 0, 0, -1, 0, 0, -1517.77, -530.182, 143.442, 1.78329, 7200, 0, 0, 0, 0, 0, 0, 0, 0, 0, 0, '', 28153),
(@CGUID+445,126497, 1754, 9164, 0, '1', 0, 0, 0, -1, 0, 0, -1443.68, -732.824, 2.53899, 1.65461, 7200, 0, 0, 0, 0, 0, 0, 0, 0, 0, 0, '', 28153),
(@CGUID+446,130689, 1754, 9164, 9164, '1', 0, 0, 0, -1, 0, 0, -1431.33, -701.869, 3.72018, 0.900595, 7200, 0, 0, 0, 0, 0, 0, 0, 0, 0, 0, '', 28153),
(@CGUID+447,130689, 1754, 9164, 9164, '1', 0, 0, 0, -1, 0, 0, -1427.96, -720.596, 3.08925, 1.78329, 7200, 0, 0, 0, 0, 0, 0, 0, 0, 0, 0, '', 28153),
(@CGUID+448,129527, 1754, 9164, 10040, '1', 0, 0, 0, -1, 0, 0, -1860.83, -648.425, 61.7129, 4.79, 7200, 0, 0, 0, 0, 0, 0, 0, 0, 0, 0, '', 28153),
(@CGUID+449,143774, 1754, 9164, 10040, '1', 0, 0, 0, -1, 0, 0, -1566.05, -588.617, 68.7485, 4.47353, 7200, 0, 0, 0, 0, 0, 0, 0, 0, 0, 0, '', 28153),
(@CGUID+450,132238, 1754, 9164, 10040, '1', 0, 0, 0, -1, 0, 0, -1595.4, -624.755, 59.0818, 6.10621, 7200, 0, 0, 0, 0, 0, 0, 0, 0, 0, 0, '', 28153),
(@CGUID+451,129550, 1754, 9164, 10040, '1', 0, 0, 0, -1, 0, 0, -1869.95, -608.865, 54.1286, 4.5449, 7200, 0, 0, 0, 0, 0, 0, 0, 0, 0, 0, '', 28153);

delete from creature_addon where guid BETWEEN @CGUID+0 AND @CGUID+451;
INSERT INTO `creature_addon`(`guid`, `path_id`, `mount`, `bytes1`, `bytes2`, `emote`, `aiAnimKit`, `movementAnimKit`, `meleeAnimKit`, `auras`) VALUES (@CGUID+0, 0, 0, 0, 1, 0, 0, 0, 0, '123169'),
(@CGUID+1,   0, 0, 0, 2, 0, 0, 0, 0, '123169'),
(@CGUID+2,   0, 0, 0, 1, 0, 0, 0, 0, '123169 252300'),
(@CGUID+3,   0, 0, 8, 0, 0, 0, 0, 0, '123169'),
(@CGUID+4,   0, 0, 0, 1, 0, 0, 0, 0, ''),
(@CGUID+5,   0, 0, 0, 1, 0, 0, 0, 0, '46598'),
(@CGUID+6,   0, 0, 0, 1, 0, 0, 0, 0, '123169'),
(@CGUID+7,   0, 0, 0, 0, 0, 0, 0, 0, '123169 252300'),
(@CGUID+8,   0, 0, 0, 1, 0, 0, 0, 0, '123169'),
(@CGUID+9,   0, 0, 0, 1, 0, 0, 0, 0, ''),
(@CGUID+10,  0, 0, 8, 1, 0, 0, 0, 0, '123169'),
(@CGUID+11,  0, 0, 0, 1, 0, 0, 0, 0, ''),
(@CGUID+12,  0, 0, 0, 1, 0, 0, 0, 0, ''),
(@CGUID+13,  0, 0, 0, 2, 0, 0, 0, 0, '123169'),
(@CGUID+14,  0, 0, 0, 1, 0, 0, 0, 0, ''),
(@CGUID+15,  0, 0, 0, 1, 0, 0, 0, 0, '123169'),
(@CGUID+16,  0, 0, 0, 2, 0, 0, 0, 0, '123169'),
(@CGUID+17,  0, 0, 0, 1, 0, 0, 0, 0, '123169'),
(@CGUID+18,  0, 0, 0, 1, 0, 0, 0, 0, '123169'),
(@CGUID+19,  0, 0, 50331648, 1, 0, 0, 0, 0, ''),
(@CGUID+20,  0, 0, 0, 0, 0, 0, 0, 0, '123169 252300'),
(@CGUID+21,  0, 0, 0, 1, 0, 0, 0, 0, '123169'),
(@CGUID+22,  0, 0, 8, 0, 0, 0, 0, 0, '123169'),
(@CGUID+23,  0, 0, 0, 0, 0, 0, 0, 0, '123169'),
(@CGUID+24,  0, 0, 0, 1, 0, 0, 0, 0, ''),
(@CGUID+25,  0, 0, 0, 0, 0, 0, 0, 0, '123169 252300'),
(@CGUID+26,  0, 0, 0, 0, 0, 0, 0, 0, '123169'),
(@CGUID+27,  0, 0, 0, 0, 0, 0, 0, 0, '123169 252300'),
(@CGUID+28,  0, 0, 0, 1, 0, 0, 0, 0, ''),
(@CGUID+29,  0, 0, 0, 1, 0, 0, 0, 0, '123169'),
(@CGUID+30,  0, 0, 0, 1, 0, 0, 0, 0, ''),
(@CGUID+31,  0, 0, 0, 1, 0, 0, 0, 0, ''),
(@CGUID+32,  0, 0, 0, 0, 0, 0, 0, 0, '123169 252300'),
(@CGUID+33,  0, 0, 0, 1, 0, 0, 0, 0, ''),
(@CGUID+34,  0, 0, 0, 1, 0, 0, 0, 0, ''),
(@CGUID+35,  0, 0, 0, 2, 0, 0, 0, 0, '123169'),
(@CGUID+36,  0, 0, 0, 1, 0, 0, 0, 0, '123169'),
(@CGUID+37,  0, 0, 0, 0, 0, 0, 0, 0, '123169'),
(@CGUID+38,  0, 0, 0, 1, 0, 0, 0, 0, ''),
(@CGUID+39,  0, 0, 0, 1, 0, 0, 0, 0, '123169'),
(@CGUID+40,  0, 0, 0, 1, 0, 0, 0, 0, ''),
(@CGUID+41,  0, 0, 0, 0, 0, 0, 0, 0, '123169'),
(@CGUID+42,  0, 0, 0, 1, 0, 0, 0, 0, ''),
(@CGUID+43,  0, 0, 0, 1, 0, 0, 0, 0, ''),
(@CGUID+44,  0, 0, 0, 2, 0, 0, 0, 0, '123169'),
(@CGUID+45,  0, 0, 0, 1, 0, 0, 0, 0, '123169'),
(@CGUID+46,  0, 0, 0, 1, 0, 0, 0, 0, ''),
(@CGUID+47,  0, 0, 0, 1, 0, 0, 0, 0, '123169'),
(@CGUID+48,  0, 0, 0, 1, 0, 0, 0, 0, '123169'),
(@CGUID+49,  0, 0, 0, 2, 0, 0, 0, 0, '123169'),
(@CGUID+50,  0, 0, 0, 1, 0, 0, 0, 0, '123169'),
(@CGUID+51,  0, 0, 0, 1, 0, 0, 0, 0, ''),
(@CGUID+52,  0, 0, 8, 0, 0, 0, 0, 0, '123169'),
(@CGUID+53,  0, 0, 0, 1, 0, 0, 0, 0, '123169'),
(@CGUID+54,  0, 0, 0, 1, 0, 0, 0, 0, ''),
(@CGUID+55,  0, 0, 0, 1, 0, 0, 0, 0, ''),
(@CGUID+56,  0, 0, 8, 0, 0, 0, 0, 0, '123169'),
(@CGUID+57,  0, 0, 0, 0, 0, 0, 0, 0, '123169'),
(@CGUID+58,  0, 0, 0, 1, 0, 0, 0, 0, ''),
(@CGUID+59,  0, 0, 0, 1, 0, 0, 0, 0, ''),
(@CGUID+60,  0, 0, 0, 1, 0, 0, 0, 0, ''),
(@CGUID+61,  0, 0, 0, 1, 0, 0, 0, 0, '123169'),
(@CGUID+62,  0, 0, 0, 2, 0, 0, 0, 0, '123169'),
(@CGUID+63,  0, 0, 0, 1, 0, 0, 0, 0, '123169'),
(@CGUID+64,  0, 0, 0, 1, 0, 0, 0, 0, ''),
(@CGUID+65,  0, 0, 0, 1, 0, 0, 0, 0, ''),
(@CGUID+66,  0, 0, 0, 1, 0, 0, 0, 0, '123169'),
(@CGUID+67,  0, 0, 0, 1, 0, 0, 0, 0, ''),
(@CGUID+68,  0, 0, 0, 1, 0, 0, 0, 0, ''),
(@CGUID+69,  0, 0, 0, 1, 0, 0, 0, 0, ''),
(@CGUID+70,  0, 0, 0, 1, 0, 0, 0, 0, ''),
(@CGUID+71,  0, 0, 0, 2, 0, 0, 0, 0, '123169'),
(@CGUID+72,  0, 0, 0, 1, 0, 0, 0, 0, ''),
(@CGUID+73,  0, 0, 50331648, 1, 0, 0, 0, 0, ''),
(@CGUID+74,  0, 0, 0, 1, 0, 0, 0, 0, ''),
(@CGUID+75,  0, 0, 0, 1, 0, 0, 0, 0, ''),
(@CGUID+76,  0, 0, 0, 1, 0, 0, 0, 0, ''),
(@CGUID+77,  0, 0, 1, 1, 0, 0, 0, 0, ''),
(@CGUID+78,  0, 0, 0, 1, 0, 0, 0, 0, ''),
(@CGUID+79,  0, 0, 0, 1, 0, 0, 0, 0, '123169'),
(@CGUID+80,  0, 0, 1, 1, 0, 0, 0, 0, ''),
(@CGUID+81,  0, 0, 0, 1, 0, 0, 0, 0, ''),
(@CGUID+82,  0, 0, 0, 1, 0, 0, 0, 0, ''),
(@CGUID+83,  0, 0, 0, 1, 0, 0, 0, 0, ''),
(@CGUID+84,  0, 0, 50331648, 1, 0, 0, 0, 0, ''),
(@CGUID+85,  0, 0, 0, 1, 0, 0, 0, 0, '123169'),
(@CGUID+86,  0, 0, 0, 1, 0, 0, 0, 0, ''),
(@CGUID+87,  0, 0, 0, 1, 0, 0, 0, 0, ''),
(@CGUID+88,  0, 0, 0, 1, 0, 0, 0, 0, ''),
(@CGUID+89,  0, 0, 50331648, 1, 0, 0, 0, 0, ''),
(@CGUID+90,  0, 0, 0, 1, 0, 0, 0, 0, ''),
(@CGUID+91,  0, 0, 50331648, 1, 0, 0, 0, 0, ''),
(@CGUID+92,  0, 0, 0, 1, 0, 0, 0, 0, ''),
(@CGUID+93,  0, 0, 0, 1, 0, 0, 0, 0, '123169'),
(@CGUID+94,  0, 0, 0, 1, 0, 0, 0, 0, ''),
(@CGUID+95,  0, 0, 50331648, 1, 0, 0, 0, 0, ''),
(@CGUID+96,  0, 0, 1, 1, 0, 0, 0, 0, ''),
(@CGUID+97,  0, 0, 0, 1, 0, 0, 0, 0, ''),
(@CGUID+98,  0, 0, 1, 1, 0, 0, 0, 0, ''),
(@CGUID+99,  0, 0, 50331648, 1, 0, 0, 0, 0, ''),
(@CGUID+100, 0, 0, 0, 1, 0, 0, 0, 0, ''),
(@CGUID+101, 0, 0, 1, 1, 0, 0, 0, 0, ''),
(@CGUID+102, 0, 0, 50331648, 1, 0, 0, 0, 0, ''),
(@CGUID+103, 0, 0, 0, 1, 0, 0, 0, 0, ''),
(@CGUID+104, 0, 0, 0, 1, 0, 0, 0, 0, ''),
(@CGUID+105, 0, 0, 0, 1, 0, 0, 0, 0, ''),
(@CGUID+106, 0, 0, 50331648, 1, 0, 0, 0, 0, ''),
(@CGUID+107, 0, 0, 0, 1, 0, 0, 0, 0, ''),
(@CGUID+108, 0, 0, 0, 1, 0, 0, 0, 0, ''),
(@CGUID+109, 0, 0, 0, 1, 0, 0, 0, 0, ''),
(@CGUID+110, 0, 0, 0, 1, 0, 0, 0, 0, ''),
(@CGUID+111, 0, 0, 1, 1, 0, 0, 0, 0, ''),
(@CGUID+112, 0, 0, 1, 1, 0, 0, 0, 0, ''),
(@CGUID+113, 0, 0, 0, 1, 0, 0, 0, 0, ''),
(@CGUID+114, 0, 0, 0, 1, 0, 0, 0, 0, ''),
(@CGUID+115, 0, 0, 1, 1, 0, 0, 0, 0, ''),
(@CGUID+116, 0, 0, 1, 1, 0, 0, 0, 0, ''),
(@CGUID+117, 0, 0, 1, 1, 0, 0, 0, 0, ''),
(@CGUID+118, 0, 0, 0, 1, 0, 0, 0, 0, ''),
(@CGUID+119, 0, 0, 0, 1, 0, 0, 0, 0, ''),
(@CGUID+120, 0, 0, 0, 1, 0, 0, 0, 0, ''),
(@CGUID+121, 0, 0, 0, 1, 0, 0, 0, 0, ''),
(@CGUID+122, 0, 0, 0, 1, 0, 0, 0, 0, ''),
(@CGUID+123, 0, 0, 50331648, 1, 0, 0, 0, 0, ''),
(@CGUID+124, 0, 0, 0, 1, 0, 0, 0, 0, ''),
(@CGUID+125, 0, 0, 0, 1, 0, 0, 0, 0, ''),
(@CGUID+126, 0, 0, 0, 1, 0, 0, 0, 0, ''),
(@CGUID+127, 0, 0, 50331648, 1, 0, 0, 0, 0, ''),
(@CGUID+128, 0, 0, 1, 1, 0, 0, 0, 0, ''),
(@CGUID+129, 0, 0, 0, 1, 0, 0, 0, 0, ''),
(@CGUID+130, 0, 0, 0, 1, 0, 0, 0, 0, ''),
(@CGUID+131, 0, 0, 0, 1, 0, 0, 0, 0, ''),
(@CGUID+132, 0, 0, 50331648, 1, 0, 0, 0, 0, ''),
(@CGUID+133, 0, 0, 0, 1, 0, 0, 0, 0, ''),
(@CGUID+134, 0, 0, 50331648, 1, 0, 0, 0, 0, ''),
(@CGUID+135, 0, 0, 0, 1, 0, 0, 0, 0, ''),
(@CGUID+136, 0, 0, 50331648, 1, 0, 0, 0, 0, ''),
(@CGUID+137, 0, 0, 0, 1, 0, 0, 0, 0, ''),
(@CGUID+138, 0, 0, 50331648, 1, 0, 0, 0, 0, ''),
(@CGUID+139, 0, 0, 50331648, 1, 0, 0, 0, 0, ''),
(@CGUID+140, 0, 0, 0, 1, 0, 0, 0, 0, ''),
(@CGUID+141, 0, 0, 50331648, 1, 0, 0, 0, 0, ''),
(@CGUID+142, 0, 0, 0, 1, 0, 0, 0, 0, ''),
(@CGUID+143, 0, 0, 0, 1, 0, 0, 0, 0, ''),
(@CGUID+144, 0, 0, 50331648, 1, 0, 0, 0, 0, ''),
(@CGUID+145, 0, 0, 50331648, 1, 0, 0, 0, 0, ''),
(@CGUID+146, 0, 0, 0, 1, 0, 0, 0, 0, '123169'),
(@CGUID+147, 0, 0, 0, 1, 0, 0, 0, 0, '123169'),
(@CGUID+148, 0, 0, 0, 1, 0, 0, 0, 0, '257821'),
(@CGUID+149, 0, 0, 0, 1, 0, 0, 0, 0, '123169'),
(@CGUID+150, 0, 0, 0, 1, 0, 0, 0, 0, '123169'),
(@CGUID+151, 0, 0, 0, 1, 0, 0, 0, 0, ''),
(@CGUID+152, 0, 0, 0, 1, 0, 0, 0, 0, ''),
(@CGUID+153, 0, 0, 0, 1, 0, 0, 0, 0, ''),
(@CGUID+154, 0, 0, 1, 1, 0, 0, 0, 0, ''),
(@CGUID+155, 0, 0, 0, 1, 0, 0, 0, 0, ''),
(@CGUID+156, 0, 0, 1, 1, 0, 0, 0, 0, ''),
(@CGUID+157, 0, 0, 1, 1, 0, 0, 0, 0, ''),
(@CGUID+158, 0, 0, 0, 1, 0, 0, 0, 0, ''),
(@CGUID+159, 0, 0, 0, 1, 0, 0, 0, 0, ''),
(@CGUID+160, 0, 0, 0, 1, 0, 0, 0, 0, ''),
(@CGUID+161, 0, 0, 0, 1, 0, 0, 0, 0, '280279'),
(@CGUID+162, 0, 0, 0, 1, 0, 0, 0, 0, ''),
(@CGUID+163, 0, 0, 0, 1, 0, 0, 0, 0, ''),
(@CGUID+164, 0, 0, 0, 1, 0, 0, 0, 0, ''),
(@CGUID+165, 0, 0, 0, 1, 0, 0, 0, 0, ''),
(@CGUID+166, 0, 0, 0, 1, 0, 0, 0, 0, '123169 252300'),
(@CGUID+167, 0, 0, 3, 1, 0, 0, 0, 0, ''),
(@CGUID+168, 0, 0, 0, 1, 0, 0, 0, 0, '123169 251853'),
(@CGUID+169, 0, 0, 3, 1, 0, 0, 0, 0, ''),
(@CGUID+170, 0, 0, 0, 1, 0, 0, 0, 0, '123169'),
(@CGUID+171, 0, 0, 0, 1, 0, 0, 0, 0, '123169 256013 251820'),
(@CGUID+172, 0, 0, 0, 1, 0, 0, 0, 0, ''),
(@CGUID+173, 0, 0, 0, 1, 0, 0, 0, 0, '123169'),
(@CGUID+174, 0, 0, 0, 1, 0, 0, 0, 0, '244807 252300'),
(@CGUID+175, 0, 0, 0, 1, 0, 0, 0, 0, '123169'),
(@CGUID+176, 0, 0, 0, 1, 0, 0, 0, 0, '123169 252300'),
(@CGUID+177, 0, 0, 0, 1, 0, 0, 0, 0, ''),
(@CGUID+178, 0, 0, 0, 1, 0, 0, 0, 0, ''),
(@CGUID+179, 0, 0, 0, 1, 0, 0, 0, 0, '123169'),
(@CGUID+180, 0, 0, 0, 1, 0, 0, 0, 0, '123169'),
(@CGUID+181, 0, 0, 0, 1, 0, 0, 0, 0, '123169 256013'),
(@CGUID+182, 0, 0, 0, 1, 0, 0, 0, 0, ''),
(@CGUID+183, 0, 0, 0, 1, 0, 0, 0, 0, '161740'),
(@CGUID+184, 0, 0, 0, 1, 0, 0, 0, 0, ''),
(@CGUID+185, 0, 0, 0, 1, 0, 0, 0, 0, ''),
(@CGUID+186, 0, 0, 0, 1, 0, 0, 0, 0, '123169'),
(@CGUID+187, 0, 0, 0, 1, 0, 0, 0, 0, '123169'),
(@CGUID+188, 0, 0, 0, 1, 0, 0, 0, 0, '123169'),
(@CGUID+189, 0, 0, 0, 1, 0, 0, 0, 0, '123169'),
(@CGUID+190, 0, 0, 0, 2, 0, 0, 0, 0, '123169'),
(@CGUID+191, 0, 0, 8, 1, 0, 0, 0, 0, '123169 256013'),
(@CGUID+192, 0, 0, 0, 1, 0, 0, 0, 0, '255756'),
(@CGUID+193, 0, 0, 0, 1, 0, 0, 0, 0, ''),
(@CGUID+194, 0, 0, 0, 1, 0, 0, 0, 0, '98892'),
(@CGUID+195, 0, 0, 0, 0, 0, 0, 0, 0, '123169 42459'),
(@CGUID+196, 0, 0, 0, 1, 0, 0, 0, 0, ''),
(@CGUID+197, 0, 0, 0, 1, 0, 0, 0, 0, '123169 252300'),
(@CGUID+198, 0, 0, 0, 1, 0, 0, 0, 0, '123169'),
(@CGUID+199, 0, 0, 0, 0, 0, 0, 0, 0, '123169'),
(@CGUID+200, 0, 0, 0, 1, 0, 0, 0, 0, '123169'),
(@CGUID+201, 0, 0, 0, 1, 0, 0, 0, 0, ''),
(@CGUID+202, 0, 0, 0, 1, 0, 0, 0, 0, ''),
(@CGUID+203, 0, 0, 0, 1, 0, 0, 0, 0, '123169'),
(@CGUID+204, 0, 0, 0, 1, 0, 0, 0, 0, '123169'),
(@CGUID+205, 0, 0, 0, 1, 0, 0, 0, 0, '123169'),
(@CGUID+206, 0, 0, 0, 1, 0, 0, 0, 0, '123169'),
(@CGUID+207, 0, 0, 0, 1, 0, 0, 0, 0, ''),
(@CGUID+208, 0, 0, 0, 1, 0, 0, 0, 0, '123169 252300'),
(@CGUID+209, 0, 0, 50331648, 1, 0, 0, 0, 0, ''),
(@CGUID+210, 0, 0, 8, 1, 0, 0, 0, 0, '123169'),
(@CGUID+211, 0, 0, 8, 1, 0, 0, 0, 0, '123169'),
(@CGUID+212, 0, 0, 0, 1, 0, 0, 0, 0, ''),
(@CGUID+213, 0, 0, 0, 0, 0, 0, 0, 0, '123169 256013'),
(@CGUID+214, 0, 0, 0, 1, 0, 0, 0, 0, '152209'),
(@CGUID+215, 0, 0, 0, 1, 0, 0, 0, 0, ''),
(@CGUID+216, 0, 0, 0, 0, 0, 0, 0, 0, '123169'),
(@CGUID+217, 0, 0, 0, 1, 0, 0, 0, 0, ''),
(@CGUID+218, 0, 0, 0, 1, 0, 0, 0, 0, ''),
(@CGUID+219, 0, 0, 0, 1, 0, 0, 0, 0, '123169'),
(@CGUID+220, 0, 0, 0, 0, 0, 0, 0, 0, '123169 256013 251820'),
(@CGUID+221, 0, 0, 0, 1, 0, 0, 0, 0, '123169'),
(@CGUID+222, 0, 0, 0, 1, 0, 0, 0, 0, '123169'),
(@CGUID+223, 0, 0, 0, 0, 0, 0, 0, 0, '123169 256013 251864'),
(@CGUID+224, 0, 0, 0, 0, 0, 0, 0, 0, '123169'),
(@CGUID+225, 0, 0, 0, 1, 0, 0, 0, 0, ''),
(@CGUID+226, 0, 0, 1, 1, 0, 0, 0, 0, '123169'),
(@CGUID+227, 0, 0, 0, 1, 0, 0, 0, 0, '123169'),
(@CGUID+228, 0, 0, 0, 1, 0, 0, 0, 0, ''),
(@CGUID+229, 0, 0, 0, 1, 0, 0, 0, 0, ''),
(@CGUID+230, 0, 0, 0, 0, 0, 0, 0, 0, '123169'),
(@CGUID+231, 0, 0, 0, 1, 0, 0, 0, 0, '257821'),
(@CGUID+232, 0, 0, 0, 1, 0, 0, 0, 0, '123169'),
(@CGUID+233, 0, 0, 0, 1, 0, 0, 0, 0, '123169 256013'),
(@CGUID+234, 0, 0, 8, 1, 0, 0, 0, 0, ''),
(@CGUID+235, 0, 0, 0, 1, 0, 0, 0, 0, ''),
(@CGUID+236, 0, 0, 0, 1, 0, 0, 0, 0, '123169 251853'),
(@CGUID+237, 0, 0, 0, 0, 0, 0, 0, 0, '123169 251820'),
(@CGUID+238, 0, 0, 0, 1, 0, 0, 0, 0, ''),
(@CGUID+239, 0, 0, 0, 1, 0, 0, 0, 0, '251820'),
(@CGUID+240, 0, 0, 0, 1, 0, 0, 0, 0, '152209'),
(@CGUID+241, 0, 0, 0, 2, 0, 0, 0, 0, '257821'),
(@CGUID+242, 0, 0, 1, 1, 0, 0, 0, 0, ''),
(@CGUID+243, 0, 0, 0, 1, 0, 0, 0, 0, '251853'),
(@CGUID+244, 0, 0, 0, 1, 0, 0, 0, 0, ''),
(@CGUID+245, 0, 0, 0, 1, 0, 0, 0, 0, ''),
(@CGUID+246, 0, 0, 0, 2, 0, 0, 0, 0, '123169'),
(@CGUID+247, 0, 0, 0, 1, 0, 0, 0, 0, '123169 159549'),
(@CGUID+248, 0, 0, 0, 1, 0, 0, 0, 0, '255756'),
(@CGUID+249, 0, 0, 0, 1, 0, 0, 0, 0, ''),
(@CGUID+250, 0, 0, 0, 1, 0, 0, 0, 0, '123169'),
(@CGUID+251, 0, 0, 0, 1, 0, 0, 0, 0, ''),
(@CGUID+252, 0, 0, 0, 1, 0, 0, 0, 0, ''),
(@CGUID+253, 0, 0, 0, 1, 0, 0, 0, 0, ''),
(@CGUID+254, 0, 0, 0, 1, 0, 0, 0, 0, ''),
(@CGUID+255, 0, 0, 0, 1, 0, 0, 0, 0, ''),
(@CGUID+256, 0, 0, 0, 1, 0, 0, 0, 0, ''),
(@CGUID+257, 0, 0, 0, 1, 0, 0, 0, 0, ''),
(@CGUID+258, 0, 0, 0, 1, 0, 0, 0, 0, ''),
(@CGUID+259, 0, 0, 0, 1, 0, 0, 0, 0, '244807 174714'),
(@CGUID+260, 0, 0, 0, 1, 0, 0, 0, 0, ''),
(@CGUID+261, 0, 0, 0, 1, 0, 0, 0, 0, '133131'),
(@CGUID+262, 0, 0, 0, 1, 0, 0, 0, 0, '123169'),
(@CGUID+263, 0, 0, 0, 1, 0, 0, 0, 0, '123169'),
(@CGUID+264, 0, 0, 1, 1, 0, 0, 0, 0, ''),
(@CGUID+265, 0, 0, 0, 1, 0, 0, 0, 0, '123169'),
(@CGUID+266, 0, 0, 0, 1, 0, 0, 0, 0, ''),
(@CGUID+267, 0, 0, 0, 1, 0, 0, 0, 0, ''),
(@CGUID+268, 0, 0, 0, 1, 0, 0, 0, 0, '123169'),
(@CGUID+269, 0, 0, 0, 1, 0, 0, 0, 0, '123169'),
(@CGUID+270, 0, 0, 0, 1, 0, 0, 0, 0, '123169'),
(@CGUID+271, 0, 0, 0, 1, 0, 0, 0, 0, '123169'),
(@CGUID+272, 0, 0, 0, 1, 0, 0, 0, 0, '123169'),
(@CGUID+273, 0, 0, 0, 1, 0, 0, 0, 0, '123169'),
(@CGUID+274, 0, 0, 0, 1, 0, 0, 0, 0, '42459'),
(@CGUID+275, 0, 0, 0, 1, 0, 0, 0, 0, '123169'),
(@CGUID+276, 0, 0, 0, 1, 0, 0, 0, 0, '123169'),
(@CGUID+277, 0, 0, 0, 1, 0, 0, 0, 0, '258160'),
(@CGUID+278, 0, 0, 0, 1, 0, 0, 0, 0, '123169'),
(@CGUID+279, 0, 0, 0, 1, 0, 0, 0, 0, '123169'),
(@CGUID+280, 0, 0, 0, 1, 0, 0, 0, 0, '123169'),
(@CGUID+281, 0, 0, 0, 1, 0, 0, 0, 0, ''),
(@CGUID+282, 0, 0, 0, 1, 0, 0, 0, 0, '123169'),
(@CGUID+283, 0, 0, 0, 1, 0, 0, 0, 0, '123169'),
(@CGUID+284, 0, 0, 0, 1, 0, 0, 0, 0, '123169'),
(@CGUID+285, 0, 0, 0, 1, 0, 0, 0, 0, '123169'),
(@CGUID+286, 0, 0, 8, 1, 0, 0, 0, 0, '123169'),
(@CGUID+287, 0, 0, 0, 1, 0, 0, 0, 0, '123169'),
(@CGUID+288, 0, 0, 0, 1, 0, 0, 0, 0, '123169'),
(@CGUID+289, 0, 0, 0, 1, 0, 0, 0, 0, ''),
(@CGUID+290, 0, 0, 0, 1, 0, 0, 0, 0, '123169'),
(@CGUID+291, 0, 0, 0, 1, 0, 0, 0, 0, ''),
(@CGUID+292, 0, 0, 0, 1, 0, 0, 0, 0, ''),
(@CGUID+293, 0, 0, 0, 1, 0, 0, 0, 0, '123169'),
(@CGUID+294, 0, 0, 0, 1, 0, 0, 0, 0, '123169'),
(@CGUID+295, 0, 0, 0, 1, 0, 0, 0, 0, '123169'),
(@CGUID+296, 0, 0, 0, 1, 0, 0, 0, 0, ''),
(@CGUID+297, 0, 0, 0, 1, 0, 0, 0, 0, '123169'),
(@CGUID+298, 0, 0, 0, 1, 0, 0, 0, 0, '123169'),
(@CGUID+299, 0, 0, 0, 1, 0, 0, 0, 0, '123169'),
(@CGUID+300, 0, 0, 0, 1, 0, 0, 0, 0, '123169'),
(@CGUID+301, 0, 0, 0, 1, 0, 0, 0, 0, '123169'),
(@CGUID+302, 0, 0, 0, 1, 0, 0, 0, 0, '123169'),
(@CGUID+303, 0, 0, 0, 1, 0, 0, 0, 0, '123169'),
(@CGUID+304, 0, 0, 0, 1, 0, 0, 0, 0, '123169'),
(@CGUID+305, 0, 0, 0, 1, 0, 0, 0, 0, '123169'),
(@CGUID+306, 0, 0, 0, 1, 0, 0, 0, 0, '123169'),
(@CGUID+307, 0, 0, 0, 1, 0, 0, 0, 0, '123169'),
(@CGUID+308, 0, 0, 0, 1, 0, 0, 0, 0, '123169'),
(@CGUID+309, 0, 0, 0, 1, 0, 0, 0, 0, '258160'),
(@CGUID+310, 0, 0, 1, 1, 0, 0, 0, 0, ''),
(@CGUID+311, 0, 0, 0, 1, 0, 0, 0, 0, ''),
(@CGUID+312, 0, 0, 0, 1, 0, 0, 0, 0, '98892'),
(@CGUID+313, 0, 0, 0, 1, 0, 0, 0, 0, '123169'),
(@CGUID+314, 0, 0, 0, 1, 0, 0, 0, 0, '123169'),
(@CGUID+315, 0, 0, 0, 1, 0, 0, 0, 0, '123169'),
(@CGUID+316, 0, 0, 0, 1, 0, 0, 0, 0, '123169'),
(@CGUID+317, 0, 0, 0, 1, 0, 0, 0, 0, '123169'),
(@CGUID+318, 0, 0, 0, 1, 0, 0, 0, 0, '123169'),
(@CGUID+319, 0, 0, 0, 1, 0, 0, 0, 0, '123169'),
(@CGUID+320, 0, 0, 0, 1, 0, 0, 0, 0, '123169'),
(@CGUID+321, 0, 0, 0, 1, 0, 0, 0, 0, ''),
(@CGUID+322, 0, 0, 0, 1, 0, 0, 0, 0, '123169'),
(@CGUID+323, 0, 0, 0, 1, 0, 0, 0, 0, '123169'),
(@CGUID+324, 0, 0, 0, 1, 0, 0, 0, 0, ''),
(@CGUID+325, 0, 0, 0, 1, 0, 0, 0, 0, '133131'),
(@CGUID+326, 0, 0, 0, 1, 0, 0, 0, 0, '123169'),
(@CGUID+327, 0, 0, 0, 1, 0, 0, 0, 0, '123169'),
(@CGUID+328, 0, 0, 0, 1, 0, 0, 0, 0, '123169'),
(@CGUID+329, 0, 0, 0, 1, 0, 0, 0, 0, '98892'),
(@CGUID+330, 0, 0, 0, 1, 0, 0, 0, 0, ''),
(@CGUID+331, 0, 0, 0, 1, 0, 0, 0, 0, '123169'),
(@CGUID+332, 0, 0, 0, 1, 0, 0, 0, 0, '123169'),
(@CGUID+333, 0, 0, 0, 1, 0, 0, 0, 0, ''),
(@CGUID+334, 0, 0, 0, 1, 0, 0, 0, 0, '123169'),
(@CGUID+335, 0, 0, 0, 1, 0, 0, 0, 0, ''),
(@CGUID+336, 0, 0, 0, 1, 0, 0, 0, 0, '123169'),
(@CGUID+337, 0, 0, 0, 1, 0, 0, 0, 0, '123169'),
(@CGUID+338, 0, 0, 0, 1, 0, 0, 0, 0, ''),
(@CGUID+339, 0, 0, 0, 1, 0, 0, 0, 0, '123169'),
(@CGUID+340, 0, 0, 0, 1, 0, 0, 0, 0, ''),
(@CGUID+341, 0, 0, 0, 1, 0, 0, 0, 0, ''),
(@CGUID+342, 0, 0, 0, 1, 0, 0, 0, 0, ''),
(@CGUID+343, 0, 0, 0, 1, 0, 0, 0, 0, '258160'),
(@CGUID+344, 0, 0, 0, 1, 0, 0, 0, 0, ''),
(@CGUID+345, 0, 0, 0, 1, 0, 0, 0, 0, ''),
(@CGUID+346, 0, 0, 0, 1, 0, 0, 0, 0, ''),
(@CGUID+347, 0, 0, 0, 1, 0, 0, 0, 0, ''),
(@CGUID+348, 0, 0, 0, 1, 0, 0, 0, 0, ''),
(@CGUID+349, 0, 0, 0, 1, 0, 0, 0, 0, '123169'),
(@CGUID+350, 0, 0, 0, 1, 0, 0, 0, 0, '258160'),
(@CGUID+351, 0, 0, 0, 1, 0, 0, 0, 0, ''),
(@CGUID+352, 0, 0, 0, 1, 0, 0, 0, 0, '123169'),
(@CGUID+353, 0, 0, 0, 1, 0, 0, 0, 0, '123169'),
(@CGUID+354, 0, 0, 0, 1, 0, 0, 0, 0, ''),
(@CGUID+355, 0, 0, 0, 1, 0, 0, 0, 0, ''),
(@CGUID+356, 0, 0, 0, 1, 0, 0, 0, 0, ''),
(@CGUID+357, 0, 0, 0, 1, 0, 0, 0, 0, ''),
(@CGUID+358, 0, 0, 0, 1, 0, 0, 0, 0, ''),
(@CGUID+359, 0, 0, 0, 1, 0, 0, 0, 0, '123169'),
(@CGUID+360, 0, 0, 0, 1, 0, 0, 0, 0, ''),
(@CGUID+361, 0, 0, 0, 1, 0, 0, 0, 0, '123169'),
(@CGUID+362, 0, 0, 0, 1, 0, 0, 0, 0, '251853'),
(@CGUID+363, 0, 0, 0, 1, 0, 0, 0, 0, '123169 251864 42459'),
(@CGUID+364, 0, 0, 0, 1, 0, 0, 0, 0, '123169'),
(@CGUID+365, 0, 0, 0, 1, 0, 0, 0, 0, '123169'),
(@CGUID+366, 0, 0, 0, 1, 0, 0, 0, 0, ''),
(@CGUID+367, 0, 0, 0, 1, 0, 0, 0, 0, ''),
(@CGUID+368, 0, 0, 0, 1, 0, 0, 0, 0, '123169'),
(@CGUID+369, 0, 0, 0, 1, 0, 0, 0, 0, ''),
(@CGUID+370, 0, 0, 0, 1, 0, 0, 0, 0, '257086'),
(@CGUID+371, 0, 0, 0, 1, 0, 0, 0, 0, '244807 174714'),
(@CGUID+372, 0, 0, 0, 1, 0, 0, 0, 0, '152209'),
(@CGUID+373, 0, 0, 0, 1, 0, 0, 0, 0, '123169'),
(@CGUID+374, 0, 0, 0, 1, 0, 0, 0, 0, ''),
(@CGUID+375, 0, 0, 0, 1, 0, 0, 0, 0, ''),
(@CGUID+376, 0, 0, 0, 1, 0, 0, 0, 0, ''),
(@CGUID+377, 0, 0, 0, 1, 0, 0, 0, 0, ''),
(@CGUID+378, 0, 0, 0, 1, 0, 0, 0, 0, ''),
(@CGUID+379, 0, 0, 0, 1, 0, 0, 0, 0, ''),
(@CGUID+380, 0, 0, 0, 1, 0, 0, 0, 0, ''),
(@CGUID+381, 0, 0, 0, 1, 0, 0, 0, 0, ''),
(@CGUID+382, 0, 0, 0, 1, 0, 0, 0, 0, ''),
(@CGUID+383, 0, 0, 0, 1, 0, 0, 0, 0, '123169'),
(@CGUID+384, 0, 0, 0, 1, 0, 0, 0, 0, '123169 251820'),
(@CGUID+385, 0, 0, 0, 1, 0, 0, 0, 0, ''),
(@CGUID+386, 0, 0, 0, 1, 0, 0, 0, 0, ''),
(@CGUID+387, 0, 0, 0, 1, 0, 0, 0, 0, ''),
(@CGUID+388, 0, 0, 0, 1, 0, 0, 0, 0, '123169'),
(@CGUID+389, 0, 0, 0, 1, 0, 0, 0, 0, '123169'),
(@CGUID+390, 0, 0, 0, 1, 0, 0, 0, 0, '123169'),
(@CGUID+391, 0, 0, 0, 1, 0, 0, 0, 0, '280279'),
(@CGUID+392, 0, 0, 0, 1, 0, 0, 0, 0, ''),
(@CGUID+393, 0, 0, 0, 1, 0, 0, 0, 0, '123169'),
(@CGUID+394, 0, 0, 0, 1, 0, 0, 0, 0, ''),
(@CGUID+395, 0, 0, 0, 1, 0, 0, 0, 0, '123169'),
(@CGUID+396, 0, 0, 0, 1, 0, 0, 0, 0, ''),
(@CGUID+397, 0, 0, 0, 1, 0, 0, 0, 0, ''),
(@CGUID+398, 0, 0, 0, 1, 0, 0, 0, 0, ''),
(@CGUID+399, 0, 0, 0, 1, 0, 0, 0, 0, ''),
(@CGUID+400, 0, 0, 0, 1, 0, 0, 0, 0, '123169'),
(@CGUID+401, 0, 0, 0, 1, 0, 0, 0, 0, ''),
(@CGUID+402, 0, 0, 0, 1, 0, 0, 0, 0, '123168'),
(@CGUID+403, 0, 0, 0, 1, 0, 0, 0, 0, ''),
(@CGUID+404, 0, 0, 0, 1, 0, 0, 0, 0, '123169'),
(@CGUID+405, 0, 0, 0, 1, 0, 0, 0, 0, ''),
(@CGUID+406, 0, 0, 0, 1, 0, 0, 0, 0, ''),
(@CGUID+407, 0, 0, 0, 1, 0, 0, 0, 0, '123169'),
(@CGUID+408, 0, 0, 0, 1, 0, 0, 0, 0, '123169'),
(@CGUID+409, 0, 0, 0, 1, 0, 0, 0, 0, ''),
(@CGUID+410, 0, 0, 0, 1, 0, 0, 0, 0, '123169'),
(@CGUID+411, 0, 0, 0, 1, 0, 0, 0, 0, '123169'),
(@CGUID+412, 0, 0, 0, 1, 0, 0, 0, 0, ''),
(@CGUID+413, 0, 0, 0, 1, 0, 0, 0, 0, '123169'),
(@CGUID+414, 0, 0, 0, 1, 0, 0, 0, 0, ''),
(@CGUID+415, 0, 0, 0, 1, 0, 0, 0, 0, ''),
(@CGUID+416, 0, 0, 0, 1, 0, 0, 0, 0, ''),
(@CGUID+417, 0, 0, 0, 1, 0, 0, 0, 0, ''),
(@CGUID+418, 0, 0, 0, 1, 0, 0, 0, 0, ''),
(@CGUID+419, 0, 0, 0, 1, 0, 0, 0, 0, ''),
(@CGUID+420, 0, 0, 0, 1, 0, 0, 0, 0, ''),
(@CGUID+421, 0, 0, 0, 1, 0, 0, 0, 0, ''),
(@CGUID+422, 0, 0, 0, 1, 0, 0, 0, 0, ''),
(@CGUID+423, 0, 0, 3, 1, 0, 0, 0, 0, ''),
(@CGUID+424, 0, 0, 0, 1, 0, 0, 0, 0, ''),
(@CGUID+425, 0, 0, 0, 1, 0, 0, 0, 0, ''),
(@CGUID+426, 0, 0, 50331648, 1, 0, 0, 0, 0, ''),
(@CGUID+427, 0, 0, 0, 1, 0, 0, 0, 0, '123169 42459'),
(@CGUID+428, 0, 0, 0, 1, 0, 0, 0, 0, ''),
(@CGUID+429, 0, 0, 0, 1, 0, 0, 0, 0, '123169'),
(@CGUID+430, 0, 0, 0, 1, 0, 0, 0, 0, ''),
(@CGUID+431, 0, 0, 0, 1, 0, 0, 0, 0, '123169 42459'),
(@CGUID+432, 0, 0, 0, 1, 0, 0, 0, 0, '123169 42459'),
(@CGUID+433, 0, 0, 50331648, 1, 0, 0, 0, 0, ''),
(@CGUID+434, 0, 0, 0, 1, 0, 0, 0, 0, ''),
(@CGUID+435, 0, 0, 0, 1, 0, 0, 0, 0, '280279'),
(@CGUID+436, 0, 0, 0, 1, 0, 0, 0, 0, '123169'),
(@CGUID+437, 0, 0, 0, 1, 0, 0, 0, 0, '123169 42459'),
(@CGUID+438, 0, 0, 0, 1, 0, 0, 0, 0, '123169'),
(@CGUID+439, 0, 0, 0, 1, 0, 0, 0, 0, ''),
(@CGUID+440, 0, 0, 0, 1, 0, 0, 0, 0, '259096'),
(@CGUID+441, 0, 0, 0, 1, 0, 0, 0, 0, '259096'),
(@CGUID+442, 0, 0, 0, 1, 0, 0, 0, 0, '259096'),
(@CGUID+443, 0, 0, 0, 1, 0, 0, 0, 0, '280279'),
(@CGUID+444, 0, 0, 0, 1, 0, 0, 0, 0, ''),
(@CGUID+445, 0, 0, 0, 1, 0, 0, 0, 0, ''),
(@CGUID+446, 0, 0, 0, 1, 0, 0, 0, 0, ''),
(@CGUID+447, 0, 0, 0, 1, 0, 0, 0, 0, ''),
(@CGUID+448, 0, 0, 0, 0, 0, 0, 0, 0, '123169'),
(@CGUID+449, 0, 0, 0, 1, 0, 0, 0, 0, '280279'),
(@CGUID+450, 0, 0, 0, 1, 0, 0, 0, 0, ''),
(@CGUID+451, 0, 0, 0, 1, 0, 0, 0, 0, '123169');

delete from gameobject where map = 1754;
INSERT INTO `gameobject`(`guid`, `id`, `map`, `zoneId`, `areaId`, `spawnDifficulties`, `phaseUseFlags`, `PhaseId`, `PhaseGroup`, `terrainSwapMap`, `position_x`, `position_y`, `position_z`, `orientation`, `rotation0`, `rotation1`, `rotation2`, `rotation3`, `spawntimesecs`, `animprogress`, `state`, `isActive`, `ScriptName`, `VerifiedBuild`) VALUES 
(@OGUID+0, 278415, 1754, 9164, 9640, '1', 0, 1, 0, -1, -1671.94, -979.434, 101.514, 0, 0, 0, 0, 1, 7200, 255, 1, 0, '', 28153),
(@OGUID+1, 302891, 1754, 9164, 9640, '1', 0, 1, 0, -1, -1663.66, -1021.18, 87.0662, 3.02813, 0, 0, 0.998391, 0.0567021, 7200, 255, 1, 0, '', 28153),
(@OGUID+2, 302899, 1754, 9164, 9640, '1', 0, 1, 0, -1, -1633.14, -994.476, 75.0785, 3.31641, -0.0434236, -0.0319633, -0.994619, 0.0884591, 7200, 255, 1, 0, '', 28153),
(@OGUID+3, 302888, 1754, 9164, 9640, '1', 0, 1, 0, -1, -1699.52, -1009.13, 87.9125, 2.35528, 0.00839996, -0.000471115, 0.923679, 0.383074, 7200, 255, 1, 0, '', 28153),
(@OGUID+4, 302892, 1754, 9164, 9640, '1', 0, 1, 0, -1, -1718.1, -964.156, 72.6853, 3.81354, 0, 0, -0.944089, 0.329691, 7200, 255, 1, 0, '', 28153),
(@OGUID+5, 278291, 1754, 9164, 9640, '1', 0, 1, 0, -1, -1833.28, -461.859, 40.4272, 5.64368, 0, 0, -0.314333, 0.949313, 7200, 255, 1, 0, '', 28153),
(@OGUID+6, 278291, 1754, 9164, 9640, '1', 0, 1, 0, -1, -1836.08, -466.288, 40.4451, 5.45727, 0, 0, -0.40132, 0.915938, 7200, 255, 1, 0, '', 28153),
(@OGUID+7, 295778, 1754, 9164, 9640, '1', 0, 1, 0, -1, -1763.23, -756.013, 24.2515, 0.973218, 0, 0, 0.467631, 0.883924, 7200, 255, 1, 0, '', 28153),
(@OGUID+8, 295778, 1754, 9164, 9640, '1', 0, 1, 0, -1, -1839.81, -741.583, 58.2432, 1.68008, 0, 0, 0.744669, 0.667434, 7200, 255, 1, 0, '', 28153),
(@OGUID+9, 295778, 1754, 9164, 9640, '1', 0, 1, 0, -1, -1941.51, -712.304, 78.5744, 2.51783, 0, 0, 0.951757, 0.306851, 7200, 255, 1, 0, '', 28153),
(@OGUID+10, 295778, 1754, 9164, 0, '1', 0, 1, 0, -1, -1770.99, -591.302, 43.0136, 5.63327, 0, 0, -0.31927, 0.947664, 7200, 255, 1, 0, '', 28153),
(@OGUID+11, 226771, 1754, 9164, 10038, '1', 0, 1, 0, -1, -1756.2, -470.452, 40.7124, 1.6651, 0, 0, 0.73965, 0.672992, 7200, 255, 1, 0, '', 28153),
(@OGUID+12, 226769, 1754, 9164, 10038, '1', 0, 1, 0, -1, -1765.08, -464.737, 40.7052, 3.83061, 0, 0, -0.941241, 0.337735, 7200, 255, 1, 0, '', 28153),
(@OGUID+13, 226772, 1754, 9164, 10038, '1', 0, 1, 0, -1, -1760.8, -469.569, 40.7443, 4.60112, 0, 0, -0.745332, 0.666694, 7200, 255, 1, 0, '', 28153),
(@OGUID+14, 288636, 1754, 9164, 10039, '1', 0, 1, 0, -1, -1784.44, -684.403, 38.517, 3.15363, 0, 0, -0.999982, 0.00601994, 7200, 255, 1, 0, '', 28153),
(@OGUID+15, 302893, 1754, 9164, 9639, '1', 0, 1, 0, -1, -1541.34, -624.32, 64.7795, 5.40254, -0.0375252, 0.0308161, -0.425222, 0.903786, 7200, 255, 1, 0, '', 28153);

delete from gameobject_addon where guid in (@OGUID+7, @OGUID+8, @OGUID+9, @OGUID+10, @OGUID+11, @OGUID+12, @OGUID+13);
INSERT INTO `gameobject_addon`(`guid`, `parent_rotation0`, `parent_rotation1`, `parent_rotation2`, `parent_rotation3`, `invisibilityType`, `invisibilityValue`, `WorldEffectID`) VALUES 
(@OGUID+7, 0, 0, -0.697785, 0.716308, 0, 0, 0),
(@OGUID+8, 0, 0, -0.406729, 0.913549, 0, 0, 0),
(@OGUID+9, 0, 0, 0.00000580947, 1, 0, 0, 0),
(@OGUID+10, 0, 0, 0.999915, 0.0130731, 0, 0, 0),
(@OGUID+11, 0, 0, 0.925541, -0.378648, 0, 0, 0),
(@OGUID+12, 0, 0, 0.925541, -0.378648, 0, 0, 0),
(@OGUID+13, 0, 0, 0.925541, -0.378648, 0, 0, 0);

delete from creature_template where entry in (126832,
                                              126841,
                                              126845,
                                              126847,
                                              126848,
                                              126918,
                                              126919,
                                              126928,
                                              126969,
                                              126983,
                                              127106,
                                              127111,
                                              127119,
                                              127124,
                                              128551,
                                              129350,
                                              129352,
                                              129359,
                                              129448,
                                              129526,
                                              129527,
                                              129529,
                                              129547,
                                              129548,
                                              129550,
                                              129559,
                                              129598,
                                              129599,
                                              129600,
                                              129601,
                                              129602,
                                              129645,
                                              129673,
                                              129699,
                                              129732,
                                              129743,
                                              129747,
                                              129788,
                                              130011,
                                              130012,
                                              130024,
                                              130081,
                                              130086,
                                              130090,
                                              130099,
                                              130157,
                                              130172,
                                              130400,
                                              130404,
                                              130521,
                                              130522,
                                              130689,
                                              130850,
                                              132238,
                                              134021,
                                              136539,
                                              138463,
                                              138705,
                                              138718);
											  
INSERT INTO `creature_template`(`entry`, `difficulty_entry_1`, `difficulty_entry_2`, `difficulty_entry_3`, `KillCredit1`, `KillCredit2`, `name`, `femaleName`, `subname`, `TitleAlt`, `IconName`, `gossip_menu_id`, `minlevel`, `maxlevel`, `HealthScalingExpansion`, `RequiredExpansion`, `VignetteID`, `faction`, `npcflag`, `speed_walk`, `speed_run`, `scale`, `rank`, `dmgschool`, `BaseAttackTime`, `RangeAttackTime`, `BaseVariance`, `RangeVariance`, `unit_class`, `unit_flags`, `unit_flags2`, `unit_flags3`, `dynamicflags`, `family`, `trainer_type`, `trainer_class`, `trainer_race`, `type`, `type_flags`, `type_flags2`, `lootid`, `pickpocketloot`, `skinloot`, `resistance1`, `resistance2`, `resistance3`, `resistance4`, `resistance5`, `resistance6`, `spell1`, `spell2`, `spell3`, `spell4`, `spell5`, `spell6`, `spell7`, `spell8`, `VehicleId`, `mingold`, `maxgold`, `AIName`, `MovementType`, `InhabitType`, `HoverHeight`, `HealthModifier`, `HealthModifierExtra`, `ManaModifier`, `ManaModifierExtra`, `ArmorModifier`, `DamageModifier`, `ExperienceModifier`, `RacialLeader`, `movementId`, `RegenHealth`, `mechanic_immune_mask`, `flags_extra`, `ScriptName`, `VerifiedBuild`) VALUES 
(126832, 0, 0, 0, 0, 0, 'Skycap\'n Kragg', NULL, NULL, NULL, NULL, 0, 120, 120, 7, 0, 0, 16, 0, 1.2, 1.42857, 1, 1, 0, 1500, 2000, 1, 1, 4, 32832, 2099200, 0, 4, 0, 0, 0, 0, 7, 2099304, 128, 0, 0, 0, 0, 0, 0, 0, 0, 0, 0, 0, 0, 0, 0, 0, 0, 0, 0, 0, 0, '', 0, 3, 1, 35, 1, 1, 1, 1, 1, 1, 0, 165, 1, 0, 0, '', 28153),
(126841, 0, 0, 0, 0, 0, 'Sharkbait', NULL, NULL, NULL, NULL, 0, 120, 120, 7, 0, 0, 14, 0, 4, 1.42857, 1, 1, 0, 2000, 2000, 1, 1, 1, 33587264, 2099200, 0, 0, 26, 0, 0, 0, 1, 2097224, 0, 0, 0, 0, 0, 0, 0, 0, 0, 0, 0, 0, 0, 0, 0, 0, 0, 0, 5649, 0, 0, '', 0, 3, 1, 7, 1, 1, 1, 1, 1, 1, 0, 156, 1, 0, 0, '', 28153),
(126845, 0, 0, 0, 0, 0, 'Captain Jolly', NULL, 'Cutwater Corsairs', NULL, NULL, 0, 120, 120, 7, 0, 0, 16, 0, 1, 1.14286, 1, 1, 0, 2000, 2000, 1, 1, 4, 32832, 2099200, 0, 0, 0, 0, 0, 0, 7, 2097224, 128, 0, 0, 0, 0, 0, 0, 0, 0, 0, 0, 0, 0, 0, 0, 0, 0, 0, 0, 0, 0, '', 0, 3, 1, 22, 1, 1, 1, 1, 1, 1, 0, 0, 1, 0, 0, '', 28153),
(126847, 0, 0, 0, 0, 0, 'Captain Raoul', NULL, 'Blacktooth Brawlers', NULL, NULL, 0, 120, 120, 7, 0, 0, 35, 0, 1, 1.14286, 1, 1, 0, 2000, 2000, 1, 1, 4, 32832, 2048, 0, 0, 0, 0, 0, 0, 7, 2097224, 128, 0, 0, 0, 0, 0, 0, 0, 0, 0, 0, 0, 0, 0, 0, 0, 0, 0, 5675, 0, 0, '', 0, 3, 1, 22, 1, 1, 1, 1, 1, 1, 0, 0, 1, 0, 0, '', 28153),
(126848, 0, 0, 0, 0, 0, 'Captain Eudora', NULL, 'The Bilge Rats', NULL, NULL, 0, 120, 120, 7, 0, 0, 16, 0, 1, 1.14286, 1, 1, 0, 2000, 2000, 1, 1, 4, 32832, 2048, 0, 0, 0, 0, 0, 0, 7, 2097224, 128, 0, 0, 0, 0, 0, 0, 0, 0, 0, 0, 0, 0, 0, 0, 0, 0, 0, 0, 0, 0, '', 0, 3, 1, 22, 1, 1, 1, 1, 1, 1, 0, 0, 1, 0, 0, '', 28153),
(126918, 0, 0, 0, 0, 0, 'Irontide Crackshot', NULL, NULL, NULL, NULL, 0, 120, 120, 7, 0, 0, 16, 0, 1, 1.14286, 1, 1, 0, 1500, 2000, 1, 1, 1, 32832, 2048, 0, 0, 0, 0, 0, 0, 7, 2097224, 0, 0, 0, 0, 0, 0, 0, 0, 0, 0, 0, 0, 0, 0, 0, 0, 0, 0, 0, 0, 0, '', 0, 3, 1, 4.5, 1, 1, 1, 1, 1, 1, 0, 0, 1, 0, 0, '', 28153),
(126919, 0, 0, 0, 0, 0, 'Irontide Stormcaller', NULL, NULL, NULL, NULL, 0, 120, 120, 7, 0, 0, 16, 0, 1, 1.14286, 1, 1, 0, 2000, 2000, 1, 1, 8, 32832, 4196352, 0, 0, 0, 0, 0, 0, 7, 2097224, 0, 0, 0, 0, 0, 0, 0, 0, 0, 0, 0, 0, 0, 0, 0, 0, 0, 0, 0, 0, 0, '', 0, 3, 1, 5, 1, 1, 1, 1, 1, 1, 0, 0, 1, 0, 0, '', 28153),
(126928, 0, 0, 0, 0, 0, 'Irontide Corsair', NULL, NULL, NULL, NULL, 0, 120, 120, 7, 0, 0, 16, 0, 1, 1.14286, 1, 1, 0, 1000, 2000, 1, 1, 1, 32832, 2048, 0, 0, 0, 0, 0, 0, 7, 2097224, 0, 0, 0, 0, 0, 0, 0, 0, 0, 0, 0, 0, 0, 0, 0, 0, 0, 0, 0, 0, 0, '', 0, 3, 1, 5, 1, 1, 1, 1, 1, 1, 0, 0, 1, 0, 0, '', 28153),
(126969, 0, 0, 0, 0, 0, 'Trothak', NULL, 'The Shark Puncher', NULL, NULL, 0, 120, 120, 7, 0, 0, 14, 0, 1, 1.42857, 1, 1, 0, 2000, 2000, 1, 1, 1, 32832, 2099200, 0, 4, 0, 0, 0, 0, 7, 2097256, 128, 0, 0, 0, 0, 0, 0, 0, 0, 0, 0, 0, 0, 0, 0, 0, 0, 0, 5658, 0, 0, '', 0, 3, 1, 36, 1, 1, 1, 1, 1, 1, 0, 144, 1, 0, 0, '', 28153),
(126983, 0, 0, 0, 0, 0, 'Harlan Sweete', NULL, 'Lord of the Irontide', NULL, NULL, 0, 120, 120, 7, 0, 0, 14, 0, 2.8, 2, 1, 1, 0, 2000, 2000, 1, 1, 4, 32832, 2099200, 0, 4, 0, 0, 0, 0, 7, 2097256, 128, 0, 0, 0, 0, 0, 0, 0, 0, 0, 0, 0, 0, 0, 0, 0, 0, 0, 0, 0, 0, '', 0, 3, 1, 50, 1, 1, 1, 1, 1, 1, 0, 186, 1, 0, 0, '', 28153),
(127106, 0, 0, 0, 0, 0, 'Irontide Officer', NULL, NULL, NULL, NULL, 0, 120, 120, 7, 0, 0, 16, 0, 1, 1.14286, 1, 1, 0, 2000, 2000, 1, 1, 1, 32832, 2048, 0, 4, 0, 0, 0, 0, 7, 2099272, 0, 0, 0, 0, 0, 0, 0, 0, 0, 0, 0, 0, 0, 0, 0, 0, 0, 0, 0, 0, 0, '', 0, 3, 1, 8, 1, 1, 1, 1, 1, 1, 0, 0, 1, 0, 0, '', 28153),
(127111, 0, 0, 0, 0, 0, 'Irontide Oarsman', NULL, NULL, NULL, NULL, 0, 120, 120, 7, 0, 0, 16, 0, 1, 1.14286, 1, 1, 0, 2000, 2000, 1, 1, 2, 32832, 2048, 0, 0, 0, 0, 0, 0, 7, 2097224, 0, 0, 0, 0, 0, 0, 0, 0, 0, 0, 0, 0, 0, 0, 0, 0, 0, 0, 0, 0, 0, '', 0, 3, 1, 8, 1, 1, 1, 1, 1, 1, 0, 0, 1, 0, 0, '', 28153),
(127119, 0, 0, 0, 0, 0, 'Freehold Deckhand', NULL, NULL, NULL, NULL, 0, 120, 120, 7, 0, 0, 190, 0, 1, 1.14286, 1, 0, 0, 2000, 2000, 1, 1, 1, 32768, 2048, 0, 0, 0, 0, 0, 0, 7, 270532680, 0, 0, 0, 0, 0, 0, 0, 0, 0, 0, 0, 0, 0, 0, 0, 0, 0, 0, 0, 0, 0, '', 0, 3, 1, 1, 1, 1, 1, 1, 1, 1, 0, 0, 1, 0, 0, '', 28153),
(127124, 0, 0, 0, 0, 0, 'Freehold Barhand', NULL, NULL, NULL, NULL, 0, 120, 120, 7, 0, 0, 190, 0, 1, 1.14286, 1, 0, 0, 2000, 2000, 1, 1, 1, 32768, 2048, 0, 0, 0, 0, 0, 0, 7, 270532680, 0, 0, 0, 0, 0, 0, 0, 0, 0, 0, 0, 0, 0, 0, 0, 0, 0, 0, 0, 0, 0, '', 0, 3, 1, 0.75, 1, 1, 1, 1, 1, 1, 0, 0, 1, 0, 0, '', 28153),
(128551, 0, 0, 0, 0, 0, 'Irontide Mastiff', NULL, NULL, NULL, NULL, 0, 120, 120, 7, 0, 0, 16, 0, 1.6, 1.42857, 1, 1, 0, 1500, 2000, 1, 1, 1, 67141696, 2048, 0, 0, 52, 0, 0, 0, 1, 2097225, 0, 0, 0, 0, 0, 0, 0, 0, 0, 0, 0, 0, 0, 0, 0, 0, 0, 0, 0, 0, 0, '', 0, 3, 1, 5, 1, 1, 1, 1, 1, 1, 0, 150, 1, 0, 0, '', 28153),
(129350, 0, 0, 0, 0, 0, 'Gurgthock', NULL, 'Prisoner', NULL, NULL, 0, 120, 120, 7, 0, 0, 35, 0, 1, 1.35714, 1, 0, 0, 2000, 2000, 1, 1, 1, 33536, 2048, 0, 0, 0, 0, 0, 0, 7, 0, 0, 0, 0, 0, 0, 0, 0, 0, 0, 0, 0, 0, 0, 0, 0, 0, 0, 0, 0, 0, 0, '', 0, 3, 1, 20, 1, 1, 1, 1, 1, 1, 0, 875, 1, 0, 0, '', 28153),
(129352, 0, 0, 0, 0, 0, 'Wodin the Troll-Servant', NULL, NULL, NULL, NULL, 0, 120, 120, 7, 0, 0, 35, 0, 1, 1.35714, 1, 0, 0, 2000, 2000, 1, 1, 1, 33536, 2048, 0, 0, 0, 0, 0, 0, 7, 0, 0, 0, 0, 0, 0, 0, 0, 0, 0, 0, 0, 0, 0, 0, 0, 0, 0, 0, 0, 0, 0, '', 0, 3, 1, 15, 1, 1, 1, 1, 1, 1, 0, 875, 1, 0, 0, '', 28153),
(129359, 0, 0, 0, 0, 0, 'Sawtooth Shark', NULL, NULL, NULL, NULL, 0, 120, 120, 7, 0, 0, 14, 0, 0.16, 1.14286, 1, 1, 0, 2000, 2000, 1, 1, 1, 32832, 67110912, 0, 0, 0, 0, 0, 0, 1, 3145800, 128, 0, 0, 0, 0, 0, 0, 0, 0, 0, 0, 0, 0, 0, 0, 0, 0, 0, 0, 0, 0, '', 0, 3, 1, 36, 1, 1, 1, 1, 1, 1, 0, 41, 1, 0, 0, '', 28153),
(129448, 0, 0, 0, 0, 0, 'Hammer Shark', NULL, NULL, NULL, NULL, 0, 120, 120, 7, 0, 0, 14, 0, 0.16, 1.14286, 1, 1, 0, 2000, 2000, 1, 1, 1, 33587264, 67110912, 0, 0, 0, 0, 0, 0, 1, 3145800, 128, 0, 0, 0, 0, 0, 0, 0, 0, 0, 0, 0, 0, 0, 0, 0, 0, 0, 0, 0, 0, '', 0, 3, 1, 36, 1, 1, 1, 1, 1, 1, 0, 41, 1, 0, 0, '', 28153),
(129526, 0, 0, 0, 0, 0, 'Bilge Rat Swabby', NULL, NULL, NULL, NULL, 0, 120, 120, 7, 0, 0, 16, 0, 1, 1.14286, 1, 1, 0, 2000, 2000, 1, 1, 1, 32832, 2048, 0, 0, 0, 0, 0, 0, 7, 2097224, 0, 0, 0, 0, 0, 0, 0, 0, 0, 0, 0, 0, 0, 0, 0, 0, 0, 0, 0, 0, 0, '', 0, 3, 1, 5, 1, 1, 1, 1, 1, 1, 0, 0, 1, 0, 0, '', 28153),
(129527, 0, 0, 0, 0, 0, 'Bilge Rat Buccaneer', NULL, NULL, NULL, NULL, 0, 120, 120, 7, 0, 0, 16, 0, 1, 1.14286, 1, 1, 0, 1500, 2000, 1, 1, 1, 32832, 2048, 0, 0, 0, 0, 0, 0, 7, 2097224, 0, 0, 0, 0, 0, 0, 0, 0, 0, 0, 0, 0, 0, 0, 0, 0, 0, 0, 0, 0, 0, '', 0, 3, 1, 5, 1, 1, 1, 1, 1, 1, 0, 0, 1, 0, 0, '', 28153),
(129529, 0, 0, 0, 0, 0, 'Blacktooth Scrapper', NULL, NULL, NULL, NULL, 0, 120, 120, 7, 0, 0, 14, 0, 1, 1.14286, 1, 1, 0, 1500, 2000, 1, 1, 1, 32832, 2048, 0, 0, 0, 0, 0, 0, 7, 2097224, 0, 0, 0, 0, 0, 0, 0, 0, 0, 0, 0, 0, 0, 0, 0, 0, 0, 0, 0, 0, 0, '', 0, 3, 1, 5.5, 1, 1, 1, 1, 1, 1, 0, 0, 1, 0, 0, '', 28153),
(129547, 0, 0, 0, 0, 0, 'Blacktooth Knuckleduster', NULL, NULL, NULL, NULL, 0, 120, 120, 7, 0, 0, 35, 0, 1, 1.14286, 1, 1, 0, 1250, 2000, 1, 1, 1, 32832, 2048, 0, 0, 0, 0, 0, 0, 7, 2097224, 0, 0, 0, 0, 0, 0, 0, 0, 0, 0, 0, 0, 0, 0, 0, 0, 0, 0, 0, 0, 0, '', 0, 3, 1, 6, 1, 1, 1, 1, 1, 1, 0, 0, 1, 0, 0, '', 28153),
(129548, 0, 0, 0, 0, 0, 'Blacktooth Brute', NULL, NULL, NULL, NULL, 0, 120, 120, 7, 0, 0, 14, 0, 1, 1.14286, 1, 1, 0, 2000, 2000, 1, 1, 1, 32832, 2048, 0, 0, 0, 0, 0, 0, 7, 2097224, 0, 0, 0, 0, 0, 0, 0, 0, 0, 0, 0, 0, 0, 0, 0, 0, 0, 0, 0, 0, 0, '', 0, 3, 1, 5, 1, 1, 1, 1, 1, 1, 0, 0, 1, 0, 0, '', 28153),
(129550, 0, 0, 0, 0, 0, 'Bilge Rat Padfoot', NULL, NULL, NULL, NULL, 0, 120, 120, 7, 0, 0, 16, 0, 1, 1.14286, 1, 1, 0, 2000, 2000, 1, 1, 4, 32832, 2048, 0, 0, 0, 0, 0, 0, 7, 2097224, 0, 0, 0, 0, 0, 0, 0, 0, 0, 0, 0, 0, 0, 0, 0, 0, 0, 0, 0, 0, 0, '', 0, 3, 1, 5, 1, 1, 1, 1, 1, 1, 0, 0, 1, 0, 0, '', 28153),
(129559, 0, 0, 0, 0, 0, 'Cutwater Duelist', NULL, NULL, NULL, NULL, 0, 120, 120, 7, 0, 0, 16, 0, 1, 1.14286, 1, 1, 0, 2000, 2000, 1, 1, 1, 32832, 2048, 0, 0, 0, 0, 0, 0, 7, 2097224, 0, 0, 0, 0, 0, 0, 0, 0, 0, 0, 0, 0, 0, 0, 0, 0, 0, 0, 0, 0, 0, '', 0, 3, 1, 5, 1, 1, 1, 1, 1, 1, 0, 0, 1, 0, 0, '', 28153),
(129598, 0, 0, 0, 0, 0, 'Freehold Pack Mule', NULL, NULL, NULL, NULL, 0, 120, 120, 7, 0, 0, 190, 0, 1, 1.14286, 1, 0, 0, 2000, 2000, 1, 1, 1, 32768, 2048, 0, 0, 0, 0, 0, 0, 1, 2097224, 0, 0, 0, 0, 0, 0, 0, 0, 0, 0, 0, 0, 0, 0, 0, 0, 0, 0, 0, 0, 0, '', 0, 3, 1, 1, 1, 1, 1, 1, 1, 1, 0, 0, 1, 0, 0, '', 28153),
(129599, 0, 0, 0, 0, 0, 'Cutwater Knife Juggler', NULL, NULL, NULL, NULL, 0, 120, 120, 7, 0, 0, 16, 0, 1, 1.14286, 1, 1, 0, 1500, 2000, 1, 1, 1, 32832, 2048, 0, 0, 0, 0, 0, 0, 7, 2097224, 0, 0, 0, 0, 0, 0, 0, 0, 0, 0, 0, 0, 0, 0, 0, 0, 0, 0, 0, 0, 0, '', 0, 3, 1, 4.5, 1, 1, 1, 1, 1, 1, 0, 0, 1, 0, 0, '', 28153),
(129600, 0, 0, 0, 0, 0, 'Bilge Rat Brinescale', NULL, NULL, NULL, NULL, 0, 120, 120, 7, 0, 0, 16, 0, 1, 1.14286, 1, 1, 0, 2000, 2000, 1, 1, 8, 32832, 2048, 0, 0, 0, 0, 0, 0, 7, 2097224, 0, 0, 0, 0, 0, 0, 0, 0, 0, 0, 0, 0, 0, 0, 0, 0, 0, 0, 0, 0, 0, '', 0, 3, 1, 4, 1, 1, 1, 1, 1, 1, 0, 0, 1, 0, 0, '', 28153),
(129601, 0, 0, 0, 0, 0, 'Cutwater Harpooner', NULL, NULL, NULL, NULL, 0, 120, 120, 7, 0, 0, 16, 0, 1, 1.14286, 1, 1, 0, 2000, 2000, 1, 1, 1, 32832, 2048, 0, 0, 0, 0, 0, 0, 7, 2097224, 0, 0, 0, 0, 0, 0, 0, 0, 0, 0, 0, 0, 0, 0, 0, 0, 0, 0, 0, 0, 0, '', 0, 3, 1, 5, 1, 1, 1, 1, 1, 1, 0, 0, 1, 0, 0, '', 28153),
(129602, 0, 0, 0, 0, 0, 'Irontide Enforcer', NULL, NULL, NULL, NULL, 0, 120, 120, 7, 0, 0, 16, 0, 1, 1.14286, 1, 1, 0, 2000, 2000, 1, 1, 1, 32832, 2048, 0, 0, 0, 0, 0, 0, 7, 2097224, 0, 0, 0, 0, 0, 0, 0, 0, 0, 0, 0, 0, 0, 0, 0, 0, 0, 0, 0, 0, 0, '', 0, 3, 1, 8, 1, 1, 1, 1, 1, 1, 0, 0, 1, 0, 0, '', 28153),
(129645, 0, 0, 0, 0, 0, 'Gryff', NULL, NULL, NULL, NULL, 0, 120, 120, 7, 0, 0, 35, 0, 1, 1.14286, 1, 1, 0, 2000, 2000, 1, 1, 1, 32832, 2099200, 0, 0, 150, 0, 0, 0, 1, 2097224, 0, 0, 0, 0, 0, 0, 0, 0, 0, 0, 0, 0, 0, 0, 0, 0, 0, 0, 5676, 0, 0, '', 0, 3, 1, 22, 1, 1, 1, 1, 1, 1, 0, 0, 1, 0, 0, '', 28153),
(129673, 0, 0, 0, 0, 0, 'Stevin', NULL, NULL, NULL, NULL, 0, 120, 120, 7, 0, 0, 35, 0, 1, 1.14286, 1, 1, 0, 2000, 2000, 1, 1, 1, 33587264, 2048, 0, 0, 26, 0, 0, 0, 1, 2097224, 0, 0, 0, 0, 0, 0, 0, 0, 0, 0, 0, 0, 0, 0, 0, 0, 0, 0, 0, 0, 0, '', 0, 3, 1, 22, 1, 1, 1, 1, 1, 1, 0, 0, 1, 0, 0, '', 28153),
(129699, 0, 0, 0, 0, 0, 'Ludwig Von Tortollan', NULL, NULL, NULL, NULL, 0, 120, 120, 7, 0, 0, 14, 0, 2, 0.714286, 1, 1, 0, 2000, 2000, 1, 1, 1, 32832, 2048, 0, 0, 150, 0, 0, 0, 1, 2097224, 0, 0, 0, 0, 0, 0, 0, 0, 0, 0, 0, 0, 0, 0, 0, 0, 0, 0, 0, 0, 0, '', 0, 3, 1, 20, 1, 1, 1, 1, 1, 1, 0, 94, 1, 0, 0, '', 28153),
(129732, 0, 0, 0, 0, 0, 'Skycap\'n Kragg', NULL, NULL, NULL, NULL, 0, 120, 120, 7, 0, 0, 16, 0, 4, 1.42857, 1, 1, 0, 1500, 2000, 1, 1, 4, 33088, 4196352, 0, 0, 0, 0, 0, 0, 7, 2099272, 0, 0, 0, 0, 0, 0, 0, 0, 0, 0, 0, 0, 0, 0, 0, 0, 0, 0, 0, 0, 0, '', 0, 3, 1, 200, 1, 1, 1, 1, 1, 1, 0, 156, 1, 0, 0, '', 28153),
(129743, 0, 0, 0, 0, 0, 'Sharkbait', NULL, NULL, NULL, NULL, 0, 120, 120, 7, 0, 0, 14, 0, 4, 1.42857, 1, 1, 0, 2000, 2000, 1, 1, 1, 33587264, 4196352, 0, 0, 26, 0, 0, 0, 1, 2097224, 0, 0, 0, 0, 0, 0, 0, 0, 0, 0, 0, 0, 0, 0, 0, 0, 0, 0, 5649, 0, 0, '', 0, 3, 1, 7, 1, 1, 1, 1, 1, 1, 0, 156, 1, 0, 0, '', 28153),
(129747, 0, 0, 0, 0, 0, 'Swiftwind Saber', NULL, NULL, NULL, NULL, 0, 120, 120, 7, 0, 0, 14, 0, 1, 1.14286, 1, 1, 0, 2000, 2000, 1, 1, 1, 33554432, 2048, 1, 0, 0, 0, 0, 0, 10, 0, 0, 0, 0, 0, 0, 0, 0, 0, 0, 0, 0, 0, 0, 0, 0, 0, 0, 0, 0, 0, 0, '', 0, 3, 1, 1, 1, 1, 1, 1, 1, 1, 0, 0, 1, 0, 0, '', 28153),
(129788, 0, 0, 0, 0, 0, 'Irontide Bonesaw', NULL, NULL, NULL, NULL, 0, 120, 120, 7, 0, 0, 16, 0, 1, 1.14286, 1, 1, 0, 2000, 2000, 1, 1, 8, 32832, 2048, 0, 0, 0, 0, 0, 0, 7, 2097224, 0, 0, 0, 0, 0, 0, 0, 0, 0, 0, 0, 0, 0, 0, 0, 0, 0, 0, 0, 0, 0, '', 0, 3, 1, 5, 1, 1, 1, 1, 1, 1, 0, 0, 1, 0, 0, '', 28153),
(130011, 0, 0, 0, 0, 0, 'Irontide Buccaneer', NULL, NULL, NULL, NULL, 0, 120, 120, 7, 0, 0, 16, 0, 1, 1.14286, 1, 1, 0, 2000, 2000, 1, 1, 1, 32832, 2048, 0, 0, 0, 0, 0, 0, 7, 2097224, 0, 0, 0, 0, 0, 0, 0, 0, 0, 0, 0, 0, 0, 0, 0, 0, 0, 0, 0, 0, 0, '', 0, 3, 1, 5, 1, 1, 1, 1, 1, 1, 0, 0, 1, 0, 0, '', 28153),
(130012, 0, 0, 0, 0, 0, 'Irontide Ravager', NULL, NULL, NULL, NULL, 0, 120, 120, 7, 0, 0, 16, 0, 1, 1.14286, 1, 1, 0, 2000, 2000, 1, 1, 1, 32832, 2048, 0, 4, 0, 0, 0, 0, 7, 2097224, 0, 0, 0, 0, 0, 0, 0, 0, 0, 0, 0, 0, 0, 0, 0, 0, 0, 0, 0, 0, 0, '', 0, 3, 1, 5, 1, 1, 1, 1, 1, 1, 0, 0, 1, 0, 0, '', 28153),
(130024, 0, 0, 0, 0, 0, 'Soggy Shiprat', NULL, NULL, NULL, NULL, 0, 120, 120, 7, 0, 0, 16, 0, 1.6, 1.42857, 1, 6, 0, 2000, 2000, 1, 1, 1, 67141632, 2048, 0, 0, 0, 0, 0, 0, 1, 2097224, 0, 0, 0, 0, 0, 0, 0, 0, 0, 0, 0, 0, 0, 0, 0, 0, 0, 0, 0, 0, 0, '', 0, 3, 1, 0.5, 1, 1, 1, 1, 1, 1, 0, 150, 1, 0, 0, '', 28153),
(130081, 0, 0, 0, 0, 0, 'Flynn Fairwind', '', NULL, NULL, 'questinteract', 0, 1, 1, 7, 0, 0, 0, 0, 1, 1.14286, 1, 0, 0, 0, 0, 1, 1, 1, 0, 0, 0, 0, 0, 0, 0, 0, 7, 2097152, 0, 0, 0, 0, 0, 0, 0, 0, 0, 0, 0, 0, 0, 0, 0, 0, 0, 0, 0, 0, 0, '', 0, 3, 1, 1, 1, 1, 1, 1, 1, 1, 0, 0, 1, 0, 0, '', 28153),
(130086, 0, 0, 0, 0, 0, 'Davey \"Two Eyes\"', NULL, 'Fight Promoter', NULL, NULL, 0, 120, 120, 7, 0, 0, 35, 1, 1, 1.14286, 1, 0, 0, 2000, 2000, 1, 1, 1, 33587200, 2048, 0, 0, 0, 0, 0, 0, 7, 2097224, 0, 0, 0, 0, 0, 0, 0, 0, 0, 0, 0, 0, 0, 0, 0, 0, 0, 0, 0, 0, 0, '', 0, 3, 1, 8, 1, 1, 1, 1, 1, 1, 0, 0, 1, 0, 0, '', 28153),
(130090, 0, 0, 0, 0, 0, 'Gukguk \"The Motivator\"', NULL, NULL, NULL, NULL, 0, 120, 120, 7, 0, 0, 35, 0, 1, 1.14286, 1, 0, 0, 2000, 2000, 1, 1, 1, 32768, 2048, 0, 0, 0, 0, 0, 0, 7, 2097224, 0, 0, 0, 0, 0, 0, 0, 0, 0, 0, 0, 0, 0, 0, 0, 0, 0, 0, 0, 0, 0, '', 0, 3, 1, 1, 1, 1, 1, 1, 1, 1, 0, 0, 1, 0, 0, '', 28153),
(130099, 0, 0, 0, 0, 0, 'Lightning', NULL, NULL, NULL, NULL, 0, 120, 120, 7, 0, 0, 1194, 16777216, 1, 1.57143, 1, 0, 0, 2000, 2000, 1, 1, 1, 33088, 2048, 0, 0, 21, 0, 0, 0, 1, 2359368, 0, 0, 0, 0, 0, 0, 0, 0, 0, 0, 0, 0, 0, 0, 0, 0, 0, 0, 0, 0, 0, '', 0, 3, 1, 40, 1, 1, 1, 1, 1, 1, 0, 157, 1, 0, 0, '', 28153),
(130157, 0, 0, 0, 0, 0, 'Shell Target', NULL, NULL, NULL, NULL, 0, 110, 110, 7, 0, 0, 14, 0, 1, 1.14286, 1, 1, 0, 2000, 2000, 1, 1, 1, 33555200, 2048, 1, 0, 0, 0, 0, 0, 10, 1048576, 0, 0, 0, 0, 0, 0, 0, 0, 0, 0, 0, 0, 0, 0, 0, 0, 0, 0, 0, 0, 0, '', 0, 3, 1, 3, 1, 1, 1, 1, 1, 1, 0, 0, 1, 0, 0, '', 28153),
(130172, 0, 0, 0, 0, 0, 'Ken \"the Pig Thrower\"', NULL, NULL, NULL, NULL, 0, 120, 120, 7, 0, 0, 35, 0, 1, 1.14286, 1, 1, 0, 2000, 2000, 1, 1, 1, 32832, 2048, 0, 0, 0, 0, 0, 0, 7, 2097224, 0, 0, 0, 0, 0, 0, 0, 0, 0, 0, 0, 0, 0, 0, 0, 0, 0, 0, 0, 0, 0, '', 0, 3, 1, 8, 1, 1, 1, 1, 1, 1, 0, 0, 1, 0, 0, '', 28153),
(130400, 0, 0, 0, 0, 0, 'Irontide Crusher', NULL, NULL, NULL, NULL, 0, 120, 120, 7, 0, 0, 14, 0, 1, 1.14286, 1, 1, 0, 2000, 2000, 1, 1, 1, 32832, 2048, 0, 0, 0, 0, 0, 0, 5, 2097224, 0, 0, 0, 0, 0, 0, 0, 0, 0, 0, 0, 0, 0, 0, 0, 0, 0, 0, 0, 0, 0, '', 0, 3, 1, 10, 1, 1, 1, 1, 1, 1, 0, 0, 1, 0, 0, '', 28153),
(130404, 0, 0, 0, 0, 0, 'Vermin Trapper', NULL, NULL, NULL, NULL, 0, 120, 120, 7, 0, 0, 16, 0, 1, 1.14286, 1, 1, 0, 2000, 2000, 1, 1, 1, 32832, 2048, 0, 0, 0, 0, 0, 0, 7, 2099272, 0, 0, 0, 0, 0, 0, 0, 0, 0, 0, 0, 0, 0, 0, 0, 0, 0, 0, 0, 0, 0, '', 0, 3, 1, 8, 1, 1, 1, 1, 1, 1, 0, 0, 1, 0, 0, '', 28153),
(130521, 0, 0, 0, 0, 0, 'Freehold Deckhand', NULL, NULL, NULL, NULL, 0, 120, 120, 7, 0, 0, 190, 0, 1, 1.14286, 1, 0, 0, 2000, 2000, 1, 1, 1, 32768, 2048, 0, 0, 0, 0, 0, 0, 7, 524288, 0, 0, 0, 0, 0, 0, 0, 0, 0, 0, 0, 0, 0, 0, 0, 0, 0, 0, 0, 0, 0, '', 0, 3, 1, 0.5, 1, 1, 1, 1, 1, 1, 0, 0, 1, 0, 0, '', 28153),
(130522, 0, 0, 0, 0, 0, 'Freehold Shipmate', NULL, NULL, NULL, NULL, 0, 120, 120, 7, 0, 0, 190, 0, 1, 1.14286, 1, 0, 0, 2000, 2000, 1, 1, 1, 32768, 2048, 0, 0, 0, 0, 0, 0, 7, 0, 0, 0, 0, 0, 0, 0, 0, 0, 0, 0, 0, 0, 0, 0, 0, 0, 0, 0, 0, 0, 0, '', 0, 3, 1, 1, 1, 1, 1, 1, 1, 1, 0, 0, 1, 0, 0, '', 28153),
(130689, 0, 0, 0, 0, 0, 'Wandering Mouser', NULL, NULL, NULL, NULL, 0, 1, 1, 7, 0, 0, 190, 0, 1, 1.14286, 1, 0, 0, 2000, 2000, 1, 1, 1, 768, 2048, 0, 0, 0, 0, 0, 0, 8, 0, 0, 0, 0, 0, 0, 0, 0, 0, 0, 0, 0, 0, 0, 0, 0, 0, 0, 0, 0, 0, 0, '', 0, 3, 1, 0.2, 1, 1, 1, 1, 1, 1, 0, 0, 1, 0, 0, '', 28153),
(130850, 0, 0, 0, 0, 0, 'Irontide Cannon', NULL, NULL, NULL, NULL, 0, 120, 120, 7, 0, 0, 14, 0, 1, 1.14286, 1, 1, 0, 2000, 2000, 1, 1, 1, 33554432, 2048, 1, 0, 0, 0, 0, 0, 10, 0, 0, 0, 0, 0, 0, 0, 0, 0, 0, 0, 0, 0, 0, 0, 0, 0, 0, 0, 0, 0, 0, '', 0, 3, 1, 1, 1, 1, 1, 1, 1, 1, 0, 0, 1, 0, 0, '', 28153),
(132238, 0, 0, 0, 0, 0, 'Flynn Fairwind', NULL, NULL, NULL, NULL, 23567, 120, 120, 7, 0, 0, 35, 1, 1, 1.14286, 1, 0, 0, 2000, 2000, 1, 1, 1, 32768, 2048, 0, 0, 0, 0, 0, 0, 7, 0, 0, 0, 0, 0, 0, 0, 0, 0, 0, 0, 0, 0, 0, 0, 0, 0, 0, 0, 0, 0, 0, '', 0, 3, 1, 1, 1, 1, 1, 1, 1, 1, 0, 0, 1, 0, 0, '', 28153),
(134021, 0, 0, 0, 0, 0, 'Revitalizing Brew', NULL, NULL, NULL, NULL, 0, 120, 120, 7, 0, 0, 35, 16777216, 1, 1.14286, 1, 0, 0, 2000, 2000, 1, 1, 1, 0, 2048, 0, 0, 0, 0, 0, 0, 10, 1048576, 0, 0, 0, 0, 0, 0, 0, 0, 0, 0, 0, 0, 0, 0, 0, 0, 0, 0, 0, 0, 0, '', 0, 3, 1, 1, 1, 1, 1, 1, 1, 1, 0, 0, 1, 0, 0, '', 28153),
(136539, 0, 0, 0, 0, 0, 'Booty Fanatic', NULL, NULL, NULL, NULL, 0, 120, 120, 7, 0, 0, 35, 0, 1, 1.14286, 1, 1, 0, 2000, 2000, 1, 1, 1, 32768, 2048, 0, 0, 0, 0, 0, 0, 7, 270532680, 0, 0, 0, 0, 0, 0, 0, 0, 0, 0, 0, 0, 0, 0, 0, 0, 0, 0, 0, 0, 0, '', 0, 3, 1, 1, 1, 1, 1, 1, 1, 1, 0, 0, 1, 0, 0, '', 28153),
(138463, 0, 0, 0, 0, 0, 'Whirlpool of Blades', NULL, NULL, NULL, NULL, 0, 120, 120, 7, 0, 0, 14, 0, 0.6, 0.214286, 1, 0, 0, 2000, 2000, 1, 1, 1, 33554688, 67110912, 0, 0, 0, 0, 0, 0, 10, 269484040, 0, 0, 0, 0, 0, 0, 0, 0, 0, 0, 0, 0, 0, 0, 0, 0, 0, 0, 0, 0, 0, '', 0, 3, 1, 0.01, 1, 1, 1, 1, 1, 1, 0, 945, 1, 0, 0, '', 28153),
(138705, 0, 0, 0, 0, 0, 'Gourmet Parrot Chow', NULL, NULL, NULL, NULL, 0, 120, 120, 7, 0, 0, 35, 16777216, 1, 1, 1, 0, 0, 2000, 2000, 1, 1, 1, 256, 67635200, 0, 0, 0, 0, 0, 0, 10, 1611661328, 6, 0, 0, 0, 0, 0, 0, 0, 0, 0, 0, 0, 0, 0, 0, 0, 0, 0, 0, 0, 0, '', 0, 3, 1, 1, 1, 1, 1, 1, 1, 1, 0, 0, 1, 0, 0, '', 28153),
(138718, 0, 0, 0, 0, 0, 'Sharkbait\'s Empty Dish', NULL, NULL, NULL, NULL, 0, 120, 120, 7, 0, 0, 35, 16777216, 1, 1, 1, 0, 0, 2000, 2000, 1, 1, 1, 256, 67635200, 0, 0, 0, 0, 0, 0, 10, 1611661328, 6, 0, 0, 0, 0, 0, 0, 0, 0, 0, 0, 0, 0, 0, 0, 0, 0, 0, 0, 0, 0, '', 0, 3, 1, 1, 1, 1, 1, 1, 1, 1, 0, 0, 1, 0, 0, '', 28153);


-- Creature Text
delete from creature_text where CreatureID in (126832, 126845, 126848, 126983, 129547, 129732, 129788, 130086);
INSERT INTO `creature_text` (`CreatureID`, `GroupID`, `ID`, `Text`, `Type`, `Language`, `Probability`, `Emote`, `Duration`, `Sound`, `BroadcastTextId`, `comment`) VALUES
(126832, 0, 0, 'Avast, ye bilge suckers!', 14, 0, 100, 0, 0, 98121, 0, 'Skycap\'n Kragg'),
(126832, 1, 0, 'Aaargh! Sharkbait, come about and blast their broadsides!', 14, 0, 100, 482, 0, 98126, 0, 'Skycap\'n Kragg'),
(126832, 2, 0, 'Well, looks like someone still ain\'t got their sea legs!', 14, 0, 100, 0, 0, 98119, 0, 'Skycap\'n Kragg'),
(126832, 3, 0, 'I\'ll scuttle yer hides!', 14, 0, 100, 0, 0, 98111, 0, 'Skycap\'n Kragg to Player'),
(126832, 4, 0, 'Ha Ha! Don\'t crack yer teacup!', 14, 0, 100, 0, 0, 98120, 0, 'Skycap\'n Kragg'),
(126832, 5, 0, 'Guess I... be off... ta the locker...', 14, 0, 100, 0, 0, 98123, 0, 'Skycap\'n Kragg to Player'),
(126845, 0, 0, 'En guard!', 14, 0, 100, 0, 0, 97245, 0, 'Captain Jolly'),
(126845, 1, 0, 'Surging steel!', 14, 0, 100, 0, 0, 97246, 0, 'Captain Jolly'),
(126845, 2, 0, 'Bury me with my blade...', 14, 0, 100, 0, 0, 97250, 0, 'Captain Jolly to Player'),
(126848, 0, 0, 'Nice... shot...', 14, 0, 100, 0, 0, 97241, 0, 'Captain Eudora to Player'),
(126983, 0, 0, 'Think you can stand against me, swine? Allow me to educate you.', 14, 0, 100, 0, 0, 97284, 0, 'Harlan Sweete to Player'),
(126983, 1, 0, 'Men! Acquaint these scallywags with our heavy guns.', 14, 0, 100, 0, 0, 97283, 0, 'Harlan Sweete'),
(126983, 2, 0, 'Inconceivable...', 14, 0, 100, 0, 0, 97286, 0, 'Harlan Sweete to Player'), -- BroadcastTextID: 93926 - 116757 - 116788
(129547, 0, 0, 'WE\'VE GOT OURSELVES A BRAWL!', 14, 0, 100, 53, 0, 0, 0, 'Blacktooth Knuckleduster to Player'),
(129732, 0, 0, 'Yer doom be at hand!', 14, 0, 100, 0, 0, 98129, 0, 'Skycap\'n Kragg to Sharkbait'),
(129732, 1, 0, 'Don\'t mind Sharkbait. He just needs ta... empty his hold!', 14, 0, 100, 0, 0, 98130, 0, 'Skycap\'n Kragg to Sharkbait'),
(129732, 2, 0, 'Bombs away!', 14, 0, 100, 0, 0, 98131, 0, 'Skycap\'n Kragg to Sharkbait'), -- BroadcastTextID: 33527 - 74032
(129732, 3, 0, 'Watch out below, ye barnacle-bottomed swine!', 14, 0, 100, 0, 0, 98132, 0, 'Skycap\'n Kragg to Sharkbait'),
(129788, 0, 0, '%s attempts to run away in fear!', 16, 0, 100, 0, 0, 0, 1150, 'Irontide Bonesaw'),
(130086, 0, 0, 'Gather \'round and place yer bets! We got a new set of vict-- uh... competitors! Take it away, Gurgthok and Wodin!', 14, 0, 100, 669, 0, 97266, 0, 'Davey \"Two Eyes\" to Player');

-- Vehicle Template Accesory
delete from vehicle_template_accessory where entry in (129092, 126969, 129645);
INSERT INTO `vehicle_template_accessory` (`entry`, `accessory_entry`, `seat_id`, `minion`, `description`, `summontype`, `summontimer`) VALUES
(129092, 129526, 0, 0, 'Hozen Hang Bunny - Bilge Rat Swabby', 8, 0), -- Hozen Hang Bunny - Bilge Rat Swabby
(126969, 129448, 1, 0, 'Trothak - Hammer Shark', 8, 0), -- Trothak - Hammer Shark
(126969, 129359, 0, 0, 'Trothak - Sawtooth Shark', 8, 0), -- Trothak - Sawtooth Shark
(129645, 129673, 0, 0, 'Gryff - Stevin', 8, 0); -- Gryff - Stevin

-- Npc SpellClick Spells
delete from npc_spellclick_spells where npc_entry in (134021, 138718, 138705, 130099, 140552);
INSERT INTO `npc_spellclick_spells` (`npc_entry`, `spell_id`, `cast_flags`, `user_type`) VALUES
(134021, 263297, 1, 0),
(138718, 272722, 1, 0),
(138705, 272725, 1, 0),
(130099, 257831, 1, 0),
(140552, 275150, 1, 0);

-- Creature Template Model

DELETE FROM `creature_template_model` WHERE (`CreatureID`=132238 AND `CreatureDisplayID`=76222) OR (`CreatureID`=129747 AND `CreatureDisplayID`=11686) OR (`CreatureID`=129747 AND `CreatureDisplayID`=1126) OR (`CreatureID`=131092 AND `CreatureDisplayID`=32542) OR (`CreatureID`=131092 AND `CreatureDisplayID`=328) OR (`CreatureID`=129448 AND `CreatureDisplayID`=80606) OR (`CreatureID`=129359 AND `CreatureDisplayID`=80613) OR (`CreatureID`=126969 AND `CreatureDisplayID`=55657) OR (`CreatureID`=138463 AND `CreatureDisplayID`=15435) OR (`CreatureID`=127106 AND `CreatureDisplayID`=81286) OR (`CreatureID`=130850 AND `CreatureDisplayID`=11686) OR (`CreatureID`=130850 AND `CreatureDisplayID`=1126) OR (`CreatureID`=130172 AND `CreatureDisplayID`=81295) OR (`CreatureID`=130099 AND `CreatureDisplayID`=80391) OR (`CreatureID`=130090 AND `CreatureDisplayID`=80940) OR (`CreatureID`=129352 AND `CreatureDisplayID`=80548) OR (`CreatureID`=129350 AND `CreatureDisplayID`=80547) OR (`CreatureID`=129699 AND `CreatureDisplayID`=80792) OR (`CreatureID`=130086 AND `CreatureDisplayID`=79072) OR (`CreatureID`=130081 AND `CreatureDisplayID`=76222) OR (`CreatureID`=130157 AND `CreatureDisplayID`=11686) OR (`CreatureID`=130157 AND `CreatureDisplayID`=45580) OR (`CreatureID`=136539 AND `CreatureDisplayID`=78630) OR (`CreatureID`=136539 AND `CreatureDisplayID`=78999) OR (`CreatureID`=136539 AND `CreatureDisplayID`=79064) OR (`CreatureID`=136539 AND `CreatureDisplayID`=78623) OR (`CreatureID`=130012 AND `CreatureDisplayID`=81508) OR (`CreatureID`=130012 AND `CreatureDisplayID`=81507) OR (`CreatureID`=129645 AND `CreatureDisplayID`=80779) OR (`CreatureID`=129673 AND `CreatureDisplayID`=71849) OR (`CreatureID`=126983 AND `CreatureDisplayID`=80841) OR (`CreatureID`=130400 AND `CreatureDisplayID`=68059) OR (`CreatureID`=129601 AND `CreatureDisplayID`=80344) OR (`CreatureID`=129601 AND `CreatureDisplayID`=80343) OR (`CreatureID`=129529 AND `CreatureDisplayID`=80381) OR (`CreatureID`=129529 AND `CreatureDisplayID`=80380) OR (`CreatureID`=129600 AND `CreatureDisplayID`=80475) OR (`CreatureID`=129599 AND `CreatureDisplayID`=80336) OR (`CreatureID`=129599 AND `CreatureDisplayID`=80335) OR (`CreatureID`=126847 AND `CreatureDisplayID`=81060) OR (`CreatureID`=126848 AND `CreatureDisplayID`=80346) OR (`CreatureID`=138705 AND `CreatureDisplayID`=85954) OR (`CreatureID`=138718 AND `CreatureDisplayID`=85960) OR (`CreatureID`=134021 AND `CreatureDisplayID`=83290) OR (`CreatureID`=126841 AND `CreatureDisplayID`=80438) OR (`CreatureID`=126832 AND `CreatureDisplayID`=80382) OR (`CreatureID`=130024 AND `CreatureDisplayID`=81403) OR (`CreatureID`=130024 AND `CreatureDisplayID`=81402) OR (`CreatureID`=130024 AND `CreatureDisplayID`=81401) OR (`CreatureID`=130024 AND `CreatureDisplayID`=81400) OR (`CreatureID`=130404 AND `CreatureDisplayID`=87975) OR (`CreatureID`=129527 AND `CreatureDisplayID`=81424) OR (`CreatureID`=130011 AND `CreatureDisplayID`=79068) OR (`CreatureID`=130011 AND `CreatureDisplayID`=79069) OR (`CreatureID`=129547 AND `CreatureDisplayID`=81208) OR (`CreatureID`=129547 AND `CreatureDisplayID`=81207) OR (`CreatureID`=130521 AND `CreatureDisplayID`=79067) OR (`CreatureID`=130521 AND `CreatureDisplayID`=79066) OR (`CreatureID`=130521 AND `CreatureDisplayID`=79065) OR (`CreatureID`=130521 AND `CreatureDisplayID`=79064) OR (`CreatureID`=129550 AND `CreatureDisplayID`=87974) OR (`CreatureID`=129550 AND `CreatureDisplayID`=87973) OR (`CreatureID`=129548 AND `CreatureDisplayID`=80390) OR (`CreatureID`=129548 AND `CreatureDisplayID`=80389) OR (`CreatureID`=127111 AND `CreatureDisplayID`=81280) OR (`CreatureID`=127111 AND `CreatureDisplayID`=81279) OR (`CreatureID`=129092 AND `CreatureDisplayID`=64062) OR (`CreatureID`=129526 AND `CreatureDisplayID`=80322) OR (`CreatureID`=130522 AND `CreatureDisplayID`=80090) OR (`CreatureID`=130522 AND `CreatureDisplayID`=80089) OR (`CreatureID`=130522 AND `CreatureDisplayID`=80088) OR (`CreatureID`=130522 AND `CreatureDisplayID`=80087) OR (`CreatureID`=129559 AND `CreatureDisplayID`=80340) OR (`CreatureID`=129559 AND `CreatureDisplayID`=80339) OR (`CreatureID`=127124 AND `CreatureDisplayID`=78964) OR (`CreatureID`=127124 AND `CreatureDisplayID`=78483) OR (`CreatureID`=127124 AND `CreatureDisplayID`=78632) OR (`CreatureID`=127124 AND `CreatureDisplayID`=79066) OR (`CreatureID`=127119 AND `CreatureDisplayID`=78630) OR (`CreatureID`=127119 AND `CreatureDisplayID`=78999) OR (`CreatureID`=127119 AND `CreatureDisplayID`=79064) OR (`CreatureID`=127119 AND `CreatureDisplayID`=78623) OR (`CreatureID`=126845 AND `CreatureDisplayID`=80532) OR (`CreatureID`=126919 AND `CreatureDisplayID`=79080) OR (`CreatureID`=126919 AND `CreatureDisplayID`=79079) OR (`CreatureID`=126919 AND `CreatureDisplayID`=79078) OR (`CreatureID`=126919 AND `CreatureDisplayID`=79077) OR (`CreatureID`=130689 AND `CreatureDisplayID`=51414) OR (`CreatureID`=130689 AND `CreatureDisplayID`=53316) OR (`CreatureID`=130689 AND `CreatureDisplayID`=40905) OR (`CreatureID`=130689 AND `CreatureDisplayID`=28067) OR (`CreatureID`=129598 AND `CreatureDisplayID`=88571) OR (`CreatureID`=126497 AND `CreatureDisplayID`=36357) OR (`CreatureID`=129732 AND `CreatureDisplayID`=80382) OR (`CreatureID`=129743 AND `CreatureDisplayID`=80438) OR (`CreatureID`=129602 AND `CreatureDisplayID`=88578) OR (`CreatureID`=129602 AND `CreatureDisplayID`=88577) OR (`CreatureID`=129602 AND `CreatureDisplayID`=88576) OR (`CreatureID`=129602 AND `CreatureDisplayID`=81224) OR (`CreatureID`=128551 AND `CreatureDisplayID`=30224) OR (`CreatureID`=128551 AND `CreatureDisplayID`=30222) OR (`CreatureID`=128551 AND `CreatureDisplayID`=30223) OR (`CreatureID`=128551 AND `CreatureDisplayID`=30221) OR (`CreatureID`=129788 AND `CreatureDisplayID`=81255) OR (`CreatureID`=126928 AND `CreatureDisplayID`=79071) OR (`CreatureID`=126928 AND `CreatureDisplayID`=81253) OR (`CreatureID`=126918 AND `CreatureDisplayID`=88575) OR (`CreatureID`=126918 AND `CreatureDisplayID`=88574) OR (`CreatureID`=126918 AND `CreatureDisplayID`=81254);
INSERT INTO `creature_template_model` (`CreatureID`, `Idx`, `CreatureDisplayID`, `DisplayScale`, `Probability`, `VerifiedBuild`) VALUES
(132238, 0, 76222, 1, 1, 28153), -- Flynn Fairwind
(129747, 1, 11686, 1, 1, 28153), -- Swiftwind Saber
(129747, 0, 1126, 1, 0, 28153), -- Swiftwind Saber
(131092, 1, 32542, 1, 1, 28153), -- Bonfire Spawn (DNT)
(131092, 0, 328, 1, 0, 28153), -- Bonfire Spawn (DNT)
(129448, 0, 80606, 1, 1, 28153), -- Hammer Shark
(129359, 0, 80613, 1, 1, 28153), -- Sawtooth Shark
(126969, 0, 55657, 1, 1, 28153), -- Trothak
(138463, 0, 15435, 1, 1, 28153), -- Whirlpool of Blades
(127106, 0, 81286, 1, 1, 28153), -- Irontide Officer
(130850, 1, 11686, 1, 1, 28153), -- Irontide Cannon
(130850, 0, 1126, 1, 0, 28153), -- Irontide Cannon
(130172, 0, 81295, 1, 1, 28153), -- Ken "the Pig Thrower"
(130099, 0, 80391, 1, 1, 28153), -- Lightning
(130090, 0, 80940, 1, 1, 28153), -- Gukguk "The Motivator"
(129352, 0, 80548, 1, 0, 28153), -- Wodin the Troll-Servant
(129350, 0, 80547, 1, 0, 28153), -- Gurgthock
(129699, 0, 80792, 1, 1, 28153), -- Ludwig Von Tortollan
(130086, 0, 79072, 1, 1, 28153), -- Davey "Two Eyes"
(130081, 0, 76222, 1, 1, 28153), -- Flynn Fairwind
(130157, 1, 11686, 1, 1, 28153), -- Shell Target
(130157, 0, 45580, 1, 0, 28153), -- Shell Target
(136539, 3, 78630, 1, 1, 28153), -- Booty Fanatic
(136539, 2, 78999, 1, 1, 28153), -- Booty Fanatic
(136539, 1, 79064, 1, 1, 28153), -- Booty Fanatic
(136539, 0, 78623, 1, 1, 28153), -- Booty Fanatic
(130012, 1, 81508, 1, 1, 28153), -- Irontide Ravager
(130012, 0, 81507, 1, 0, 28153), -- Irontide Ravager
(129645, 0, 80779, 1, 1, 28153), -- Gryff
(129673, 0, 71849, 1, 1, 28153), -- Stevin
(126983, 0, 80841, 1, 1, 28153), -- Harlan Sweete
(130400, 0, 68059, 1, 1, 28153), -- Irontide Crusher
(129601, 1, 80344, 1, 1, 28153), -- Cutwater Harpooner
(129601, 0, 80343, 1, 1, 28153), -- Cutwater Harpooner
(129529, 1, 80381, 1, 0, 28153), -- Blacktooth Scrapper
(129529, 0, 80380, 1, 1, 28153), -- Blacktooth Scrapper
(129600, 0, 80475, 1, 1, 28153), -- Bilge Rat Brinescale
(129599, 1, 80336, 1, 1, 28153), -- Cutwater Knife Juggler
(129599, 0, 80335, 1, 1, 28153), -- Cutwater Knife Juggler
(126847, 0, 81060, 1, 1, 28153), -- Captain Raoul
(126848, 0, 80346, 1, 1, 28153), -- Captain Eudora
(138705, 0, 85954, 1, 1, 28153), -- Gourmet Parrot Chow
(138718, 0, 85960, 1, 1, 28153), -- Sharkbait's Empty Dish
(134021, 0, 83290, 1, 1, 28153), -- Revitalizing Brew
(126841, 0, 80438, 1, 1, 28153), -- Sharkbait
(126832, 0, 80382, 1, 1, 28153), -- Skycap'n Kragg
(130024, 3, 81403, 1, 3, 28153), -- Soggy Shiprat
(130024, 2, 81402, 1, 3, 28153), -- Soggy Shiprat
(130024, 1, 81401, 1, 1, 28153), -- Soggy Shiprat
(130024, 0, 81400, 1, 3, 28153), -- Soggy Shiprat
(130404, 0, 87975, 1, 1, 28153), -- Vermin Trapper
(129527, 0, 81424, 1, 1, 28153), -- Bilge Rat Buccaneer
(130011, 1, 79068, 1, 1, 28153), -- Irontide Buccaneer
(130011, 0, 79069, 1, 1, 28153), -- Irontide Buccaneer
(129547, 1, 81208, 1, 1, 28153), -- Blacktooth Knuckleduster
(129547, 0, 81207, 1, 1, 28153), -- Blacktooth Knuckleduster
(130521, 3, 79067, 1, 1, 28153), -- Freehold Deckhand
(130521, 2, 79066, 1, 1, 28153), -- Freehold Deckhand
(130521, 1, 79065, 1, 1, 28153), -- Freehold Deckhand
(130521, 0, 79064, 1, 1, 28153), -- Freehold Deckhand
(129550, 1, 87974, 1, 1, 28153), -- Bilge Rat Padfoot
(129550, 0, 87973, 1, 1, 28153), -- Bilge Rat Padfoot
(129548, 1, 80390, 1, 0, 28153), -- Blacktooth Brute
(129548, 0, 80389, 1, 1, 28153), -- Blacktooth Brute
(127111, 1, 81280, 1, 1, 28153), -- Irontide Oarsman
(127111, 0, 81279, 1, 1, 28153), -- Irontide Oarsman
(129092, 0, 64062, 1, 0, 28153), -- Hozen Hang Bunny
(129526, 0, 80322, 1, 1, 28153), -- Bilge Rat Swabby
(130522, 3, 80090, 1, 1, 28153), -- Freehold Shipmate
(130522, 2, 80089, 1, 1, 28153), -- Freehold Shipmate
(130522, 1, 80088, 1, 1, 28153), -- Freehold Shipmate
(130522, 0, 80087, 1, 1, 28153), -- Freehold Shipmate
(129559, 1, 80340, 1, 1, 28153), -- Cutwater Duelist
(129559, 0, 80339, 1, 1, 28153), -- Cutwater Duelist
(127124, 3, 78964, 1, 1, 28153), -- Freehold Barhand
(127124, 2, 78483, 1, 1, 28153), -- Freehold Barhand
(127124, 1, 78632, 1, 1, 28153), -- Freehold Barhand
(127124, 0, 79066, 1, 1, 28153), -- Freehold Barhand
(127119, 3, 78630, 1, 1, 28153), -- Freehold Deckhand
(127119, 2, 78999, 1, 1, 28153), -- Freehold Deckhand
(127119, 1, 79064, 1, 1, 28153), -- Freehold Deckhand
(127119, 0, 78623, 1, 1, 28153), -- Freehold Deckhand
(126845, 0, 80532, 1, 1, 28153), -- Captain Jolly
(126919, 3, 79080, 1, 1, 28153), -- Irontide Stormcaller
(126919, 2, 79079, 1, 1, 28153), -- Irontide Stormcaller
(126919, 1, 79078, 1, 1, 28153), -- Irontide Stormcaller
(126919, 0, 79077, 1, 1, 28153), -- Irontide Stormcaller
(130689, 3, 51414, 1, 0.25, 28153), -- Wandering Mouser
(130689, 2, 53316, 1, 0.25, 28153), -- Wandering Mouser
(130689, 1, 40905, 1, 0.25, 28153), -- Wandering Mouser
(130689, 0, 28067, 1, 0.25, 28153), -- Wandering Mouser
(129598, 0, 88571, 1, 1, 28153), -- Freehold Pack Mule
(126497, 1, 36357, 1, 0.5, 28153), -- Shiprat
(129732, 0, 80382, 1, 1, 28153), -- Skycap'n Kragg
(129743, 0, 80438, 1, 1, 28153), -- Sharkbait
(129602, 3, 88578, 1, 1, 28153), -- Irontide Enforcer
(129602, 2, 88577, 1, 1, 28153), -- Irontide Enforcer
(129602, 1, 88576, 1, 1, 28153), -- Irontide Enforcer
(129602, 0, 81224, 1, 1, 28153), -- Irontide Enforcer
(128551, 3, 30224, 1, 1, 28153), -- Irontide Mastiff
(128551, 2, 30222, 1, 1, 28153), -- Irontide Mastiff
(128551, 1, 30223, 1, 1, 28153), -- Irontide Mastiff
(128551, 0, 30221, 1, 1, 28153), -- Irontide Mastiff
(129788, 0, 81255, 1, 1, 28153), -- Irontide Bonesaw
(126928, 1, 79071, 1, 1, 28153), -- Irontide Corsair
(126928, 0, 81253, 1, 1, 28153), -- Irontide Corsair
(126918, 2, 88575, 1, 1, 28153), -- Irontide Crackshot
(126918, 1, 88574, 1, 1, 28153), -- Irontide Crackshot
(126918, 0, 81254, 1, 1, 28153); -- Irontide Crackshot

-- Game Object Template
DELETE FROM `gameobject_template` WHERE `entry` IN (288636 /*Council's Tribute*/, 302893 /*Campfire*/, 302884 /*Forge*/, 302882 /*Anvil*/, 278291 /*Outlaw Cage*/, 302892 /*Campfire*/, 302888 /*Campfire*/, 278415 /*Invisible Platform*/, 302891 /*Campfire*/, 302899 /*Campfire*/);
INSERT INTO `gameobject_template` (`entry`, `type`, `displayId`, `name`, `IconName`, `castBarCaption`, `unk1`, `size`, `Data0`, `Data1`, `Data2`, `Data3`, `Data4`, `Data5`, `Data6`, `Data7`, `Data8`, `Data9`, `Data10`, `Data11`, `Data12`, `Data13`, `Data14`, `Data15`, `Data16`, `Data17`, `Data18`, `Data19`, `Data20`, `Data21`, `Data22`, `Data23`, `Data24`, `Data25`, `Data26`, `Data27`, `Data28`, `Data29`, `Data30`, `Data31`, `Data32`, `Data33`, `RequiredLevel`, `VerifiedBuild`) VALUES
(288636, 3, 47100, 'Council\'s Tribute', '', '', '', 1.6, 1634, 0, 0, 1, 0, 0, 0, 0, 0, 0, 1, 1, 1, 1, 0, 1, 0, 0, 292, 8, 100, 1, 0, 0, 0, 2094, 0, 1, 0, 0, 86063, 0, 0, 0, 110, 28153), -- Council's Tribute
(302893, 8, 16847, 'Campfire', '', '', '', 1, 4, 10, 2061, 0, 0, 0, 0, 0, 0, 0, 0, 0, 0, 0, 0, 0, 0, 0, 0, 0, 0, 0, 0, 0, 0, 0, 0, 0, 0, 0, 0, 0, 0, 0, 0, 28153), -- Campfire
(302884, 8, 2470, 'Forge', '', '', '', 0.1, 3, 10, 0, 0, 0, 0, 0, 0, 0, 0, 0, 0, 0, 0, 0, 0, 0, 0, 0, 0, 0, 0, 0, 0, 0, 0, 0, 0, 0, 0, 0, 0, 0, 0, 0, 28153), -- Forge
(302882, 8, 14650, 'Anvil', '', '', '', 0.94, 1, 10, 0, 0, 0, 0, 0, 0, 0, 0, 0, 0, 0, 0, 0, 0, 0, 0, 0, 0, 0, 0, 0, 0, 0, 0, 0, 0, 0, 0, 0, 0, 0, 0, 0, 28153), -- Anvil
(278291, 10, 15568, 'Outlaw Cage', 'picklock', 'Opening', '', 1.5, 93, 0, 58445, 0, 0, 0, 0, 0, 0, 0, 0, 0, 0, 1, 21400, 0, 0, 0, 0, 0, 0, 0, 0, 1, 0, 0, 0, 0, 0, 0, 0, 0, 0, 0, 0, 28153), -- Outlaw Cage
(302892, 8, 16847, 'Campfire', '', '', '', 1, 4, 10, 2061, 0, 0, 0, 0, 0, 0, 0, 0, 0, 0, 0, 0, 0, 0, 0, 0, 0, 0, 0, 0, 0, 0, 0, 0, 0, 0, 0, 0, 0, 0, 0, 0, 28153), -- Campfire
(302888, 8, 16847, 'Campfire', '', '', '', 1, 4, 10, 2061, 0, 0, 0, 0, 0, 0, 0, 0, 0, 0, 0, 0, 0, 0, 0, 0, 0, 0, 0, 0, 0, 0, 0, 0, 0, 0, 0, 0, 0, 0, 0, 0, 28153), -- Campfire
(278415, 5, 16884, 'Invisible Platform', '', '', '', 0.05, 0, 0, 0, 0, 0, 0, 0, 0, 0, 0, 0, 0, 0, 0, 0, 0, 0, 0, 0, 0, 0, 0, 0, 0, 0, 0, 0, 0, 0, 0, 0, 0, 0, 0, 0, 28153), -- Invisible Platform
(302891, 8, 16847, 'Campfire', '', '', '', 1, 4, 10, 2061, 0, 0, 0, 0, 0, 0, 0, 0, 0, 0, 0, 0, 0, 0, 0, 0, 0, 0, 0, 0, 0, 0, 0, 0, 0, 0, 0, 0, 0, 0, 0, 0, 28153), -- Campfire
(302899, 8, 16847, 'Campfire', '', '', '', 1, 4, 10, 2061, 0, 0, 0, 0, 0, 0, 0, 0, 0, 0, 0, 0, 0, 0, 0, 0, 0, 0, 0, 0, 0, 0, 0, 0, 0, 0, 0, 0, 0, 0, 0, 0, 28153); -- Campfire

-- Gossip Menu
DELETE FROM `gossip_menu` WHERE (`MenuId`=23567 AND `TextId`=35269);
INSERT INTO `gossip_menu` (`MenuId`, `TextId`, `VerifiedBuild`) VALUES
(23567, 35269, 28153); -- 132238 (Flynn Fairwind)

-- Gossip Menu Option
DELETE FROM `gossip_menu_option` WHERE (`MenuId`=23567 AND `OptionIndex`=0);
INSERT INTO `gossip_menu_option` (`MenuId`, `OptionIndex`, `OptionIcon`, `OptionText`, `OptionBroadcastTextId`, `VerifiedBuild`) VALUES
(23567, 0, 0, 'Please take me back.', 0, 28153);

-- Creature Equip Template
DELETE FROM `creature_equip_template` WHERE (`CreatureID`=143402 AND `ID`=2) OR (`CreatureID`=143264 AND `ID`=1) OR (`CreatureID`=143267 AND `ID`=1) OR (`CreatureID`=142997 AND `ID`=1) OR (`CreatureID`=143268 AND `ID`=1) OR (`CreatureID`=143265 AND `ID`=1) OR (`CreatureID`=143266 AND `ID`=1) OR (`CreatureID`=142993 AND `ID`=1) OR (`CreatureID`=132238 AND `ID`=1) OR (`CreatureID`=127106 AND `ID`=1) OR (`CreatureID`=130090 AND `ID`=1) OR (`CreatureID`=130172 AND `ID`=1) OR (`CreatureID`=130522 AND `ID`=2) OR (`CreatureID`=129699 AND `ID`=1) OR (`CreatureID`=130522 AND `ID`=1) OR (`CreatureID`=130521 AND `ID`=2) OR (`CreatureID`=130012 AND `ID`=1) OR (`CreatureID`=130400 AND `ID`=1) OR (`CreatureID`=129601 AND `ID`=1) OR (`CreatureID`=126983 AND `ID`=1) OR (`CreatureID`=129529 AND `ID`=1) OR (`CreatureID`=130521 AND `ID`=1) OR (`CreatureID`=129599 AND `ID`=1) OR (`CreatureID`=129600 AND `ID`=1) OR (`CreatureID`=126848 AND `ID`=1) OR (`CreatureID`=126832 AND `ID`=1) OR (`CreatureID`=130404 AND `ID`=1) OR (`CreatureID`=129527 AND `ID`=1) OR (`CreatureID`=130011 AND `ID`=1) OR (`CreatureID`=129547 AND `ID`=1) OR (`CreatureID`=129550 AND `ID`=1) OR (`CreatureID`=129559 AND `ID`=1) OR (`CreatureID`=129548 AND `ID`=1) OR (`CreatureID`=129526 AND `ID`=1) OR (`CreatureID`=127111 AND `ID`=1) OR (`CreatureID`=126845 AND `ID`=1) OR (`CreatureID`=126919 AND `ID`=1) OR (`CreatureID`=129602 AND `ID`=1) OR (`CreatureID`=129788 AND `ID`=1) OR (`CreatureID`=129732 AND `ID`=1) OR (`CreatureID`=126918 AND `ID`=1) OR (`CreatureID`=126928 AND `ID`=1);
INSERT INTO `creature_equip_template` (`CreatureID`, `ID`, `ItemID1`, `AppearanceModID1`, `ItemVisual1`, `ItemID2`, `AppearanceModID2`, `ItemVisual2`, `ItemID3`, `AppearanceModID3`, `ItemVisual3`) VALUES
(143402, 2, 0, 0, 0, 143, 0, 0, 0, 0, 0), -- -Unknown-
(143264, 1, 162886, 0, 0, 0, 0, 0, 0, 0, 0), -- -Unknown-
(143267, 1, 162892, 0, 0, 161069, 0, 0, 0, 0, 0), -- -Unknown-
(142997, 1, 1117, 0, 0, 0, 0, 0, 0, 0, 0), -- -Unknown-
(143268, 1, 162971, 0, 0, 162971, 0, 0, 0, 0, 0), -- -Unknown-
(143265, 1, 162890, 0, 0, 0, 0, 0, 0, 0, 0), -- -Unknown-
(143266, 1, 162871, 0, 0, 162883, 0, 0, 0, 0, 0), -- -Unknown-
(142993, 1, 2198, 0, 0, 3698, 0, 0, 0, 0, 0), -- -Unknown-
(132238, 1, 155766, 0, 0, 155766, 0, 0, 0, 0, 0), -- Flynn Fairwind
(127106, 1, 155800, 0, 0, 0, 0, 0, 0, 0, 0), -- Irontide Officer
(130090, 1, 1897, 0, 0, 0, 0, 0, 0, 0, 0), -- Gukguk "The Motivator"
(130172, 1, 2480, 0, 0, 0, 0, 0, 0, 0, 0), -- Ken "the Pig Thrower"
(130522, 2, 155894, 0, 0, 0, 0, 0, 0, 0, 0), -- Freehold Shipmate
(129699, 1, 35808, 0, 0, 35808, 0, 0, 0, 0, 0), -- Ludwig Von Tortollan
(130522, 1, 2202, 0, 0, 0, 0, 0, 0, 0, 0), -- Freehold Shipmate
(130521, 2, 2703, 0, 0, 0, 0, 0, 0, 0, 0), -- Freehold Deckhand
(130012, 1, 34818, 0, 0, 0, 0, 0, 0, 0, 0), -- Irontide Ravager
(130400, 1, 133982, 0, 0, 0, 0, 0, 0, 0, 0), -- Irontide Crusher
(129601, 1, 159562, 0, 0, 0, 0, 0, 0, 0, 0), -- Cutwater Harpooner
(126983, 1, 160420, 0, 0, 160420, 0, 0, 0, 0, 0), -- Harlan Sweete
(129529, 1, 159852, 0, 0, 159852, 0, 0, 0, 0, 0), -- Blacktooth Scrapper
(130521, 1, 155894, 0, 0, 0, 0, 0, 0, 0, 0), -- Freehold Deckhand
(129599, 1, 56817, 0, 0, 56817, 0, 0, 6886, 0, 0), -- Cutwater Knife Juggler
(129600, 1, 79832, 0, 0, 0, 0, 0, 0, 0, 0), -- Bilge Rat Brinescale
(126848, 1, 0, 0, 0, 0, 0, 0, 153433, 0, 0), -- Captain Eudora
(126832, 1, 155675, 0, 0, 0, 0, 0, 0, 0, 0), -- Skycap'n Kragg
(130404, 1, 107674, 0, 0, 0, 0, 0, 0, 0, 0), -- Vermin Trapper
(129527, 1, 1897, 0, 0, 0, 0, 0, 0, 0, 0), -- Bilge Rat Buccaneer
(130011, 1, 851, 0, 0, 851, 0, 0, 0, 0, 0), -- Irontide Buccaneer
(129547, 1, 15905, 0, 0, 15905, 0, 0, 0, 0, 0), -- Blacktooth Knuckleduster
(129550, 1, 155762, 0, 0, 155762, 0, 0, 0, 0, 0), -- Bilge Rat Padfoot
(129559, 1, 155800, 0, 0, 0, 0, 0, 0, 0, 0), -- Cutwater Duelist
(129548, 1, 155756, 0, 0, 0, 0, 0, 0, 0, 0), -- Blacktooth Brute
(129526, 1, 3362, 0, 0, 0, 0, 0, 0, 0, 0), -- Bilge Rat Swabby
(127111, 1, 160315, 0, 0, 0, 0, 0, 0, 0, 0), -- Irontide Oarsman
(126845, 1, 155803, 0, 0, 0, 0, 0, 0, 0, 0), -- Captain Jolly
(126919, 1, 155672, 0, 0, 0, 0, 0, 0, 0, 0), -- Irontide Stormcaller
(129602, 1, 155673, 0, 0, 0, 0, 0, 0, 0, 0), -- Irontide Enforcer
(129788, 1, 155759, 0, 0, 0, 0, 0, 0, 0, 0), -- Irontide Bonesaw
(129732, 1, 155675, 0, 0, 0, 0, 0, 0, 0, 0), -- Skycap'n Kragg
(126918, 1, 0, 0, 0, 0, 0, 0, 155670, 0, 0), -- Irontide Crackshot
(126928, 1, 851, 0, 0, 0, 0, 0, 0, 0, 0); -- Irontide Corsair

-- Creature Model Info
DELETE FROM `creature_model_info` WHERE `DisplayID` IN (87867, 87801, 87698, 87811, 87804, 87859, 87861, 87834, 87827, 87808, 87810, 87832, 87829, 87830, 87807, 88051, 87805, 87803, 87806, 75910, 80606, 80613, 81286, 80940, 80547, 80548, 81295, 80792, 81508, 80779, 80841, 81208, 80346, 81060, 81402, 85954, 85960, 83290, 81403, 81400, 87975, 81279, 81424, 87973, 81280, 80532, 88576, 88578, 88571, 88577, 88574, 80438, 81224, 81255, 80382, 81254, 88575, 81253);
INSERT INTO `creature_model_info` (`DisplayID`, `BoundingRadius`, `CombatReach`, `DisplayID_Other_Gender`, `VerifiedBuild`) VALUES
(87867, 0.20332, 1.46625, 0, 28153),
(87801, 0.347222, 1.5, 0, 28153),
(87698, 0.306, 1.5, 0, 28153),
(87811, 0.306, 1.5, 0, 28153),
(87804, 1, 1.5, 0, 28153),
(87859, 0.30294, 1.485, 0, 28153),
(87861, 0.30294, 1.485, 0, 28153),
(87834, 0.306, 1.5, 0, 28153),
(87827, 0.306, 1.5, 0, 28153),
(87808, 0.3519, 1.725, 0, 28153),
(87810, 0.389, 1.5, 0, 28153),
(87832, 0.306, 1.5, 0, 28153),
(87829, 0.306, 1.5, 0, 28153),
(87830, 0.306, 1.5, 0, 28153),
(87807, 0.3519, 1.725, 0, 28153),
(88051, 0.208, 1.5, 0, 28153),
(87805, 0.306, 1.5, 0, 28153),
(87803, 0.208, 1.5, 0, 28153),
(87806, 0.347222, 1.5, 0, 28153),
(75910, 0.306, 1.5, 0, 28153),
(80606, 0.5, 1, 0, 28153),
(80613, 0.5, 1, 0, 28153),
(81286, 0.4513886, 1.95, 0, 28153),
(80940, 1.335313, 1.65, 0, 28153),
(80547, 0.306, 1.5, 0, 28153),
(80548, 0.306, 1.5, 0, 28153),
(81295, 0.7592692, 1.65, 0, 28153),
(80792, 2.281214, 3, 0, 28153),
(81508, 0.208, 1.5, 0, 28153),
(80779, 2.502509, 4.8, 0, 28153),
(80841, 0.654227, 2.625, 0, 28153),
(81208, 0.6902447, 1.5, 0, 28153),
(80346, 0.3918154, 1.65, 0, 28153),
(81060, 0.8628059, 1.875, 0, 28153),
(81402, 0.7656397, 2, 0, 28153),
(85954, 0.6807903, 0, 0, 28153),
(85960, 0.5809336, 0, 0, 28153),
(83290, 0.5, 1, 0, 28153),
(81403, 0.7656397, 2, 0, 28153),
(81400, 0.7656397, 2, 0, 28153),
(87975, 0.306, 1.5, 0, 28153),
(81279, 0.6902447, 1.5, 0, 28153),
(81424, 1.335313, 1.65, 0, 28153),
(87973, 0.306, 1.5, 0, 28153),
(81280, 0.6902447, 1.5, 0, 28153),
(80532, 0.3672, 1.8, 0, 28153),
(88576, 0.8973181, 1.95, 0, 28153),
(88578, 0.8973181, 1.95, 0, 28153),
(88571, 0.9084342, 1.5, 0, 28153),
(88577, 0.8973181, 1.95, 0, 28153),
(88574, 0.3825, 1.875, 0, 28153),
(80438, 4.161861, 4, 0, 28153),
(81224, 0.8973181, 1.95, 0, 28153),
(81255, 0.3825, 1.875, 0, 28153),
(80382, 0.465, 1.875, 0, 28153),
(81254, 0.3825, 1.875, 0, 28153),
(88575, 0.3825, 1.875, 0, 28153),
(81253, 0.26, 1.875, 0, 28153);

-- Creature Template Scaling
DELETE FROM `creature_template_scaling` WHERE `Entry` IN (123633, 143500, 143056, 137300, 142995, 124725, 142685, 123635, 142700, 124695, 135064, 142998, 124180, 124181, 140552, 143496, 143264, 143267, 143008, 142997, 143268, 143265, 143266, 143007, 135618, 135681, 135614, 90910, 138704, 140472, 135612, 129479, 140473, 143004, 142993, 135446, 143005, 135808, 143709, 139522, 122370, 120788, 120599, 121235, 132238, 129747, 131092, 129448, 126969, 129359, 138463, 127106, 130850, 130090, 129350, 130099, 129352, 130172, 130086, 129699, 119965, 130157, 136539, 130012, 129645, 129673, 130400, 129601, 126983, 129529, 129599, 129600, 126848, 126847, 138705, 138718, 134021, 126841, 62982, 126832, 130024, 130404, 129527, 130011, 130521, 19668, 129547, 129550, 130522, 127124, 129559, 129548, 129092, 129526, 127111, 127119, 143774, 43499, 126845, 126919, 126519, 130689, 129598, 129743, 126497, 129602, 129788, 129732, 128551, 126918, 126928);
INSERT INTO `creature_template_scaling` (`Entry`, `LevelScalingMin`, `LevelScalingMax`, `LevelScalingDeltaMin`, `LevelScalingDeltaMax`, `VerifiedBuild`) VALUES
(123633, 0, 0, 0, 0, 28153),
(143500, 120, 120, 0, 0, 28153),
(143056, 0, 0, 0, 0, 28153),
(137300, 0, 0, 0, 0, 28153),
(142995, 120, 120, 0, 0, 28153),
(124725, 0, 0, 0, 0, 28153),
(142685, 120, 120, 0, 0, 28153),
(123635, 0, 0, 0, 0, 28153),
(142700, 120, 120, 0, 0, 28153),
(124695, 0, 0, 0, 0, 28153),
(135064, 0, 0, 0, 0, 28153),
(142998, 120, 120, 0, 0, 28153),
(124180, 0, 0, 0, 0, 28153),
(124181, 0, 0, 0, 0, 28153),
(140552, 0, 0, 0, 0, 28153),
(143496, 120, 120, 0, 0, 28153),
(143264, 120, 120, 0, 0, 28153),
(143267, 120, 120, 0, 0, 28153),
(143008, 120, 120, 0, 0, 28153),
(142997, 120, 120, 0, 0, 28153),
(143268, 120, 120, 0, 0, 28153),
(143265, 120, 120, 0, 0, 28153),
(143266, 120, 120, 0, 0, 28153),
(143007, 120, 120, 0, 0, 28153),
(135618, 0, 0, 0, 0, 28153),
(135681, 0, 0, 0, 0, 28153),
(135614, 0, 0, 0, 0, 28153),
(90910, 0, 0, 0, 0, 28153),
(138704, 0, 0, 0, 0, 28153),
(140472, 0, 0, 0, 0, 28153),
(135612, 0, 0, 0, 0, 28153),
(129479, 0, 0, 0, 0, 28153),
(140473, 0, 0, 0, 0, 28153),
(143004, 120, 120, 0, 0, 28153),
(142993, 120, 120, 0, 0, 28153),
(135446, 0, 0, 0, 0, 28153),
(143005, 120, 120, 0, 0, 28153),
(135808, 0, 0, 0, 0, 28153),
(143709, 0, 0, 0, 0, 28153),
(139522, 0, 0, 0, 0, 28153),
(122370, 0, 0, 0, 0, 28153),
(120788, 0, 0, 0, 0, 28153),
(120599, 0, 0, 0, 0, 28153),
(121235, 0, 0, 0, 0, 28153),
(132238, 0, 0, 0, 0, 28153),
(129747, 110, 120, 2, 2, 28153),
(131092, 0, 0, 0, 0, 28153),
(129448, 110, 120, 2, 2, 28153),
(126969, 110, 120, 2, 2, 28153),
(129359, 110, 120, 2, 2, 28153),
(138463, 110, 120, 0, 0, 28153),
(127106, 110, 120, 1, 1, 28153),
(130850, 110, 120, 2, 2, 28153),
(130090, 110, 120, 0, 0, 28153),
(129350, 0, 0, 0, 0, 28153),
(130099, 110, 120, 0, 0, 28153),
(129352, 0, 0, 0, 0, 28153),
(130172, 110, 120, 1, 1, 28153),
(130086, 110, 120, 0, 0, 28153),
(129699, 110, 120, 0, 0, 28153),
(119965, 0, 0, 0, 0, 28153),
(130157, 0, 0, 0, 0, 28153),
(136539, 110, 120, 0, 0, 28153),
(130012, 110, 120, 0, 0, 28153),
(129645, 110, 120, 1, 1, 28153),
(129673, 110, 120, 1, 1, 28153),
(130400, 110, 120, 1, 1, 28153),
(129601, 110, 120, 0, 0, 28153),
(126983, 110, 120, 2, 2, 28153),
(129529, 110, 120, 0, 0, 28153),
(129599, 110, 120, 0, 0, 28153),
(129600, 110, 120, 0, 0, 28153),
(126848, 110, 120, 2, 2, 28153),
(126847, 110, 120, 2, 2, 28153),
(138705, 110, 120, 0, 0, 28153),
(138718, 110, 120, 0, 0, 28153),
(134021, 0, 0, 0, 0, 28153),
(126841, 110, 120, 2, 2, 28153),
(62982, 0, 0, 0, 0, 28153),
(126832, 110, 120, 2, 2, 28153),
(130024, 110, 120, 0, 0, 28153),
(130404, 110, 120, 0, 0, 28153),
(129527, 110, 120, 0, 0, 28153),
(130011, 110, 120, 0, 0, 28153),
(130521, 110, 120, 0, 0, 28153),
(19668, 0, 0, 0, 0, 28153),
(129547, 110, 120, 0, 0, 28153),
(129550, 110, 120, 0, 0, 28153),
(130522, 110, 120, 0, 0, 28153),
(127124, 110, 120, 0, 0, 28153),
(129559, 110, 120, 0, 0, 28153),
(129548, 110, 120, 0, 0, 28153),
(129092, 0, 0, 0, 0, 28153),
(129526, 110, 120, 0, 0, 28153),
(127111, 110, 120, 0, 0, 28153),
(127119, 110, 120, 0, 0, 28153),
(143774, 1, 121, 0, 0, 28153),
(43499, 0, 0, 0, 0, 28153),
(126845, 110, 120, 2, 2, 28153),
(126919, 110, 120, 0, 0, 28153),
(126519, 0, 0, 0, 0, 28153),
(130689, 0, 0, 0, 0, 28153),
(129598, 110, 120, 0, 0, 28153),
(129743, 110, 120, 2, 2, 28153),
(126497, 0, 0, 0, 0, 28153),
(129602, 110, 120, 1, 1, 28153),
(129788, 110, 120, 0, 0, 28153),
(129732, 110, 120, 2, 2, 28153),
(128551, 110, 120, 0, 0, 28153),
(126918, 110, 120, 0, 0, 28153),
(126928, 110, 120, 0, 0, 28153);

-- Creature Template Addon
DELETE FROM `creature_template_addon` WHERE `entry` IN (143500 /*143500*/, 142995 /*142995*/, 142685 /*142685*/, 142700 /*142700*/, 142998 /*142998*/, 143496 /*143496*/, 143264 /*143264*/, 143267 /*143267*/, 143008 /*143008*/, 142997 /*142997*/, 143268 /*143268 - -Unknown-*/, 143265 /*143265*/, 143266 /*143266*/, 143007 /*143007*/, 90910 /*90910 (Blooming Tree)*/, 143004 /*143004*/, 142993 /*142993*/, 143005 /*143005*/, 132238 /*132238 (Flynn Fairwind)*/, 129747 /*129747 (Swiftwind Saber) - -Unknown-*/, 129448 /*129448 (Hammer Shark) - -Unknown-*/, 126969 /*126969 (Trothak)*/, 129359 /*129359 (Sawtooth Shark) - -Unknown-*/, 138463 /*138463 (Whirlpool of Blades) - -Unknown-*/, 127106 /*127106 (Irontide Officer) - -Unknown-*/, 130850 /*130850 (Irontide Cannon)*/, 130090 /*130090 (Gukguk "The Motivator") - -Unknown-*/, 129350 /*129350 (Gurgthock)*/, 130099 /*130099 (Lightning) - -Unknown-*/, 129352 /*129352 (Wodin the Troll-Servant)*/, 130172 /*130172 (Ken "the Pig Thrower")*/, 130086 /*130086 (Davey "Two Eyes")*/, 129699 /*129699 (Ludwig Von Tortollan) - -Unknown-*/, 119965 /*119965 (Doom Guard LT Stalker)*/, 130157 /*130157 (Shell Target)*/, 136539 /*136539 (Booty Fanatic) - -Unknown-*/, 130012 /*130012 (Irontide Ravager) - -Unknown-*/, 129645 /*129645 (Gryff)*/, 129673 /*129673 (Stevin) - -Unknown-*/, 130400 /*130400 (Irontide Crusher) - -Unknown-*/, 129601 /*129601 (Cutwater Harpooner) - -Unknown-*/, 126983 /*126983 (Harlan Sweete) - -Unknown-*/, 129529 /*129529 (Blacktooth Scrapper) - -Unknown-*/, 129599 /*129599 (Cutwater Knife Juggler) - -Unknown-*/, 129600 /*129600 (Bilge Rat Brinescale) - -Unknown-, -Unknown-*/, 126848 /*126848 (Captain Eudora) - -Unknown-*/, 126847 /*126847 (Captain Raoul) - -Unknown-*/, 138705 /*138705 (Gourmet Parrot Chow)*/, 138718 /*138718 (Sharkbait's Empty Dish)*/, 134021 /*134021 (Revitalizing Brew) - -Unknown-*/, 126841 /*126841 (Sharkbait)*/, 62982 /*62982 - -Unknown-*/, 126832 /*126832 (Skycap'n Kragg)*/, 130024 /*130024 (Soggy Shiprat) - -Unknown-*/, 130404 /*130404 (Vermin Trapper) - -Unknown-*/, 129527 /*129527 (Bilge Rat Buccaneer) - -Unknown-*/, 130011 /*130011 (Irontide Buccaneer) - -Unknown-, -Unknown-*/, 130521 /*130521 (Freehold Deckhand) - -Unknown-*/, 129547 /*129547 (Blacktooth Knuckleduster) - -Unknown-*/, 129550 /*129550 (Bilge Rat Padfoot) - -Unknown-*/, 130522 /*130522 (Freehold Shipmate) - -Unknown-, -Unknown-*/, 127124 /*127124 (Freehold Barhand) - -Unknown-*/, 129559 /*129559 (Cutwater Duelist) - -Unknown-, -Unknown-, -Unknown-*/, 129548 /*129548 (Blacktooth Brute) - -Unknown-*/, 129526 /*129526 (Bilge Rat Swabby)*/, 127111 /*127111 (Irontide Oarsman) - -Unknown-, -Unknown-*/, 127119 /*127119 (Freehold Deckhand) - -Unknown-, -Unknown-*/, 143774 /*143774 - -Unknown-*/, 43499 /*43499*/, 126845 /*126845 (Captain Jolly) - -Unknown-*/, 126919 /*126919 (Irontide Stormcaller) - -Unknown-*/, 130689 /*130689 (Wandering Mouser)*/, 129598 /*129598 (Freehold Pack Mule)*/, 129743 /*129743 (Sharkbait)*/, 129602 /*129602 (Irontide Enforcer)*/, 129788 /*129788 (Irontide Bonesaw) - -Unknown-*/, 129732 /*129732 (Skycap'n Kragg) - -Unknown-*/, 128551 /*128551 (Irontide Mastiff)*/, 126918 /*126918 (Irontide Crackshot) - -Unknown-*/, 126928 /*126928 (Irontide Corsair) - -Unknown-*/);
INSERT INTO `creature_template_addon` (`entry`, `path_id`, `mount`, `bytes1`, `bytes2`, `emote`, `aiAnimKit`, `movementAnimKit`, `meleeAnimKit`, `auras`) VALUES
(143500, 0, 0, 0, 1, 0, 0, 0, 0, ''), -- 143500
(142995, 0, 0, 0, 1, 0, 0, 0, 0, ''), -- 142995
(142685, 0, 0, 0, 1, 0, 0, 0, 0, ''), -- 142685
(142700, 0, 0, 0, 1, 0, 0, 0, 0, ''), -- 142700
(142998, 0, 0, 0, 1, 0, 0, 0, 0, ''), -- 142998
(143496, 0, 0, 0, 1, 0, 0, 0, 0, ''), -- 143496
(143264, 0, 0, 0, 0, 0, 0, 0, 0, ''), -- 143264
(143267, 0, 0, 0, 0, 0, 0, 0, 0, ''), -- 143267
(143008, 0, 0, 0, 1, 0, 0, 0, 0, ''), -- 143008
(142997, 0, 0, 0, 1, 0, 0, 0, 0, ''), -- 142997
(143268, 0, 0, 0, 0, 0, 0, 0, 0, '10022'), -- 143268 - -Unknown-
(143265, 0, 0, 1, 1, 0, 0, 0, 0, ''), -- 143265
(143266, 0, 0, 0, 0, 0, 0, 0, 0, ''), -- 143266
(143007, 0, 0, 0, 1, 0, 0, 0, 0, ''), -- 143007
(90910, 0, 0, 0, 1, 0, 0, 0, 0, ''), -- 90910 (Blooming Tree)
(143004, 0, 0, 0, 1, 0, 0, 0, 0, ''), -- 143004
(142993, 0, 0, 0, 1, 0, 0, 0, 0, ''), -- 142993
(143005, 0, 0, 0, 1, 0, 0, 0, 0, ''), -- 143005
(132238, 0, 0, 0, 1, 0, 0, 0, 0, ''), -- 132238 (Flynn Fairwind)
(129747, 0, 0, 0, 1, 0, 0, 0, 0, '257269'), -- 129747 (Swiftwind Saber) - -Unknown-
(129448, 0, 0, 0, 1, 0, 0, 0, 0, '256918'), -- 129448 (Hammer Shark) - -Unknown-
(126969, 0, 0, 0, 1, 0, 0, 0, 0, ''), -- 126969 (Trothak)
(129359, 0, 0, 0, 1, 0, 0, 0, 0, '256923'), -- 129359 (Sawtooth Shark) - -Unknown-
(138463, 0, 0, 0, 1, 0, 0, 0, 0, '272377'), -- 138463 (Whirlpool of Blades) - -Unknown-
(127106, 0, 0, 0, 1, 0, 0, 0, 0, '123169'), -- 127106 (Irontide Officer) - -Unknown-
(130850, 0, 0, 50331648, 1, 0, 0, 0, 0, ''), -- 130850 (Irontide Cannon)
(130090, 0, 0, 0, 1, 0, 0, 0, 0, '123169'), -- 130090 (Gukguk "The Motivator") - -Unknown-
(129350, 0, 0, 0, 1, 0, 0, 0, 0, ''), -- 129350 (Gurgthock)
(130099, 0, 0, 0, 1, 0, 0, 0, 0, '123168'), -- 130099 (Lightning) - -Unknown-
(129352, 0, 0, 0, 1, 0, 0, 0, 0, ''), -- 129352 (Wodin the Troll-Servant)
(130172, 0, 0, 0, 1, 0, 0, 0, 0, ''), -- 130172 (Ken "the Pig Thrower")
(130086, 0, 0, 0, 1, 0, 0, 0, 0, ''), -- 130086 (Davey "Two Eyes")
(129699, 0, 0, 0, 1, 0, 0, 0, 0, '257086'), -- 129699 (Ludwig Von Tortollan) - -Unknown-
(119965, 0, 0, 0, 1, 0, 0, 0, 0, ''), -- 119965 (Doom Guard LT Stalker)
(130157, 0, 0, 0, 1, 0, 0, 0, 0, ''), -- 130157 (Shell Target)
(136539, 0, 0, 0, 1, 0, 0, 0, 0, '123169'), -- 136539 (Booty Fanatic) - -Unknown-
(130012, 0, 0, 0, 1, 0, 0, 0, 0, '123169'), -- 130012 (Irontide Ravager) - -Unknown-
(129645, 0, 0, 0, 1, 0, 0, 0, 0, ''), -- 129645 (Gryff)
(129673, 0, 0, 33554432, 1, 0, 0, 0, 0, '46598'), -- 129673 (Stevin) - -Unknown-
(130400, 0, 0, 0, 1, 0, 0, 0, 0, '258160'), -- 130400 (Irontide Crusher) - -Unknown-
(129601, 0, 0, 0, 1, 0, 0, 0, 0, '123169'), -- 129601 (Cutwater Harpooner) - -Unknown-
(126983, 0, 0, 0, 1, 0, 0, 0, 0, '42459'), -- 126983 (Harlan Sweete) - -Unknown-
(129529, 0, 0, 0, 1, 0, 0, 0, 0, '123169'), -- 129529 (Blacktooth Scrapper) - -Unknown-
(129599, 0, 0, 0, 1, 0, 0, 0, 0, '123169'), -- 129599 (Cutwater Knife Juggler) - -Unknown-
(129600, 0, 0, 0, 1, 0, 0, 0, 0, '123169 159549'), -- 129600 (Bilge Rat Brinescale) - -Unknown-, -Unknown-
(126848, 0, 0, 0, 2, 0, 0, 0, 0, '257821'), -- 126848 (Captain Eudora) - -Unknown-
(126847, 0, 0, 0, 1, 0, 0, 0, 0, '257821'), -- 126847 (Captain Raoul) - -Unknown-
(138705, 0, 0, 0, 1, 0, 0, 0, 0, ''), -- 138705 (Gourmet Parrot Chow)
(138718, 0, 0, 0, 1, 0, 0, 0, 0, ''), -- 138718 (Sharkbait's Empty Dish)
(134021, 0, 0, 0, 1, 0, 0, 0, 0, '263296'), -- 134021 (Revitalizing Brew) - -Unknown-
(126841, 0, 0, 50331648, 1, 0, 0, 0, 0, ''), -- 126841 (Sharkbait)
(62982, 0, 0, 0, 1, 0, 0, 0, 0, '34429'), -- 62982 - -Unknown-
(126832, 0, 0, 0, 1, 0, 0, 0, 0, ''), -- 126832 (Skycap'n Kragg)
(130024, 0, 0, 0, 1, 0, 0, 0, 0, '123169'), -- 130024 (Soggy Shiprat) - -Unknown-
(130404, 0, 0, 0, 1, 0, 0, 0, 0, '123169'), -- 130404 (Vermin Trapper) - -Unknown-
(129527, 0, 0, 0, 1, 0, 0, 0, 0, '123169'), -- 129527 (Bilge Rat Buccaneer) - -Unknown-
(130011, 0, 0, 0, 0, 0, 0, 0, 0, '123169 42459'), -- 130011 (Irontide Buccaneer) - -Unknown-, -Unknown-
(130521, 0, 0, 0, 1, 0, 0, 0, 0, '255756'), -- 130521 (Freehold Deckhand) - -Unknown-
(129547, 0, 0, 0, 1, 0, 0, 0, 0, '123169'), -- 129547 (Blacktooth Knuckleduster) - -Unknown-
(129550, 0, 0, 0, 1, 0, 0, 0, 0, '123169'), -- 129550 (Bilge Rat Padfoot) - -Unknown-
(130522, 0, 0, 0, 1, 0, 0, 0, 0, '244807 252300'), -- 130522 (Freehold Shipmate) - -Unknown-, -Unknown-
(127124, 0, 0, 0, 1, 0, 0, 0, 0, '123169'), -- 127124 (Freehold Barhand) - -Unknown-
(129559, 0, 0, 0, 1, 0, 0, 0, 0, '123169 256013 251820'), -- 129559 (Cutwater Duelist) - -Unknown-, -Unknown-, -Unknown-
(129548, 0, 0, 0, 1, 0, 0, 0, 0, '123169'), -- 129548 (Blacktooth Brute) - -Unknown-
(129526, 0, 0, 0, 0, 0, 0, 0, 0, ''), -- 129526 (Bilge Rat Swabby)
(127111, 0, 0, 0, 1, 0, 0, 0, 0, '123169 251853'), -- 127111 (Irontide Oarsman) - -Unknown-, -Unknown-
(127119, 0, 0, 0, 1, 0, 0, 0, 0, '123169 252300'), -- 127119 (Freehold Deckhand) - -Unknown-, -Unknown-
(143774, 0, 0, 0, 1, 0, 0, 0, 0, '280279'), -- 143774 - -Unknown-
(43499, 0, 0, 0, 1, 0, 0, 0, 0, ''), -- 43499
(126845, 0, 0, 0, 1, 0, 0, 0, 0, '257821'), -- 126845 (Captain Jolly) - -Unknown-
(126919, 0, 0, 0, 1, 0, 0, 0, 0, '123169'), -- 126919 (Irontide Stormcaller) - -Unknown-
(130689, 0, 0, 0, 1, 0, 0, 0, 0, ''), -- 130689 (Wandering Mouser)
(129598, 0, 0, 0, 1, 0, 0, 0, 0, ''), -- 129598 (Freehold Pack Mule)
(129743, 0, 0, 50331648, 1, 0, 0, 0, 0, ''), -- 129743 (Sharkbait)
(129602, 0, 0, 0, 1, 0, 0, 0, 0, ''), -- 129602 (Irontide Enforcer)
(129788, 0, 0, 0, 1, 0, 0, 0, 0, '123169'), -- 129788 (Irontide Bonesaw) - -Unknown-
(129732, 0, 0, 0, 1, 0, 0, 0, 0, '46598'), -- 129732 (Skycap'n Kragg) - -Unknown-
(128551, 0, 0, 0, 1, 0, 0, 0, 0, ''), -- 128551 (Irontide Mastiff)
(126918, 0, 0, 0, 2, 0, 0, 0, 0, '123169'), -- 126918 (Irontide Crackshot) - -Unknown-
(126928, 0, 0, 0, 1, 0, 0, 0, 0, '123169'); -- 126928 (Irontide Corsair) - -Unknown-

-- quest poi
DELETE FROM `quest_poi` WHERE (`QuestID`=51021 AND `BlobIndex`=0 AND `Idx1`=1) OR (`QuestID`=51021 AND `BlobIndex`=0 AND `Idx1`=0);
INSERT INTO `quest_poi` (`QuestID`, `BlobIndex`, `Idx1`, `ObjectiveIndex`, `QuestObjectiveID`, `QuestObjectID`, `MapID`, `UiMapID`, `Priority`, `Flags`, `WorldEffectID`, `PlayerConditionID`, `SpawnTrackingID`, `AlwaysAllowMergingBlobs`, `VerifiedBuild`) VALUES
(51021, 0, 1, 32, 0, 0, 1643, 1161, 0, 0, 0, 0, 1587770, 0, 28153), -- -Unknown-
(51021, 0, 0, -1, 0, 0, 1643, 1161, 0, 0, 0, 0, 1587770, 0, 28153); -- -Unknown-

-- quest poi points
DELETE FROM `quest_poi_points` WHERE (`QuestID`=51021 AND `Idx1`=1 AND `Idx2`=0) OR (`QuestID`=51021 AND `Idx1`=0 AND `Idx2`=0);
INSERT INTO `quest_poi_points` (`QuestID`, `Idx1`, `Idx2`, `X`, `Y`, `VerifiedBuild`) VALUES
(51021, 1, 0, 1198, -580, 28153), -- -Unknown-
(51021, 0, 0, 1198, -580, 28153); -- -Unknown-

-- conversation actor template
DELETE FROM `conversation_actor_template` WHERE `Id`=130081;
INSERT INTO `conversation_actor_template` (`Id`, `CreatureId`, `CreatureModelId`, `VerifiedBuild`) VALUES
(130081, 76222, 0, 28153);

-- conversation line template
DELETE FROM `conversation_line_template` WHERE `Id` IN (16688, 16687, 16686, 14470, 14469, 14327, 14326, 14325, 14324, 14323, 14322, 21773, 21772, 21771, 21813, 21812, 21811, 14329, 14328);
INSERT INTO `conversation_line_template` (`Id`, `StartTime`, `UiCameraID`, `ActorIdx`, `Flags`, `VerifiedBuild`) VALUES
(16688, 18875, 82, 0, 0, 28153),
(16687, 9885, 82, 0, 0, 28153),
(16686, 0, 82, 0, 0, 28153),
(14470, 4018, 192, 0, 0, 28153),
(14469, 0, 192, 0, 0, 28153),
(14327, 42994, 192, 1, 0, 28153),
(14326, 32001, 192, 1, 0, 28153),
(14325, 11211, 192, 1, 0, 28153),
(14324, 8197, 192, 0, 0, 28153),
(14323, 3488, 192, 1, 0, 28153),
(14322, 0, 192, 0, 0, 28153),
(21773, 8634, 192, 2, 0, 28153),
(21772, 4777, 192, 1, 0, 28153),
(21771, 0, 192, 0, 0, 28153),
(21813, 11176, 192, 2, 0, 28153),
(21812, 5568, 192, 1, 0, 28153),
(21811, 0, 192, 0, 0, 28153),
(14329, 6977, 192, 0, 0, 28153),
(14328, 0, 192, 0, 0, 28153);

-- conversation template
DELETE FROM `conversation_template` WHERE `Id` IN (6364, 6363, 9595, 9575, 7307, 6422);
INSERT INTO `conversation_template` (`Id`, `FirstLineID`, `LastLineEndTime`, `TextureKitId`, `VerifiedBuild`) VALUES
(6364, 14328, 24415, 0, 28153),
(6363, 14322, 50346, 0, 28153),
(9595, 21811, 15389, 0, 28153),
(9575, 21771, 12330, 0, 28153),
(7307, 16686, 29206, 0, 28153),
(6422, 14469, 8004, 0, 28153);

-- gameobject template addon
DELETE FROM `gameobject_template_addon` WHERE `entry` IN (288636 /*Council's Tribute*/, 278291 /*Outlaw Cage*/);
INSERT INTO `gameobject_template_addon` (`entry`, `faction`, `flags`) VALUES
(288636, 94, 2113568), -- Council's Tribute
(278291, 0, 32); -- Outlaw Cage

-- areatrigger template
DELETE FROM `areatrigger_template` WHERE `Id` IN (16728, 16715, 16776, 18182, 18148, 18327, 16608, 16712);
INSERT INTO `areatrigger_template` (`Id`, `Type`, `Flags`, `Data0`, `Data1`, `Data2`, `Data3`, `Data4`, `Data5`, `VerifiedBuild`) VALUES
(16728, 0, 0, 5, 5, 0, 0, 0, 0, 28153),
(16715, 4, 4, 2, 2, 100, 100, 50, 50, 28153),
(16776, 0, 0, 2, 2, 0, 0, 0, 0, 28153),
(18182, 4, 0, 6, 6, 10, 10, 0.3, 0.3, 28153),
(18148, 0, 4, 5, 5, 0, 0, 0, 0, 28153),
(18327, 0, 0, 4, 4, 0, 0, 0, 0, 28153),
(16608, 0, 2, 5, 5, 0, 0, 0, 0, 28153),
(16712, 0, 2, 5, 5, 0, 0, 0, 0, 28153);

-- creature loot template
delete from creature_loot_template where entry in (119965,
126497,
126519,
126832,
126841,
126845,
126847,
126848,
126918,
126919,
126928,
126983,
127019,
127106,
127111,
127119,
127124,
128551,
129350,
129352,
129526,
129527,
129529,
129547,
129548,
129550,
129559,
129598,
129599,
129600,
129601,
129602,
129699,
129732,
129743,
129788,
130011,
130012,
130024,
130086,
130090,
130099,
130157,
130172,
130400,
130404,
130521,
130522,
130689,
130850,
131092,
132238,
136539,
138705,
138718,
143774);

INSERT INTO `creature_loot_template`(`Entry`, `Item`, `Reference`, `Chance`, `QuestRequired`, `LootMode`, `GroupId`, `MinCount`, `MaxCount`, `Comment`) VALUES 
(126832, 139299, 0, 0.001, 0, 1, 0, 1, 1, NULL),
(126832, 155862, 0, 2.66, 0, 1, 0, 1, 1, NULL),
(126832, 155884, 0, 10.89, 0, 1, 0, 1, 1, NULL),
(126832, 158360, 0, 1.723, 0, 1, 0, 1, 1, NULL),
(126832, 159158, 0, 0.158, 0, 1, 0, 1, 1, NULL),
(126832, 159161, 0, 0.038, 0, 1, 0, 1, 1, NULL),
(126832, 159162, 0, 0.156, 0, 1, 0, 1, 1, NULL),
(126832, 159163, 0, 0.065, 0, 1, 0, 1, 1, NULL),
(126832, 159164, 0, 0.099, 0, 1, 0, 1, 1, NULL),
(126832, 159166, 0, 0.249, 0, 1, 0, 1, 1, NULL),
(126832, 159167, 0, 0.111, 0, 1, 0, 1, 1, NULL),
(126832, 159168, 0, 0.015, 0, 1, 0, 1, 1, NULL),
(126832, 159171, 0, 0.105, 0, 1, 0, 1, 1, NULL),
(126832, 159172, 0, 0.119, 0, 1, 0, 1, 1, NULL),
(126832, 159173, 0, 0.315, 0, 1, 0, 1, 1, NULL),
(126832, 159174, 0, 0.164, 0, 1, 0, 1, 1, NULL),
(126832, 159184, 0, 0.263, 0, 1, 0, 1, 1, NULL),
(126832, 159185, 0, 0.246, 0, 1, 0, 1, 1, NULL),
(126832, 159186, 0, 0.215, 0, 1, 0, 1, 1, NULL),
(126832, 159187, 0, 0.215, 0, 1, 0, 1, 1, NULL),
(126832, 159188, 0, 0.255, 0, 1, 0, 1, 1, NULL),
(126832, 159189, 0, 0.134, 0, 1, 0, 1, 1, NULL),
(126832, 159227, 0, 2.445, 0, 1, 0, 1, 1, NULL),
(126832, 159228, 0, 0.2, 0, 1, 0, 1, 1, NULL),
(126832, 159229, 0, 0.168, 0, 1, 0, 1, 1, NULL),
(126832, 159230, 0, 0.353, 0, 1, 0, 1, 1, NULL),
(126832, 159353, 0, 2.029, 0, 1, 0, 1, 1, NULL),
(126832, 159473, 0, 0.021, 0, 1, 0, 1, 1, NULL),
(126832, 159474, 0, 0.026, 0, 1, 0, 1, 1, NULL),
(126832, 159475, 0, 0.037, 0, 1, 0, 1, 1, NULL),
(126832, 159493, 0, 0.021, 0, 1, 0, 1, 1, NULL),
(126832, 159497, 0, 0.168, 0, 1, 0, 1, 1, NULL),
(126832, 159502, 0, 0.057, 0, 1, 0, 1, 1, NULL),
(126832, 159504, 0, 0.007, 0, 1, 0, 1, 1, NULL),
(126832, 159511, 0, 0.008, 0, 1, 0, 1, 1, NULL),
(126832, 159519, 0, 0.008, 0, 1, 0, 1, 1, NULL),
(126832, 159520, 0, 0.008, 0, 1, 0, 1, 1, NULL),
(126832, 159521, 0, 0.015, 0, 1, 0, 1, 1, NULL),
(126832, 159522, 0, 0.03, 0, 1, 0, 1, 1, NULL),
(126832, 159523, 0, 0.057, 0, 1, 0, 1, 1, NULL),
(126832, 159524, 0, 0.057, 0, 1, 0, 1, 1, NULL),
(126832, 159525, 0, 0.18, 0, 1, 0, 1, 1, NULL),
(126832, 159537, 0, 0.159, 0, 1, 0, 1, 1, NULL),
(126832, 159539, 0, 0.071, 0, 1, 0, 1, 1, NULL),
(126832, 159540, 0, 0.042, 0, 1, 0, 1, 1, NULL),
(126832, 159551, 0, 0.023, 0, 1, 0, 1, 1, NULL),
(126832, 159564, 0, 0.015, 0, 1, 0, 1, 1, NULL),
(126832, 159566, 0, 0.015, 0, 1, 0, 1, 1, NULL),
(126832, 159568, 0, 0.009, 0, 1, 0, 1, 1, NULL),
(126832, 159569, 0, 0.008, 0, 1, 0, 1, 1, NULL),
(126832, 159571, 0, 0.041, 0, 1, 0, 1, 1, NULL),
(126832, 159584, 0, 0.027, 0, 1, 0, 1, 1, NULL),
(126832, 159585, 0, 0.03, 0, 1, 0, 1, 1, NULL),
(126832, 159587, 0, 0.023, 0, 1, 0, 1, 1, NULL),
(126832, 159589, 0, 0.008, 0, 1, 0, 1, 1, NULL),
(126832, 159593, 0, 0.045, 0, 1, 0, 1, 1, NULL),
(126832, 159604, 0, 0.081, 0, 1, 0, 1, 1, NULL),
(126832, 159633, 0, 0.294, 0, 1, 0, 1, 1, NULL),
(126832, 159797, 0, 0.038, 0, 1, 0, 1, 1, NULL),
(126832, 159802, 0, 0.008, 0, 1, 0, 1, 1, NULL),
(126832, 159803, 0, 0.053, 0, 1, 0, 1, 1, NULL),
(126832, 159805, 0, 0.008, 0, 1, 0, 1, 1, NULL),
(126832, 159806, 0, 0.023, 0, 1, 0, 1, 1, NULL),
(126832, 159818, 0, 0.023, 0, 1, 0, 1, 1, NULL),
(126832, 159820, 0, 0.482, 0, 1, 0, 1, 1, NULL),
(126832, 163959, 0, 0.008, 0, 1, 0, 1, 1, NULL),
(126918, 152576, 0, 47.598, 0, 1, 0, 1, 3, NULL),
(126918, 152577, 0, 6.713, 0, 1, 0, 1, 1, NULL),
(126918, 154771, 0, 0.402, 0, 1, 0, 1, 1, NULL),
(126918, 154772, 0, 0.616, 0, 1, 0, 1, 1, NULL),
(126918, 154773, 0, 0.043, 0, 1, 0, 1, 1, NULL),
(126918, 154774, 0, 0.805, 0, 1, 0, 1, 1, NULL),
(126918, 154775, 0, 0.642, 0, 1, 0, 1, 1, NULL),
(126918, 154776, 0, 0.171, 0, 1, 0, 1, 1, NULL),
(126918, 154777, 0, 0.128, 0, 1, 0, 1, 1, NULL),
(126918, 154778, 0, 0.317, 0, 1, 0, 1, 1, NULL),
(126918, 154779, 0, 0.762, 0, 1, 0, 1, 1, NULL),
(126918, 154780, 0, 0.582, 0, 1, 0, 1, 1, NULL),
(126918, 154781, 0, 0.128, 0, 1, 0, 1, 1, NULL),
(126918, 154782, 0, 0.462, 0, 1, 0, 1, 1, NULL),
(126918, 154784, 0, 0.565, 0, 1, 0, 1, 1, NULL),
(126918, 154785, 0, 0.086, 0, 1, 0, 1, 1, NULL),
(126918, 154786, 0, 0.043, 0, 1, 0, 1, 1, NULL),
(126918, 154787, 0, 0.086, 0, 1, 0, 1, 1, NULL),
(126918, 154788, 0, 0.214, 0, 1, 0, 1, 1, NULL),
(126918, 154789, 0, 0.086, 0, 1, 0, 1, 1, NULL),
(126918, 154790, 0, 0.171, 0, 1, 0, 1, 1, NULL),
(126918, 154791, 0, 0.163, 0, 1, 0, 1, 1, NULL),
(126918, 154792, 0, 0.351, 0, 1, 0, 1, 1, NULL),
(126918, 154793, 0, 0.086, 0, 1, 0, 1, 1, NULL),
(126918, 154794, 0, 0.548, 0, 1, 0, 1, 1, NULL),
(126918, 154795, 0, 1.049, 0, 1, 0, 1, 1, NULL),
(126918, 154796, 0, 1.13, 0, 1, 0, 1, 1, NULL),
(126918, 154798, 0, 0.616, 0, 1, 0, 1, 1, NULL),
(126918, 154800, 0, 1.005, 0, 1, 0, 1, 1, NULL),
(126918, 154801, 0, 0.548, 0, 1, 0, 1, 1, NULL),
(126918, 154802, 0, 0.745, 0, 1, 0, 1, 1, NULL),
(126918, 154803, 0, 1.053, 0, 1, 0, 1, 1, NULL),
(126918, 154804, 0, 1.259, 0, 1, 0, 1, 1, NULL),
(126918, 154805, 0, 1.121, 0, 1, 0, 1, 1, NULL),
(126918, 159158, 0, 1.584, 0, 1, 0, 1, 1, NULL),
(126918, 159161, 0, 1.832, 0, 1, 0, 1, 1, NULL),
(126918, 159162, 0, 0.873, 0, 1, 0, 1, 1, NULL),
(126918, 159163, 0, 0.36, 0, 1, 0, 1, 1, NULL),
(126918, 159164, 0, 0.616, 0, 1, 0, 1, 1, NULL),
(126918, 159166, 0, 0.685, 0, 1, 0, 1, 1, NULL),
(126918, 159167, 0, 0.942, 0, 1, 0, 1, 1, NULL),
(126918, 159168, 0, 0.916, 0, 1, 0, 1, 1, NULL),
(126918, 159171, 0, 0.257, 0, 1, 0, 1, 1, NULL),
(126918, 159172, 0, 1.344, 0, 1, 0, 1, 1, NULL),
(126918, 159173, 0, 0.445, 0, 1, 0, 1, 1, NULL),
(126918, 159174, 0, 0.831, 0, 1, 0, 1, 1, NULL),
(126918, 159184, 0, 0.171, 0, 1, 0, 1, 1, NULL),
(126918, 159185, 0, 0.291, 0, 1, 0, 1, 1, NULL),
(126918, 159186, 0, 0.848, 0, 1, 0, 1, 1, NULL),
(126918, 159187, 0, 0.959, 0, 1, 0, 1, 1, NULL),
(126918, 159188, 0, 0.471, 0, 1, 0, 1, 1, NULL),
(126918, 159189, 0, 0.916, 0, 1, 0, 1, 1, NULL),
(126918, 159228, 0, 0.128, 0, 1, 0, 1, 1, NULL),
(126918, 159229, 0, 0.351, 0, 1, 0, 1, 1, NULL),
(126918, 159230, 0, 1.558, 0, 1, 0, 1, 1, NULL),
(126918, 159473, 0, 0.128, 0, 1, 0, 1, 1, NULL),
(126918, 159474, 0, 0.043, 0, 1, 0, 1, 1, NULL),
(126918, 159475, 0, 0.059, 0, 1, 0, 1, 1, NULL),
(126918, 159493, 0, 0.197, 0, 1, 0, 1, 1, NULL),
(126918, 159494, 0, 0.56, 0, 1, 0, 1, 1, NULL),
(126918, 159497, 0, 3.279, 0, 1, 0, 1, 1, NULL),
(126918, 159501, 0, 0.805, 0, 1, 0, 1, 1, NULL),
(126918, 159502, 0, 0.128, 0, 1, 0, 1, 1, NULL),
(126918, 159504, 0, 0.166, 0, 1, 0, 1, 1, NULL),
(126918, 159509, 0, 0.497, 0, 1, 0, 1, 1, NULL),
(126918, 159511, 0, 0.128, 0, 1, 0, 1, 1, NULL),
(126918, 159519, 0, 0.043, 0, 1, 0, 1, 1, NULL),
(126918, 159520, 0, 0.394, 0, 1, 0, 1, 1, NULL),
(126918, 159521, 0, 0.128, 0, 1, 0, 1, 1, NULL),
(126918, 159522, 0, 0.043, 0, 1, 0, 1, 1, NULL),
(126918, 159524, 0, 0.043, 0, 1, 0, 1, 1, NULL),
(126918, 159525, 0, 0.368, 0, 1, 0, 1, 1, NULL),
(126918, 159537, 0, 0.325, 0, 1, 0, 1, 1, NULL),
(126918, 159539, 0, 0.086, 0, 1, 0, 1, 1, NULL),
(126918, 159540, 0, 0.043, 0, 1, 0, 1, 1, NULL),
(126918, 159551, 0, 0.131, 0, 1, 0, 1, 1, NULL),
(126918, 159560, 0, 0.214, 0, 1, 0, 1, 1, NULL),
(126918, 159564, 0, 0.283, 0, 1, 0, 1, 1, NULL),
(126918, 159569, 0, 0.059, 0, 1, 0, 1, 1, NULL),
(126918, 159571, 0, 0.599, 0, 1, 0, 1, 1, NULL),
(126918, 159585, 0, 0.56, 0, 1, 0, 1, 1, NULL),
(126918, 159589, 0, 0.171, 0, 1, 0, 1, 1, NULL),
(126918, 159593, 0, 0.257, 0, 1, 0, 1, 1, NULL),
(126918, 159604, 0, 0.128, 0, 1, 0, 1, 1, NULL),
(126918, 159605, 0, 0.043, 0, 1, 0, 1, 1, NULL),
(126918, 159797, 0, 0.043, 0, 1, 0, 1, 1, NULL),
(126918, 159799, 0, 0.103, 0, 1, 0, 1, 1, NULL),
(126918, 159800, 0, 0.402, 0, 1, 0, 1, 1, NULL),
(126918, 159802, 0, 0.043, 0, 1, 0, 1, 1, NULL),
(126918, 159803, 0, 0.479, 0, 1, 0, 1, 1, NULL),
(126918, 159805, 0, 1.036, 0, 1, 0, 1, 1, NULL),
(126918, 159806, 0, 0.445, 0, 1, 0, 1, 1, NULL),
(126918, 159818, 0, 0.402, 0, 1, 0, 1, 1, NULL),
(126918, 159820, 0, 0.094, 0, 1, 0, 1, 1, NULL),
(126918, 160924, 0, 0.471, 0, 1, 0, 1, 1, NULL),
(126918, 160925, 0, 0.086, 0, 1, 0, 1, 1, NULL),
(126918, 160926, 0, 0.214, 0, 1, 0, 1, 1, NULL),
(126918, 160928, 0, 0.214, 0, 1, 0, 1, 1, NULL),
(126918, 160929, 0, 0.086, 0, 1, 0, 1, 1, NULL),
(126918, 160930, 0, 0.728, 0, 1, 0, 1, 1, NULL),
(126918, 160931, 0, 0.086, 0, 1, 0, 1, 1, NULL),
(126918, 160933, 0, 0.685, 0, 1, 0, 1, 1, NULL),
(126918, 160934, 0, 0.728, 0, 1, 0, 1, 1, NULL),
(126918, 160935, 0, 0.736, 0, 1, 0, 1, 1, NULL),
(126918, 160936, 0, 0.557, 0, 1, 0, 1, 1, NULL),
(126918, 160937, 0, 0.231, 0, 1, 0, 1, 1, NULL),
(126918, 160938, 0, 0.497, 0, 1, 0, 1, 1, NULL),
(126918, 163902, 0, 0.131, 0, 1, 0, 1, 1, NULL),
(126918, 163910, 0, 0.177, 0, 1, 0, 1, 1, NULL),
(126918, 163933, 0, 0.283, 0, 1, 0, 1, 1, NULL),
(126919, 152576, 0, 52.453, 0, 1, 0, 1, 3, NULL),
(126919, 152577, 0, 5.895, 0, 1, 0, 1, 1, NULL),
(126919, 154770, 0, 1.809, 0, 1, 0, 1, 1, NULL),
(126919, 154771, 0, 0.394, 0, 1, 0, 1, 1, NULL),
(126919, 154772, 0, 0.106, 0, 1, 0, 1, 1, NULL),
(126919, 154773, 0, 0.5, 0, 1, 0, 1, 1, NULL),
(126919, 154774, 0, 0.106, 0, 1, 0, 1, 1, NULL),
(126919, 154775, 0, 0.106, 0, 1, 0, 1, 1, NULL),
(126919, 154776, 0, 0.213, 0, 1, 0, 1, 1, NULL),
(126919, 154777, 0, 0.553, 0, 1, 0, 1, 1, NULL),
(126919, 154778, 0, 0.266, 0, 1, 0, 1, 1, NULL),
(126919, 154780, 0, 0.053, 0, 1, 0, 1, 1, NULL),
(126919, 154781, 0, 0.639, 0, 1, 0, 1, 1, NULL),
(126919, 154782, 0, 0.16, 0, 1, 0, 1, 1, NULL),
(126919, 154783, 0, 1.224, 0, 1, 0, 1, 1, NULL),
(126919, 154784, 0, 1, 0, 1, 0, 1, 1, NULL),
(126919, 154785, 0, 0.372, 0, 1, 0, 1, 1, NULL),
(126919, 154786, 0, 0.106, 0, 1, 0, 1, 1, NULL),
(126919, 154787, 0, 0.915, 0, 1, 0, 1, 1, NULL),
(126919, 154788, 0, 0.213, 0, 1, 0, 1, 1, NULL),
(126919, 154789, 0, 0.351, 0, 1, 0, 1, 1, NULL),
(126919, 154791, 0, 0.053, 0, 1, 0, 1, 1, NULL),
(126919, 154792, 0, 0.053, 0, 1, 0, 1, 1, NULL),
(126919, 154793, 0, 0.117, 0, 1, 0, 1, 1, NULL),
(126919, 154794, 0, 0.915, 0, 1, 0, 1, 1, NULL),
(126919, 154797, 0, 0.675, 0, 1, 0, 1, 1, NULL),
(126919, 154799, 0, 0.351, 0, 1, 0, 1, 1, NULL),
(126919, 154800, 0, 0.481, 0, 1, 0, 1, 1, NULL),
(126919, 154801, 0, 0.67, 0, 1, 0, 1, 1, NULL),
(126919, 154802, 0, 0.447, 0, 1, 0, 1, 1, NULL),
(126919, 154803, 0, 0.851, 0, 1, 0, 1, 1, NULL),
(126919, 154804, 0, 0.372, 0, 1, 0, 1, 1, NULL),
(126919, 159158, 0, 1.011, 0, 1, 0, 1, 1, NULL),
(126919, 159161, 0, 0.106, 0, 1, 0, 1, 1, NULL),
(126919, 159162, 0, 0.905, 0, 1, 0, 1, 1, NULL),
(126919, 159163, 0, 0.745, 0, 1, 0, 1, 1, NULL),
(126919, 159164, 0, 0.553, 0, 1, 0, 1, 1, NULL),
(126919, 159166, 0, 0.468, 0, 1, 0, 1, 1, NULL),
(126919, 159167, 0, 1.139, 0, 1, 0, 1, 1, NULL),
(126919, 159168, 0, 0.213, 0, 1, 0, 1, 1, NULL),
(126919, 159171, 0, 1.607, 0, 1, 0, 1, 1, NULL),
(126919, 159172, 0, 1.458, 0, 1, 0, 1, 1, NULL),
(126919, 159173, 0, 0.543, 0, 1, 0, 1, 1, NULL),
(126919, 159174, 0, 0.819, 0, 1, 0, 1, 1, NULL),
(126919, 159184, 0, 0.319, 0, 1, 0, 1, 1, NULL),
(126919, 159185, 0, 1.926, 0, 1, 0, 1, 1, NULL),
(126919, 159186, 0, 0.372, 0, 1, 0, 1, 1, NULL),
(126919, 159187, 0, 1.117, 0, 1, 0, 1, 1, NULL),
(126919, 159188, 0, 0.926, 0, 1, 0, 1, 1, NULL),
(126919, 159189, 0, 1.256, 0, 1, 0, 1, 1, NULL),
(126919, 159228, 0, 1.618, 0, 1, 0, 1, 1, NULL),
(126919, 159229, 0, 1.905, 0, 1, 0, 1, 1, NULL),
(126919, 159230, 0, 0.053, 0, 1, 0, 1, 1, NULL),
(126919, 159473, 0, 0.426, 0, 1, 0, 1, 1, NULL),
(126919, 159474, 0, 0.053, 0, 1, 0, 1, 1, NULL),
(126919, 159475, 0, 0.17, 0, 1, 0, 1, 1, NULL),
(126919, 159493, 0, 0.828, 0, 1, 0, 1, 1, NULL),
(126919, 159494, 0, 0.351, 0, 1, 0, 1, 1, NULL),
(126919, 159496, 0, 0.745, 0, 1, 0, 1, 1, NULL),
(126919, 159497, 0, 0.053, 0, 1, 0, 1, 1, NULL),
(126919, 159502, 0, 0.065, 0, 1, 0, 1, 1, NULL),
(126919, 159504, 0, 0.675, 0, 1, 0, 1, 1, NULL),
(126919, 159511, 0, 0.13, 0, 1, 0, 1, 1, NULL),
(126919, 159519, 0, 0.053, 0, 1, 0, 1, 1, NULL),
(126919, 159520, 0, 0.83, 0, 1, 0, 1, 1, NULL),
(126919, 159521, 0, 0.26, 0, 1, 0, 1, 1, NULL),
(126919, 159523, 0, 0.106, 0, 1, 0, 1, 1, NULL),
(126919, 159524, 0, 0.106, 0, 1, 0, 1, 1, NULL),
(126919, 159537, 0, 0.192, 0, 1, 0, 1, 1, NULL),
(126919, 159539, 0, 0.13, 0, 1, 0, 1, 1, NULL),
(126919, 159551, 0, 0.065, 0, 1, 0, 1, 1, NULL),
(126919, 159560, 0, 0.065, 0, 1, 0, 1, 1, NULL),
(126919, 159564, 0, 0.053, 0, 1, 0, 1, 1, NULL),
(126919, 159568, 0, 0.979, 0, 1, 0, 1, 1, NULL),
(126919, 159569, 0, 0.287, 0, 1, 0, 1, 1, NULL),
(126919, 159571, 0, 0.096, 0, 1, 0, 1, 1, NULL),
(126919, 159584, 0, 0.053, 0, 1, 0, 1, 1, NULL),
(126919, 159585, 0, 0.712, 0, 1, 0, 1, 1, NULL),
(126919, 159587, 0, 0.5, 0, 1, 0, 1, 1, NULL),
(126919, 159589, 0, 0.607, 0, 1, 0, 1, 1, NULL),
(126919, 159590, 0, 0.553, 0, 1, 0, 1, 1, NULL),
(126919, 159593, 0, 0.452, 0, 1, 0, 1, 1, NULL),
(126919, 159605, 0, 0.106, 0, 1, 0, 1, 1, NULL),
(126919, 159797, 0, 0.372, 0, 1, 0, 1, 1, NULL),
(126919, 159799, 0, 0.053, 0, 1, 0, 1, 1, NULL),
(126919, 159800, 0, 0.065, 0, 1, 0, 1, 1, NULL),
(126919, 159802, 0, 0.266, 0, 1, 0, 1, 1, NULL),
(126919, 159805, 0, 0.048, 0, 1, 0, 1, 1, NULL),
(126919, 159806, 0, 0.351, 0, 1, 0, 1, 1, NULL),
(126919, 159818, 0, 0.16, 0, 1, 0, 1, 1, NULL),
(126919, 159820, 0, 0.195, 0, 1, 0, 1, 1, NULL),
(126919, 160924, 0, 0.766, 0, 1, 0, 1, 1, NULL),
(126919, 160925, 0, 0.117, 0, 1, 0, 1, 1, NULL),
(126919, 160926, 0, 0.351, 0, 1, 0, 1, 1, NULL),
(126919, 160928, 0, 0.564, 0, 1, 0, 1, 1, NULL),
(126919, 160929, 0, 0.426, 0, 1, 0, 1, 1, NULL),
(126919, 160930, 0, 0.639, 0, 1, 0, 1, 1, NULL),
(126919, 160931, 0, 0.16, 0, 1, 0, 1, 1, NULL),
(126919, 160932, 0, 0.635, 0, 1, 0, 1, 1, NULL),
(126919, 160933, 0, 0.213, 0, 1, 0, 1, 1, NULL),
(126919, 160935, 0, 0.558, 0, 1, 0, 1, 1, NULL),
(126919, 160936, 0, 0.053, 0, 1, 0, 1, 1, NULL),
(126919, 160938, 0, 0.635, 0, 1, 0, 1, 1, NULL),
(126919, 163902, 0, 0.39, 0, 1, 0, 1, 1, NULL),
(126919, 163908, 0, 0.452, 0, 1, 0, 1, 1, NULL),
(126928, 152576, 0, 52.755, 0, 1, 0, 1, 3, NULL),
(126928, 152577, 0, 6.484, 0, 1, 0, 1, 1, NULL),
(126928, 154770, 0, 0.302, 0, 1, 0, 1, 1, NULL),
(126928, 154771, 0, 0.258, 0, 1, 0, 1, 1, NULL),
(126928, 154772, 0, 0.681, 0, 1, 0, 1, 1, NULL),
(126928, 154773, 0, 0.219, 0, 1, 0, 1, 1, NULL),
(126928, 154774, 0, 0.399, 0, 1, 0, 1, 1, NULL),
(126928, 154775, 0, 0.36, 0, 1, 0, 1, 1, NULL),
(126928, 154776, 0, 0.715, 0, 1, 0, 1, 1, NULL),
(126928, 154777, 0, 0.511, 0, 1, 0, 1, 1, NULL),
(126928, 154778, 0, 0.413, 0, 1, 0, 1, 1, NULL),
(126928, 154779, 0, 0.705, 0, 1, 0, 1, 1, NULL),
(126928, 154780, 0, 0.482, 0, 1, 0, 1, 1, NULL),
(126928, 154781, 0, 0.024, 0, 1, 0, 1, 1, NULL),
(126928, 154782, 0, 0.511, 0, 1, 0, 1, 1, NULL),
(126928, 154783, 0, 0.445, 0, 1, 0, 1, 1, NULL),
(126928, 154784, 0, 0.214, 0, 1, 0, 1, 1, NULL),
(126928, 154785, 0, 0.024, 0, 1, 0, 1, 1, NULL),
(126928, 154786, 0, 0.734, 0, 1, 0, 1, 1, NULL),
(126928, 154787, 0, 0.438, 0, 1, 0, 1, 1, NULL),
(126928, 154788, 0, 0.423, 0, 1, 0, 1, 1, NULL),
(126928, 154789, 0, 0.657, 0, 1, 0, 1, 1, NULL),
(126928, 154790, 0, 0.112, 0, 1, 0, 1, 1, NULL),
(126928, 154791, 0, 0.263, 0, 1, 0, 1, 1, NULL),
(126928, 154792, 0, 0.277, 0, 1, 0, 1, 1, NULL),
(126928, 154793, 0, 0.496, 0, 1, 0, 1, 1, NULL),
(126928, 154796, 0, 1.175, 0, 1, 0, 1, 1, NULL),
(126928, 154798, 0, 0.506, 0, 1, 0, 1, 1, NULL),
(126928, 154799, 0, 0.399, 0, 1, 0, 1, 1, NULL),
(126928, 154800, 0, 0.608, 0, 1, 0, 1, 1, NULL),
(126928, 154801, 0, 0.272, 0, 1, 0, 1, 1, NULL),
(126928, 154802, 0, 0.214, 0, 1, 0, 1, 1, NULL),
(126928, 154803, 0, 0.219, 0, 1, 0, 1, 1, NULL),
(126928, 154804, 0, 0.316, 0, 1, 0, 1, 1, NULL),
(126928, 154805, 0, 0.496, 0, 1, 0, 1, 1, NULL),
(126928, 159158, 0, 1.065, 0, 1, 0, 1, 1, NULL),
(126928, 159161, 0, 0.788, 0, 1, 0, 1, 1, NULL),
(126928, 159162, 0, 0.671, 0, 1, 0, 1, 1, NULL),
(126928, 159163, 0, 0.496, 0, 1, 0, 1, 1, NULL),
(126928, 159164, 0, 0.963, 0, 1, 0, 1, 1, NULL),
(126928, 159166, 0, 0.725, 0, 1, 0, 1, 1, NULL),
(126928, 159167, 0, 0.277, 0, 1, 0, 1, 1, NULL),
(126928, 159168, 0, 0.598, 0, 1, 0, 1, 1, NULL),
(126928, 159171, 0, 0.555, 0, 1, 0, 1, 1, NULL),
(126928, 159172, 0, 1.343, 0, 1, 0, 1, 1, NULL),
(126928, 159173, 0, 0.457, 0, 1, 0, 1, 1, NULL),
(126928, 159174, 0, 0.486, 0, 1, 0, 1, 1, NULL),
(126928, 159184, 0, 1.182, 0, 1, 0, 1, 1, NULL),
(126928, 159185, 0, 1.012, 0, 1, 0, 1, 1, NULL),
(126928, 159186, 0, 1.041, 0, 1, 0, 1, 1, NULL),
(126928, 159187, 0, 0.856, 0, 1, 0, 1, 1, NULL),
(126928, 159188, 0, 0.773, 0, 1, 0, 1, 1, NULL),
(126928, 159189, 0, 2.354, 0, 1, 0, 1, 1, NULL),
(126928, 159228, 0, 0.734, 0, 1, 0, 1, 1, NULL),
(126928, 159229, 0, 0.861, 0, 1, 0, 1, 1, NULL),
(126928, 159230, 0, 0.491, 0, 1, 0, 1, 1, NULL),
(126928, 159473, 0, 0.287, 0, 1, 0, 1, 1, NULL),
(126928, 159475, 0, 0.326, 0, 1, 0, 1, 1, NULL),
(126928, 159493, 0, 0.187, 0, 1, 0, 1, 1, NULL),
(126928, 159494, 0, 0.603, 0, 1, 0, 1, 1, NULL),
(126928, 159496, 0, 0.413, 0, 1, 0, 1, 1, NULL),
(126928, 159497, 0, 0.263, 0, 1, 0, 1, 1, NULL),
(126928, 159502, 0, 0.073, 0, 1, 0, 1, 1, NULL),
(126928, 159504, 0, 0.486, 0, 1, 0, 1, 1, NULL),
(126928, 159509, 0, 0.131, 0, 1, 0, 1, 1, NULL),
(126928, 159511, 0, 0.097, 0, 1, 0, 1, 1, NULL),
(126928, 159519, 0, 0.248, 0, 1, 0, 1, 1, NULL),
(126928, 159521, 0, 0.268, 0, 1, 0, 1, 1, NULL),
(126928, 159522, 0, 0.097, 0, 1, 0, 1, 1, NULL),
(126928, 159523, 0, 0.112, 0, 1, 0, 1, 1, NULL),
(126928, 159524, 0, 0.049, 0, 1, 0, 1, 1, NULL),
(126928, 159525, 0, 0.304, 0, 1, 0, 1, 1, NULL),
(126928, 159535, 0, 0.263, 0, 1, 0, 1, 1, NULL),
(126928, 159537, 0, 0.238, 0, 1, 0, 1, 1, NULL),
(126928, 159539, 0, 0.331, 0, 1, 0, 1, 1, NULL),
(126928, 159560, 0, 0.544, 0, 1, 0, 1, 1, NULL),
(126928, 159564, 0, 0.073, 0, 1, 0, 1, 1, NULL),
(126928, 159566, 0, 0.141, 0, 1, 0, 1, 1, NULL),
(126928, 159568, 0, 0.097, 0, 1, 0, 1, 1, NULL),
(126928, 159569, 0, 0.024, 0, 1, 0, 1, 1, NULL),
(126928, 159571, 0, 0.238, 0, 1, 0, 1, 1, NULL),
(126928, 159584, 0, 0.141, 0, 1, 0, 1, 1, NULL),
(126928, 159585, 0, 0.204, 0, 1, 0, 1, 1, NULL),
(126928, 159589, 0, 0.253, 0, 1, 0, 1, 1, NULL),
(126928, 159590, 0, 0.029, 0, 1, 0, 1, 1, NULL),
(126928, 159593, 0, 0.253, 0, 1, 0, 1, 1, NULL),
(126928, 159602, 0, 0.433, 0, 1, 0, 1, 1, NULL),
(126928, 159604, 0, 0.097, 0, 1, 0, 1, 1, NULL),
(126928, 159605, 0, 0.253, 0, 1, 0, 1, 1, NULL),
(126928, 159797, 0, 0.068, 0, 1, 0, 1, 1, NULL),
(126928, 159799, 0, 0.092, 0, 1, 0, 1, 1, NULL),
(126928, 159800, 0, 0.049, 0, 1, 0, 1, 1, NULL),
(126928, 159802, 0, 0.229, 0, 1, 0, 1, 1, NULL),
(126928, 159803, 0, 0.195, 0, 1, 0, 1, 1, NULL),
(126928, 159805, 0, 0.024, 0, 1, 0, 1, 1, NULL),
(126928, 159806, 0, 0.029, 0, 1, 0, 1, 1, NULL),
(126928, 159818, 0, 0.073, 0, 1, 0, 1, 1, NULL),
(126928, 159840, 0, 0.272, 0, 1, 0, 1, 1, NULL),
(126928, 160924, 0, 0.37, 0, 1, 0, 1, 1, NULL),
(126928, 160925, 0, 0.618, 0, 1, 0, 1, 1, NULL),
(126928, 160926, 0, 0.535, 0, 1, 0, 1, 1, NULL),
(126928, 160927, 0, 0.302, 0, 1, 0, 1, 1, NULL),
(126928, 160928, 0, 0.365, 0, 1, 0, 1, 1, NULL),
(126928, 160929, 0, 0.623, 0, 1, 0, 1, 1, NULL),
(126928, 160930, 0, 0.122, 0, 1, 0, 1, 1, NULL),
(126928, 160931, 0, 0.078, 0, 1, 0, 1, 1, NULL),
(126928, 160932, 0, 0.376, 0, 1, 0, 1, 1, NULL),
(126928, 160933, 0, 0.248, 0, 1, 0, 1, 1, NULL),
(126928, 160935, 0, 0.049, 0, 1, 0, 1, 1, NULL),
(126928, 160936, 0, 1.075, 0, 1, 0, 1, 1, NULL),
(126928, 160937, 0, 0.375, 0, 1, 0, 1, 1, NULL),
(126928, 160938, 0, 2.928, 0, 1, 0, 1, 1, NULL),
(126928, 163902, 0, 0.024, 0, 1, 0, 1, 1, NULL),
(126928, 163906, 0, 0.046, 0, 1, 0, 1, 1, NULL),
(126928, 163910, 0, 0.238, 0, 1, 0, 1, 1, NULL),
(126983, 155881, 0, 4.544, 0, 1, 0, 1, 1, NULL),
(126983, 155885, 0, 6.276, 0, 1, 0, 1, 1, NULL),
(126983, 155886, 0, 4.895, 0, 1, 0, 1, 1, NULL),
(126983, 155887, 0, 2.564, 0, 1, 0, 1, 1, NULL),
(126983, 155888, 0, 4.339, 0, 1, 0, 1, 1, NULL),
(126983, 158301, 0, 3.624, 0, 1, 0, 1, 1, NULL),
(126983, 158923, 0, 7.214, 0, 1, 0, 1, 1, NULL),
(126983, 159158, 0, 0.186, 0, 1, 0, 1, 1, NULL),
(126983, 159161, 0, 0.065, 0, 1, 0, 1, 1, NULL),
(126983, 159162, 0, 0.264, 0, 1, 0, 1, 1, NULL),
(126983, 159163, 0, 0.215, 0, 1, 0, 1, 1, NULL),
(126983, 159164, 0, 0.11, 0, 1, 0, 1, 1, NULL),
(126983, 159166, 0, 0.193, 0, 1, 0, 1, 1, NULL),
(126983, 159167, 0, 0.245, 0, 1, 0, 1, 1, NULL),
(126983, 159168, 0, 0.161, 0, 1, 0, 1, 1, NULL),
(126983, 159171, 0, 0.029, 0, 1, 0, 1, 1, NULL),
(126983, 159172, 0, 0.289, 0, 1, 0, 1, 1, NULL),
(126983, 159173, 0, 0.129, 0, 1, 0, 1, 1, NULL),
(126983, 159174, 0, 0.285, 0, 1, 0, 1, 1, NULL),
(126983, 159184, 0, 0.187, 0, 1, 0, 1, 1, NULL),
(126983, 159185, 0, 0.035, 0, 1, 0, 1, 1, NULL),
(126983, 159186, 0, 0.163, 0, 1, 0, 1, 1, NULL),
(126983, 159187, 0, 0.218, 0, 1, 0, 1, 1, NULL),
(126983, 159188, 0, 0.193, 0, 1, 0, 1, 1, NULL),
(126983, 159189, 0, 0.046, 0, 1, 0, 1, 1, NULL),
(126983, 159228, 0, 0.147, 0, 1, 0, 1, 1, NULL),
(126983, 159229, 0, 0.086, 0, 1, 0, 1, 1, NULL),
(126983, 159230, 0, 0.212, 0, 1, 0, 1, 1, NULL),
(126983, 159299, 0, 4.559, 0, 1, 0, 1, 1, NULL),
(126983, 159352, 0, 3.692, 0, 1, 0, 1, 1, NULL),
(126983, 159407, 0, 4.609, 0, 1, 0, 1, 1, NULL),
(126983, 159474, 0, 0.015, 0, 1, 0, 1, 1, NULL),
(126983, 159493, 0, 0.089, 0, 1, 0, 1, 1, NULL),
(126983, 159494, 0, 0.027, 0, 1, 0, 1, 1, NULL),
(126983, 159496, 0, 0.028, 0, 1, 0, 1, 1, NULL),
(126983, 159497, 0, 0.019, 0, 1, 0, 1, 1, NULL),
(126983, 159502, 0, 0.013, 0, 1, 0, 1, 1, NULL),
(126983, 159504, 0, 0.007, 0, 1, 0, 1, 1, NULL),
(126983, 159509, 0, 0.039, 0, 1, 0, 1, 1, NULL),
(126983, 159519, 0, 0.02, 0, 1, 0, 1, 1, NULL),
(126983, 159521, 0, 0.115, 0, 1, 0, 1, 1, NULL),
(126983, 159522, 0, 0.12, 0, 1, 0, 1, 1, NULL),
(126983, 159523, 0, 0.007, 0, 1, 0, 1, 1, NULL),
(126983, 159524, 0, 0.152, 0, 1, 0, 1, 1, NULL),
(126983, 159525, 0, 0.057, 0, 1, 0, 1, 1, NULL),
(126983, 159537, 0, 0.121, 0, 1, 0, 1, 1, NULL),
(126983, 159539, 0, 0.039, 0, 1, 0, 1, 1, NULL),
(126983, 159540, 0, 0.036, 0, 1, 0, 1, 1, NULL),
(126983, 159564, 0, 0.143, 0, 1, 0, 1, 1, NULL),
(126983, 159566, 0, 0.075, 0, 1, 0, 1, 1, NULL),
(126983, 159568, 0, 0.078, 0, 1, 0, 1, 1, NULL),
(126983, 159571, 0, 0.007, 0, 1, 0, 1, 1, NULL),
(126983, 159585, 0, 0.007, 0, 1, 0, 1, 1, NULL),
(126983, 159587, 0, 0.048, 0, 1, 0, 1, 1, NULL),
(126983, 159589, 0, 0.046, 0, 1, 0, 1, 1, NULL),
(126983, 159590, 0, 0.022, 0, 1, 0, 1, 1, NULL),
(126983, 159602, 0, 0.068, 0, 1, 0, 1, 1, NULL),
(126983, 159604, 0, 0.007, 0, 1, 0, 1, 1, NULL),
(126983, 159635, 0, 1.442, 0, 1, 0, 1, 1, NULL),
(126983, 159797, 0, 0.007, 0, 1, 0, 1, 1, NULL),
(126983, 159799, 0, 0.035, 0, 1, 0, 1, 1, NULL),
(126983, 159800, 0, 0.03, 0, 1, 0, 1, 1, NULL),
(126983, 159802, 0, 0.032, 0, 1, 0, 1, 1, NULL),
(126983, 159803, 0, 0.007, 0, 1, 0, 1, 1, NULL),
(126983, 159805, 0, 0.007, 0, 1, 0, 1, 1, NULL),
(126983, 159806, 0, 0.094, 0, 1, 0, 1, 1, NULL),
(126983, 159818, 0, 0.007, 0, 1, 0, 1, 1, NULL),
(126983, 159820, 0, 0.015, 0, 1, 0, 1, 1, NULL),
(126983, 159842, 0, 0.46, 0, 1, 0, 1, 1, NULL),
(126983, 162520, 0, 0.282, 0, 1, 0, 1, 1, NULL),
(127106, 152576, 0, 41.88, 0, 1, 0, 1, 3, NULL),
(127106, 152577, 0, 16.546, 0, 1, 0, 1, 1, NULL),
(127106, 154770, 0, 1.452, 0, 1, 0, 1, 1, NULL),
(127106, 154772, 0, 0.764, 0, 1, 0, 1, 1, NULL),
(127106, 154773, 0, 0.382, 0, 1, 0, 1, 1, NULL),
(127106, 154774, 0, 0.65, 0, 1, 0, 1, 1, NULL),
(127106, 154775, 0, 1.316, 0, 1, 0, 1, 1, NULL),
(127106, 154776, 0, 1.796, 0, 1, 0, 1, 1, NULL),
(127106, 154777, 0, 1.332, 0, 1, 0, 1, 1, NULL),
(127106, 154778, 0, 0.191, 0, 1, 0, 1, 1, NULL),
(127106, 154779, 0, 1.706, 0, 1, 0, 1, 1, NULL),
(127106, 154780, 0, 1.219, 0, 1, 0, 1, 1, NULL),
(127106, 154782, 0, 0.683, 0, 1, 0, 1, 1, NULL),
(127106, 154783, 0, 1.09, 0, 1, 0, 1, 1, NULL),
(127106, 154785, 0, 0.488, 0, 1, 0, 1, 1, NULL),
(127106, 154789, 0, 0.536, 0, 1, 0, 1, 1, NULL),
(127106, 154790, 0, 0.191, 0, 1, 0, 1, 1, NULL),
(127106, 154791, 0, 0.191, 0, 1, 0, 1, 1, NULL),
(127106, 154792, 0, 1.032, 0, 1, 0, 1, 1, NULL),
(127106, 154793, 0, 1.987, 0, 1, 0, 1, 1, NULL),
(127106, 154796, 0, 2.292, 0, 1, 0, 1, 1, NULL),
(127106, 154797, 0, 1.609, 0, 1, 0, 1, 1, NULL),
(127106, 154799, 0, 0.807, 0, 1, 0, 1, 1, NULL),
(127106, 154800, 0, 1.796, 0, 1, 0, 1, 1, NULL),
(127106, 154802, 0, 1.796, 0, 1, 0, 1, 1, NULL),
(127106, 154803, 0, 0.244, 0, 1, 0, 1, 1, NULL),
(127106, 154804, 0, 0.244, 0, 1, 0, 1, 1, NULL),
(127106, 159158, 0, 1.452, 0, 1, 0, 1, 1, NULL),
(127106, 159161, 0, 0.535, 0, 1, 0, 1, 1, NULL),
(127106, 159163, 0, 0.191, 0, 1, 0, 1, 1, NULL),
(127106, 159164, 0, 0.488, 0, 1, 0, 1, 1, NULL),
(127106, 159166, 0, 1.261, 0, 1, 0, 1, 1, NULL),
(127106, 159167, 0, 2.102, 0, 1, 0, 1, 1, NULL),
(127106, 159168, 0, 1.261, 0, 1, 0, 1, 1, NULL),
(127106, 159171, 0, 1.534, 0, 1, 0, 1, 1, NULL),
(127106, 159173, 0, 2.063, 0, 1, 0, 1, 1, NULL),
(127106, 159174, 0, 1.316, 0, 1, 0, 1, 1, NULL),
(127106, 159184, 0, 0.764, 0, 1, 0, 1, 1, NULL),
(127106, 159185, 0, 2.907, 0, 1, 0, 1, 1, NULL),
(127106, 159186, 0, 1.414, 0, 1, 0, 1, 1, NULL),
(127106, 159188, 0, 0.382, 0, 1, 0, 1, 1, NULL),
(127106, 159189, 0, 3.592, 0, 1, 0, 1, 1, NULL),
(127106, 159228, 0, 0.606, 0, 1, 0, 1, 1, NULL),
(127106, 159230, 0, 0.955, 0, 1, 0, 1, 1, NULL),
(127106, 159474, 0, 0.191, 0, 1, 0, 1, 1, NULL),
(127106, 159497, 0, 0.191, 0, 1, 0, 1, 1, NULL),
(127106, 159502, 0, 0.955, 0, 1, 0, 1, 1, NULL),
(127106, 159504, 0, 0.565, 0, 1, 0, 1, 1, NULL),
(127106, 159519, 0, 1.261, 0, 1, 0, 1, 1, NULL),
(127106, 159521, 0, 1.796, 0, 1, 0, 1, 1, NULL),
(127106, 159522, 0, 0.244, 0, 1, 0, 1, 1, NULL),
(127106, 159523, 0, 1.897, 0, 1, 0, 1, 1, NULL),
(127106, 159584, 0, 0.191, 0, 1, 0, 1, 1, NULL),
(127106, 159587, 0, 1.09, 0, 1, 0, 1, 1, NULL),
(127106, 159590, 0, 1.261, 0, 1, 0, 1, 1, NULL),
(127106, 159602, 0, 0.955, 0, 1, 0, 1, 1, NULL),
(127106, 159604, 0, 1.032, 0, 1, 0, 1, 1, NULL),
(127106, 159800, 0, 2.292, 0, 1, 0, 1, 1, NULL),
(127106, 159803, 0, 0.382, 0, 1, 0, 1, 1, NULL),
(127106, 159806, 0, 2.292, 0, 1, 0, 1, 1, NULL),
(127106, 159818, 0, 1.609, 0, 1, 0, 1, 1, NULL),
(127106, 160925, 0, 0.497, 0, 1, 0, 1, 1, NULL),
(127106, 160927, 0, 1.332, 0, 1, 0, 1, 1, NULL),
(127106, 160929, 0, 2.292, 0, 1, 0, 1, 1, NULL),
(127106, 160930, 0, 1.261, 0, 1, 0, 1, 1, NULL),
(127106, 160933, 0, 0.191, 0, 1, 0, 1, 1, NULL),
(127106, 160935, 0, 1.643, 0, 1, 0, 1, 1, NULL),
(127106, 160937, 0, 0.191, 0, 1, 0, 1, 1, NULL),
(127106, 160938, 0, 1.332, 0, 1, 0, 1, 1, NULL),
(127111, 152576, 0, 55.296, 0, 1, 0, 1, 3, NULL),
(127111, 152577, 0, 5.064, 0, 1, 0, 1, 1, NULL),
(127111, 154770, 0, 0.718, 0, 1, 0, 1, 1, NULL),
(127111, 154771, 0, 0.855, 0, 1, 0, 1, 1, NULL),
(127111, 154772, 0, 0.091, 0, 1, 0, 1, 1, NULL),
(127111, 154773, 0, 0.409, 0, 1, 0, 1, 1, NULL),
(127111, 154774, 0, 0.318, 0, 1, 0, 1, 1, NULL),
(127111, 154775, 0, 0.091, 0, 1, 0, 1, 1, NULL),
(127111, 154776, 0, 0.864, 0, 1, 0, 1, 1, NULL),
(127111, 154777, 0, 0.491, 0, 1, 0, 1, 1, NULL),
(127111, 154778, 0, 0.391, 0, 1, 0, 1, 1, NULL),
(127111, 154780, 0, 0.227, 0, 1, 0, 1, 1, NULL),
(127111, 154781, 0, 0.091, 0, 1, 0, 1, 1, NULL),
(127111, 154782, 0, 0.045, 0, 1, 0, 1, 1, NULL),
(127111, 154784, 0, 0.427, 0, 1, 0, 1, 1, NULL),
(127111, 154785, 0, 0.473, 0, 1, 0, 1, 1, NULL),
(127111, 154786, 0, 0.045, 0, 1, 0, 1, 1, NULL),
(127111, 154787, 0, 0.727, 0, 1, 0, 1, 1, NULL),
(127111, 154788, 0, 0.673, 0, 1, 0, 1, 1, NULL),
(127111, 154789, 0, 0.718, 0, 1, 0, 1, 1, NULL),
(127111, 154790, 0, 0.136, 0, 1, 0, 1, 1, NULL),
(127111, 154792, 0, 0.282, 0, 1, 0, 1, 1, NULL),
(127111, 154793, 0, 0.791, 0, 1, 0, 1, 1, NULL),
(127111, 154794, 0, 0.676, 0, 1, 0, 1, 1, NULL),
(127111, 154795, 0, 0.625, 0, 1, 0, 1, 1, NULL),
(127111, 154799, 0, 0.127, 0, 1, 0, 1, 1, NULL),
(127111, 154800, 0, 0.887, 0, 1, 0, 1, 1, NULL),
(127111, 154801, 0, 0.209, 0, 1, 0, 1, 1, NULL),
(127111, 154802, 0, 0.473, 0, 1, 0, 1, 1, NULL),
(127111, 154803, 0, 0.045, 0, 1, 0, 1, 1, NULL),
(127111, 154804, 0, 0.155, 0, 1, 0, 1, 1, NULL),
(127111, 154805, 0, 0.676, 0, 1, 0, 1, 1, NULL),
(127111, 159158, 0, 0.227, 0, 1, 0, 1, 1, NULL),
(127111, 159161, 0, 0.391, 0, 1, 0, 1, 1, NULL),
(127111, 159162, 0, 1.127, 0, 1, 0, 1, 1, NULL),
(127111, 159163, 0, 2.273, 0, 1, 0, 1, 1, NULL),
(127111, 159164, 0, 0.227, 0, 1, 0, 1, 1, NULL),
(127111, 159166, 0, 0.591, 0, 1, 0, 1, 1, NULL),
(127111, 159167, 0, 1.5, 0, 1, 0, 1, 1, NULL),
(127111, 159168, 0, 1.291, 0, 1, 0, 1, 1, NULL),
(127111, 159171, 0, 0.655, 0, 1, 0, 1, 1, NULL),
(127111, 159172, 0, 0.655, 0, 1, 0, 1, 1, NULL),
(127111, 159173, 0, 0.955, 0, 1, 0, 1, 1, NULL),
(127111, 159174, 0, 0.3, 0, 1, 0, 1, 1, NULL),
(127111, 159184, 0, 0.591, 0, 1, 0, 1, 1, NULL),
(127111, 159185, 0, 0.955, 0, 1, 0, 1, 1, NULL),
(127111, 159186, 0, 0.5, 0, 1, 0, 1, 1, NULL),
(127111, 159187, 0, 0.564, 0, 1, 0, 1, 1, NULL),
(127111, 159188, 0, 0.709, 0, 1, 0, 1, 1, NULL),
(127111, 159189, 0, 0.546, 0, 1, 0, 1, 1, NULL),
(127111, 159228, 0, 0.955, 0, 1, 0, 1, 1, NULL),
(127111, 159229, 0, 3.937, 0, 1, 0, 1, 1, NULL),
(127111, 159230, 0, 0.727, 0, 1, 0, 1, 1, NULL),
(127111, 159473, 0, 0.67, 0, 1, 0, 1, 1, NULL),
(127111, 159475, 0, 0.427, 0, 1, 0, 1, 1, NULL),
(127111, 159493, 0, 0.427, 0, 1, 0, 1, 1, NULL),
(127111, 159496, 0, 0.3, 0, 1, 0, 1, 1, NULL),
(127111, 159497, 0, 0.045, 0, 1, 0, 1, 1, NULL),
(127111, 159502, 0, 0.809, 0, 1, 0, 1, 1, NULL),
(127111, 159504, 0, 0.127, 0, 1, 0, 1, 1, NULL),
(127111, 159509, 0, 0.427, 0, 1, 0, 1, 1, NULL),
(127111, 159511, 0, 0.118, 0, 1, 0, 1, 1, NULL),
(127111, 159519, 0, 0.045, 0, 1, 0, 1, 1, NULL),
(127111, 159520, 0, 0.045, 0, 1, 0, 1, 1, NULL),
(127111, 159521, 0, 0.606, 0, 1, 0, 1, 1, NULL),
(127111, 159522, 0, 0.606, 0, 1, 0, 1, 1, NULL),
(127111, 159523, 0, 0.228, 0, 1, 0, 1, 1, NULL),
(127111, 159524, 0, 0.045, 0, 1, 0, 1, 1, NULL),
(127111, 159525, 0, 0.1, 0, 1, 0, 1, 1, NULL),
(127111, 159539, 0, 0.045, 0, 1, 0, 1, 1, NULL),
(127111, 159540, 0, 0.427, 0, 1, 0, 1, 1, NULL),
(127111, 159551, 0, 0.291, 0, 1, 0, 1, 1, NULL),
(127111, 159564, 0, 0.045, 0, 1, 0, 1, 1, NULL),
(127111, 159566, 0, 0.127, 0, 1, 0, 1, 1, NULL),
(127111, 159568, 0, 0.291, 0, 1, 0, 1, 1, NULL),
(127111, 159569, 0, 1.224, 0, 1, 0, 1, 1, NULL),
(127111, 159571, 0, 0.228, 0, 1, 0, 1, 1, NULL),
(127111, 159584, 0, 0.228, 0, 1, 0, 1, 1, NULL),
(127111, 159585, 0, 0.136, 0, 1, 0, 1, 1, NULL),
(127111, 159587, 0, 0.322, 0, 1, 0, 1, 1, NULL),
(127111, 159590, 0, 0.318, 0, 1, 0, 1, 1, NULL),
(127111, 159593, 0, 0.118, 0, 1, 0, 1, 1, NULL),
(127111, 159602, 0, 0.318, 0, 1, 0, 1, 1, NULL),
(127111, 159604, 0, 0.164, 0, 1, 0, 1, 1, NULL),
(127111, 159605, 0, 0.427, 0, 1, 0, 1, 1, NULL),
(127111, 159797, 0, 0.439, 0, 1, 0, 1, 1, NULL),
(127111, 159799, 0, 0.093, 0, 1, 0, 1, 1, NULL),
(127111, 159800, 0, 0.228, 0, 1, 0, 1, 1, NULL),
(127111, 159803, 0, 0.136, 0, 1, 0, 1, 1, NULL),
(127111, 159805, 0, 0.045, 0, 1, 0, 1, 1, NULL),
(127111, 159806, 0, 0.136, 0, 1, 0, 1, 1, NULL),
(127111, 159818, 0, 0.309, 0, 1, 0, 1, 1, NULL),
(127111, 159820, 0, 0.397, 0, 1, 0, 1, 1, NULL),
(127111, 160925, 0, 0.473, 0, 1, 0, 1, 1, NULL),
(127111, 160926, 0, 0.591, 0, 1, 0, 1, 1, NULL),
(127111, 160930, 0, 0.091, 0, 1, 0, 1, 1, NULL),
(127111, 160931, 0, 0.846, 0, 1, 0, 1, 1, NULL),
(127111, 160933, 0, 0.946, 0, 1, 0, 1, 1, NULL),
(127111, 160934, 0, 0.67, 0, 1, 0, 1, 1, NULL),
(127111, 160935, 0, 0.382, 0, 1, 0, 1, 1, NULL),
(127111, 160936, 0, 0.5, 0, 1, 0, 1, 1, NULL),
(127111, 160937, 0, 0.282, 0, 1, 0, 1, 1, NULL),
(127111, 160938, 0, 0.327, 0, 1, 0, 1, 1, NULL),
(127111, 163906, 0, 0.397, 0, 1, 0, 1, 1, NULL),
(127111, 163911, 0, 0.228, 0, 1, 0, 1, 1, NULL),
(127111, 163954, 0, 0.155, 0, 1, 0, 1, 1, NULL),
(127119, 152576, 0, 59.097, 0, 1, 0, 1, 3, NULL),
(127119, 152577, 0, 14.505, 0, 1, 0, 1, 1, NULL),
(127119, 154770, 0, 1.141, 0, 1, 0, 1, 1, NULL),
(127119, 154772, 0, 0.207, 0, 1, 0, 1, 1, NULL),
(127119, 154775, 0, 2.646, 0, 1, 0, 1, 1, NULL),
(127119, 154776, 0, 0.539, 0, 1, 0, 1, 1, NULL),
(127119, 154777, 0, 0.746, 0, 1, 0, 1, 1, NULL),
(127119, 154780, 0, 0.965, 0, 1, 0, 1, 1, NULL),
(127119, 154781, 0, 0.456, 0, 1, 0, 1, 1, NULL),
(127119, 154785, 0, 0.207, 0, 1, 0, 1, 1, NULL),
(127119, 154787, 0, 1.948, 0, 1, 0, 1, 1, NULL),
(127119, 154789, 0, 0.207, 0, 1, 0, 1, 1, NULL),
(127119, 154790, 0, 1.625, 0, 1, 0, 1, 1, NULL),
(127119, 154792, 0, 0.414, 0, 1, 0, 1, 1, NULL),
(127119, 154793, 0, 0.207, 0, 1, 0, 1, 1, NULL),
(127119, 154796, 0, 1.141, 0, 1, 0, 1, 1, NULL),
(127119, 154797, 0, 1.68, 0, 1, 0, 1, 1, NULL),
(127119, 154799, 0, 3.067, 0, 1, 0, 1, 1, NULL),
(127119, 154800, 0, 1.625, 0, 1, 0, 1, 1, NULL),
(127119, 154801, 0, 1.18, 0, 1, 0, 1, 1, NULL),
(127119, 154803, 0, 0.207, 0, 1, 0, 1, 1, NULL),
(127119, 154804, 0, 0.207, 0, 1, 0, 1, 1, NULL),
(127119, 159158, 0, 0.414, 0, 1, 0, 1, 1, NULL),
(127119, 159161, 0, 1.625, 0, 1, 0, 1, 1, NULL),
(127119, 159162, 0, 0.207, 0, 1, 0, 1, 1, NULL),
(127119, 159163, 0, 0.207, 0, 1, 0, 1, 1, NULL),
(127119, 159164, 0, 0.501, 0, 1, 0, 1, 1, NULL),
(127119, 159166, 0, 0.041, 0, 1, 0, 1, 1, NULL),
(127119, 159167, 0, 3.108, 0, 1, 0, 1, 1, NULL),
(127119, 159168, 0, 0.207, 0, 1, 0, 1, 1, NULL),
(127119, 159171, 0, 0.829, 0, 1, 0, 1, 1, NULL),
(127119, 159172, 0, 1.106, 0, 1, 0, 1, 1, NULL),
(127119, 159174, 0, 0.622, 0, 1, 0, 1, 1, NULL),
(127119, 159184, 0, 0.787, 0, 1, 0, 1, 1, NULL),
(127119, 159185, 0, 1.68, 0, 1, 0, 1, 1, NULL),
(127119, 159186, 0, 0.332, 0, 1, 0, 1, 1, NULL),
(127119, 159188, 0, 0.207, 0, 1, 0, 1, 1, NULL),
(127119, 159189, 0, 0.207, 0, 1, 0, 1, 1, NULL),
(127119, 159228, 0, 0.894, 0, 1, 0, 1, 1, NULL),
(127119, 159230, 0, 0.207, 0, 1, 0, 1, 1, NULL),
(127119, 159474, 0, 0.933, 0, 1, 0, 1, 1, NULL),
(127119, 159494, 0, 0.207, 0, 1, 0, 1, 1, NULL),
(127119, 159497, 0, 0.207, 0, 1, 0, 1, 1, NULL),
(127119, 159509, 0, 0.501, 0, 1, 0, 1, 1, NULL),
(127119, 159520, 0, 0.207, 0, 1, 0, 1, 1, NULL),
(127119, 159523, 0, 0.518, 0, 1, 0, 1, 1, NULL),
(127119, 159537, 0, 0.965, 0, 1, 0, 1, 1, NULL),
(127119, 159539, 0, 1.625, 0, 1, 0, 1, 1, NULL),
(127119, 159560, 0, 3.361, 0, 1, 0, 1, 1, NULL),
(127119, 159584, 0, 1.036, 0, 1, 0, 1, 1, NULL),
(127119, 159589, 0, 1.141, 0, 1, 0, 1, 1, NULL),
(127119, 159593, 0, 0.173, 0, 1, 0, 1, 1, NULL),
(127119, 159602, 0, 2.86, 0, 1, 0, 1, 1, NULL),
(127119, 159604, 0, 0.207, 0, 1, 0, 1, 1, NULL),
(127119, 159799, 0, 0.58, 0, 1, 0, 1, 1, NULL),
(127119, 159802, 0, 0.933, 0, 1, 0, 1, 1, NULL),
(127119, 159820, 0, 0.207, 0, 1, 0, 1, 1, NULL),
(127119, 160925, 0, 0.933, 0, 1, 0, 1, 1, NULL),
(127119, 160926, 0, 1.906, 0, 1, 0, 1, 1, NULL),
(127119, 160927, 0, 1.68, 0, 1, 0, 1, 1, NULL),
(127119, 160929, 0, 0.414, 0, 1, 0, 1, 1, NULL),
(127119, 160931, 0, 0.622, 0, 1, 0, 1, 1, NULL),
(127119, 160933, 0, 4.932, 0, 1, 0, 1, 1, NULL),
(127119, 160936, 0, 1.575, 0, 1, 0, 1, 1, NULL),
(127119, 160937, 0, 0.414, 0, 1, 0, 1, 1, NULL),
(127119, 160938, 0, 1.68, 0, 1, 0, 1, 1, NULL),
(127124, 152576, 0, 61.982, 0, 1, 0, 1, 3, NULL),
(127124, 152577, 0, 1.397, 0, 1, 0, 1, 1, NULL),
(127124, 154770, 0, 1.549, 0, 1, 0, 1, 1, NULL),
(127124, 154771, 0, 2.052, 0, 1, 0, 1, 1, NULL),
(127124, 154772, 0, 0.218, 0, 1, 0, 1, 1, NULL),
(127124, 154773, 0, 0.044, 0, 1, 0, 1, 1, NULL),
(127124, 154774, 0, 0.287, 0, 1, 0, 1, 1, NULL),
(127124, 154775, 0, 0.218, 0, 1, 0, 1, 1, NULL),
(127124, 154776, 0, 0.218, 0, 1, 0, 1, 1, NULL),
(127124, 154777, 0, 0.218, 0, 1, 0, 1, 1, NULL),
(127124, 154780, 0, 1.549, 0, 1, 0, 1, 1, NULL),
(127124, 154781, 0, 0.611, 0, 1, 0, 1, 1, NULL),
(127124, 154786, 0, 0.218, 0, 1, 0, 1, 1, NULL),
(127124, 154789, 0, 1.893, 0, 1, 0, 1, 1, NULL),
(127124, 154791, 0, 0.401, 0, 1, 0, 1, 1, NULL),
(127124, 154793, 0, 1.397, 0, 1, 0, 1, 1, NULL),
(127124, 154794, 0, 1.893, 0, 1, 0, 1, 1, NULL),
(127124, 154796, 0, 1.549, 0, 1, 0, 1, 1, NULL),
(127124, 154798, 0, 3.766, 0, 1, 0, 1, 1, NULL),
(127124, 154799, 0, 1.746, 0, 1, 0, 1, 1, NULL),
(127124, 154801, 0, 3.972, 0, 1, 0, 1, 1, NULL),
(127124, 154802, 0, 0.873, 0, 1, 0, 1, 1, NULL),
(127124, 154803, 0, 2.697, 0, 1, 0, 1, 1, NULL),
(127124, 154804, 0, 0.218, 0, 1, 0, 1, 1, NULL),
(127124, 159158, 0, 0.436, 0, 1, 0, 1, 1, NULL),
(127124, 159161, 0, 0.801, 0, 1, 0, 1, 1, NULL),
(127124, 159163, 0, 3.361, 0, 1, 0, 1, 1, NULL),
(127124, 159164, 0, 0.401, 0, 1, 0, 1, 1, NULL),
(127124, 159166, 0, 1.434, 0, 1, 0, 1, 1, NULL),
(127124, 159167, 0, 0.742, 0, 1, 0, 1, 1, NULL),
(127124, 159168, 0, 2.052, 0, 1, 0, 1, 1, NULL),
(127124, 159171, 0, 2.965, 0, 1, 0, 1, 1, NULL),
(127124, 159173, 0, 0.873, 0, 1, 0, 1, 1, NULL),
(127124, 159174, 0, 0.218, 0, 1, 0, 1, 1, NULL),
(127124, 159184, 0, 0.287, 0, 1, 0, 1, 1, NULL),
(127124, 159185, 0, 2.357, 0, 1, 0, 1, 1, NULL),
(127124, 159186, 0, 0.655, 0, 1, 0, 1, 1, NULL),
(127124, 159188, 0, 1.44, 0, 1, 0, 1, 1, NULL),
(127124, 159189, 0, 0.218, 0, 1, 0, 1, 1, NULL),
(127124, 159228, 0, 0.401, 0, 1, 0, 1, 1, NULL),
(127124, 159229, 0, 2.052, 0, 1, 0, 1, 1, NULL),
(127124, 159230, 0, 0.218, 0, 1, 0, 1, 1, NULL),
(127124, 159474, 0, 1.179, 0, 1, 0, 1, 1, NULL),
(127124, 159475, 0, 3.766, 0, 1, 0, 1, 1, NULL),
(127124, 159519, 0, 2.052, 0, 1, 0, 1, 1, NULL),
(127124, 159522, 0, 3.766, 0, 1, 0, 1, 1, NULL),
(127124, 159535, 0, 2.697, 0, 1, 0, 1, 1, NULL),
(127124, 159539, 0, 1.893, 0, 1, 0, 1, 1, NULL),
(127124, 159540, 0, 1.091, 0, 1, 0, 1, 1, NULL),
(127124, 159566, 0, 0.401, 0, 1, 0, 1, 1, NULL),
(127124, 159571, 0, 0.655, 0, 1, 0, 1, 1, NULL),
(127124, 159584, 0, 2.697, 0, 1, 0, 1, 1, NULL),
(127124, 159605, 0, 0.401, 0, 1, 0, 1, 1, NULL),
(127124, 159797, 0, 1.179, 0, 1, 0, 1, 1, NULL),
(127124, 159799, 0, 1.893, 0, 1, 0, 1, 1, NULL),
(127124, 159805, 0, 0.218, 0, 1, 0, 1, 1, NULL),
(127124, 160924, 0, 0.436, 0, 1, 0, 1, 1, NULL),
(127124, 160925, 0, 21.563, 0, 1, 0, 1, 1, NULL),
(127124, 160926, 0, 0.057, 0, 1, 0, 1, 1, NULL),
(127124, 160928, 0, 0.218, 0, 1, 0, 1, 1, NULL),
(127124, 160929, 0, 0.401, 0, 1, 0, 1, 1, NULL),
(127124, 160931, 0, 0.436, 0, 1, 0, 1, 1, NULL),
(127124, 160932, 0, 1.44, 0, 1, 0, 1, 1, NULL),
(127124, 160933, 0, 0.861, 0, 1, 0, 1, 1, NULL),
(127124, 160935, 0, 0.401, 0, 1, 0, 1, 1, NULL),
(127124, 160936, 0, 0.218, 0, 1, 0, 1, 1, NULL),
(127124, 160937, 0, 2.697, 0, 1, 0, 1, 1, NULL),
(127124, 163911, 0, 0.218, 0, 1, 0, 1, 1, NULL),
(128551, 154897, 0, 72.556, 0, 1, 0, 1, 4, NULL),
(128551, 158808, 0, 37.603, 0, 1, 0, 1, 1, NULL),
(128551, 158818, 0, 4.453, 0, 1, 0, 1, 1, NULL),
(128551, 158870, 0, 53.857, 0, 1, 0, 1, 1, NULL),
(128551, 159158, 0, 0.138, 0, 1, 0, 1, 1, NULL),
(128551, 159161, 0, 0.017, 0, 1, 0, 1, 1, NULL),
(128551, 159162, 0, 0.1, 0, 1, 0, 1, 1, NULL),
(128551, 159163, 0, 0.184, 0, 1, 0, 1, 1, NULL),
(128551, 159164, 0, 0.11, 0, 1, 0, 1, 1, NULL),
(128551, 159166, 0, 0.122, 0, 1, 0, 1, 1, NULL),
(128551, 159167, 0, 0.1, 0, 1, 0, 1, 1, NULL),
(128551, 159168, 0, 0.115, 0, 1, 0, 1, 1, NULL),
(128551, 159171, 0, 0.067, 0, 1, 0, 1, 1, NULL),
(128551, 159172, 0, 0.142, 0, 1, 0, 1, 1, NULL),
(128551, 159173, 0, 0.141, 0, 1, 0, 1, 1, NULL),
(128551, 159174, 0, 0.19, 0, 1, 0, 1, 1, NULL),
(128551, 159184, 0, 0.102, 0, 1, 0, 1, 1, NULL),
(128551, 159185, 0, 0.225, 0, 1, 0, 1, 1, NULL),
(128551, 159186, 0, 0.062, 0, 1, 0, 1, 1, NULL),
(128551, 159187, 0, 0.186, 0, 1, 0, 1, 1, NULL),
(128551, 159188, 0, 0.109, 0, 1, 0, 1, 1, NULL),
(128551, 159189, 0, 0.246, 0, 1, 0, 1, 1, NULL),
(128551, 159228, 0, 0.149, 0, 1, 0, 1, 1, NULL),
(128551, 159229, 0, 0.096, 0, 1, 0, 1, 1, NULL),
(128551, 159230, 0, 0.16, 0, 1, 0, 1, 1, NULL),
(128551, 159473, 0, 0.037, 0, 1, 0, 1, 1, NULL),
(128551, 159493, 0, 0.006, 0, 1, 0, 1, 1, NULL),
(128551, 159494, 0, 0.031, 0, 1, 0, 1, 1, NULL),
(128551, 159496, 0, 0.006, 0, 1, 0, 1, 1, NULL),
(128551, 159497, 0, 0.082, 0, 1, 0, 1, 1, NULL),
(128551, 159501, 0, 0.086, 0, 1, 0, 1, 1, NULL),
(128551, 159504, 0, 0.03, 0, 1, 0, 1, 1, NULL),
(128551, 159509, 0, 0.006, 0, 1, 0, 1, 1, NULL),
(128551, 159511, 0, 0.013, 0, 1, 0, 1, 1, NULL),
(128551, 159519, 0, 0.053, 0, 1, 0, 1, 1, NULL),
(128551, 159522, 0, 0.03, 0, 1, 0, 1, 1, NULL),
(128551, 159523, 0, 0.105, 0, 1, 0, 1, 1, NULL),
(128551, 159524, 0, 0.021, 0, 1, 0, 1, 1, NULL),
(128551, 159537, 0, 0.006, 0, 1, 0, 1, 1, NULL),
(128551, 159539, 0, 0.006, 0, 1, 0, 1, 1, NULL),
(128551, 159540, 0, 0.075, 0, 1, 0, 1, 1, NULL),
(128551, 159551, 0, 0.008, 0, 1, 0, 1, 1, NULL),
(128551, 159560, 0, 0.01, 0, 1, 0, 1, 1, NULL),
(128551, 159564, 0, 0.011, 0, 1, 0, 1, 1, NULL),
(128551, 159566, 0, 0.021, 0, 1, 0, 1, 1, NULL),
(128551, 159569, 0, 0.053, 0, 1, 0, 1, 1, NULL),
(128551, 159571, 0, 0.069, 0, 1, 0, 1, 1, NULL),
(128551, 159584, 0, 0.037, 0, 1, 0, 1, 1, NULL),
(128551, 159587, 0, 0.094, 0, 1, 0, 1, 1, NULL),
(128551, 159589, 0, 0.133, 0, 1, 0, 1, 1, NULL),
(128551, 159593, 0, 0.011, 0, 1, 0, 1, 1, NULL),
(128551, 159602, 0, 0.058, 0, 1, 0, 1, 1, NULL),
(128551, 159604, 0, 0.09, 0, 1, 0, 1, 1, NULL),
(128551, 159605, 0, 0.06, 0, 1, 0, 1, 1, NULL),
(128551, 159797, 0, 0.037, 0, 1, 0, 1, 1, NULL),
(128551, 159799, 0, 0.006, 0, 1, 0, 1, 1, NULL),
(128551, 159800, 0, 0.053, 0, 1, 0, 1, 1, NULL),
(128551, 159802, 0, 0.038, 0, 1, 0, 1, 1, NULL),
(128551, 159803, 0, 0.006, 0, 1, 0, 1, 1, NULL),
(128551, 159805, 0, 0.031, 0, 1, 0, 1, 1, NULL),
(128551, 159806, 0, 0.006, 0, 1, 0, 1, 1, NULL),
(128551, 159818, 0, 0.008, 0, 1, 0, 1, 1, NULL),
(128551, 159820, 0, 0.016, 0, 1, 0, 1, 1, NULL),
(128551, 163938, 0, 0.021, 0, 1, 0, 1, 1, NULL),
(128551, 163969, 0, 0.072, 0, 1, 0, 1, 1, NULL),
(129526, 152576, 0, 49.604, 0, 1, 0, 1, 3, NULL),
(129526, 152577, 0, 3.883, 0, 1, 0, 1, 1, NULL),
(129526, 154772, 0, 0.198, 0, 1, 0, 1, 1, NULL),
(129526, 154773, 0, 0.594, 0, 1, 0, 1, 1, NULL),
(129526, 154774, 0, 1.862, 0, 1, 0, 1, 1, NULL),
(129526, 154776, 0, 0.238, 0, 1, 0, 1, 1, NULL),
(129526, 154778, 0, 1.106, 0, 1, 0, 1, 1, NULL),
(129526, 154781, 0, 0.198, 0, 1, 0, 1, 1, NULL),
(129526, 154782, 0, 3.922, 0, 1, 0, 1, 1, NULL),
(129526, 154785, 0, 2.243, 0, 1, 0, 1, 1, NULL),
(129526, 154787, 0, 1.466, 0, 1, 0, 1, 1, NULL),
(129526, 154788, 0, 0.634, 0, 1, 0, 1, 1, NULL),
(129526, 154789, 0, 2.06, 0, 1, 0, 1, 1, NULL),
(129526, 154790, 0, 0.503, 0, 1, 0, 1, 1, NULL),
(129526, 154791, 0, 0.753, 0, 1, 0, 1, 1, NULL),
(129526, 154792, 0, 0.716, 0, 1, 0, 1, 1, NULL),
(129526, 154793, 0, 1.862, 0, 1, 0, 1, 1, NULL),
(129526, 154795, 0, 3.922, 0, 1, 0, 1, 1, NULL),
(129526, 154796, 0, 4.487, 0, 1, 0, 1, 1, NULL),
(129526, 154798, 0, 4.487, 0, 1, 0, 1, 1, NULL),
(129526, 154802, 0, 0.198, 0, 1, 0, 1, 1, NULL),
(129526, 154803, 0, 0.198, 0, 1, 0, 1, 1, NULL),
(129526, 159158, 0, 2.139, 0, 1, 0, 1, 1, NULL),
(129526, 159161, 0, 0.198, 0, 1, 0, 1, 1, NULL),
(129526, 159162, 0, 0.396, 0, 1, 0, 1, 1, NULL),
(129526, 159163, 0, 0.238, 0, 1, 0, 1, 1, NULL),
(129526, 159164, 0, 1.307, 0, 1, 0, 1, 1, NULL),
(129526, 159166, 0, 0.594, 0, 1, 0, 1, 1, NULL),
(129526, 159167, 0, 2.932, 0, 1, 0, 1, 1, NULL),
(129526, 159168, 0, 2.243, 0, 1, 0, 1, 1, NULL),
(129526, 159171, 0, 1.766, 0, 1, 0, 1, 1, NULL),
(129526, 159173, 0, 4.715, 0, 1, 0, 1, 1, NULL),
(129526, 159184, 0, 0.503, 0, 1, 0, 1, 1, NULL),
(129526, 159185, 0, 0.198, 0, 1, 0, 1, 1, NULL),
(129526, 159186, 0, 0.198, 0, 1, 0, 1, 1, NULL),
(129526, 159187, 0, 1.189, 0, 1, 0, 1, 1, NULL),
(129526, 159188, 0, 1.862, 0, 1, 0, 1, 1, NULL),
(129526, 159189, 0, 1.268, 0, 1, 0, 1, 1, NULL),
(129526, 159229, 0, 0.594, 0, 1, 0, 1, 1, NULL),
(129526, 159475, 0, 0.198, 0, 1, 0, 1, 1, NULL),
(129526, 159497, 0, 2.243, 0, 1, 0, 1, 1, NULL),
(129526, 159509, 0, 0.396, 0, 1, 0, 1, 1, NULL),
(129526, 159511, 0, 0.198, 0, 1, 0, 1, 1, NULL),
(129526, 159519, 0, 1.07, 0, 1, 0, 1, 1, NULL),
(129526, 159522, 0, 1.862, 0, 1, 0, 1, 1, NULL),
(129526, 159523, 0, 0.198, 0, 1, 0, 1, 1, NULL),
(129526, 159537, 0, 0.198, 0, 1, 0, 1, 1, NULL),
(129526, 159539, 0, 0.503, 0, 1, 0, 1, 1, NULL),
(129526, 159551, 0, 1.575, 0, 1, 0, 1, 1, NULL),
(129526, 159568, 0, 1.862, 0, 1, 0, 1, 1, NULL),
(129526, 159569, 0, 1.307, 0, 1, 0, 1, 1, NULL),
(129526, 159585, 0, 1.506, 0, 1, 0, 1, 1, NULL),
(129526, 159593, 0, 0.555, 0, 1, 0, 1, 1, NULL),
(129526, 159805, 0, 1.193, 0, 1, 0, 1, 1, NULL),
(129526, 159820, 0, 1.106, 0, 1, 0, 1, 1, NULL),
(129526, 160924, 0, 0.594, 0, 1, 0, 1, 1, NULL),
(129526, 160925, 0, 0.239, 0, 1, 0, 1, 1, NULL),
(129526, 160926, 0, 0.198, 0, 1, 0, 1, 1, NULL),
(129526, 160929, 0, 0.198, 0, 1, 0, 1, 1, NULL),
(129526, 160931, 0, 0.198, 0, 1, 0, 1, 1, NULL),
(129526, 160934, 0, 1.862, 0, 1, 0, 1, 1, NULL),
(129526, 160936, 0, 0.198, 0, 1, 0, 1, 1, NULL),
(129526, 160937, 0, 0.198, 0, 1, 0, 1, 1, NULL),
(129526, 160938, 0, 0.198, 0, 1, 0, 1, 1, NULL),
(129526, 163911, 0, 1.575, 0, 1, 0, 1, 1, NULL),
(129527, 152576, 0, 54.133, 0, 1, 0, 1, 3, NULL),
(129527, 152577, 0, 7.728, 0, 1, 0, 1, 1, NULL),
(129527, 154772, 0, 0.458, 0, 1, 0, 1, 1, NULL),
(129527, 154773, 0, 0.727, 0, 1, 0, 1, 1, NULL),
(129527, 154774, 0, 0.067, 0, 1, 0, 1, 1, NULL),
(129527, 154775, 0, 0.369, 0, 1, 0, 1, 1, NULL),
(129527, 154776, 0, 0.056, 0, 1, 0, 1, 1, NULL),
(129527, 154777, 0, 0.123, 0, 1, 0, 1, 1, NULL),
(129527, 154778, 0, 0.157, 0, 1, 0, 1, 1, NULL),
(129527, 154781, 0, 0.526, 0, 1, 0, 1, 1, NULL),
(129527, 154782, 0, 0.28, 0, 1, 0, 1, 1, NULL),
(129527, 154784, 0, 0.19, 0, 1, 0, 1, 1, NULL),
(129527, 154785, 0, 0.28, 0, 1, 0, 1, 1, NULL),
(129527, 154786, 0, 0.816, 0, 1, 0, 1, 1, NULL),
(129527, 154787, 0, 0.056, 0, 1, 0, 1, 1, NULL),
(129527, 154788, 0, 0.056, 0, 1, 0, 1, 1, NULL),
(129527, 154789, 0, 0.727, 0, 1, 0, 1, 1, NULL),
(129527, 154790, 0, 0.783, 0, 1, 0, 1, 1, NULL),
(129527, 154791, 0, 0.213, 0, 1, 0, 1, 1, NULL),
(129527, 154793, 0, 0.257, 0, 1, 0, 1, 1, NULL),
(129527, 154794, 0, 1.051, 0, 1, 0, 1, 1, NULL),
(129527, 154795, 0, 1.546, 0, 1, 0, 1, 1, NULL),
(129527, 154797, 0, 0.582, 0, 1, 0, 1, 1, NULL),
(129527, 154799, 0, 0.112, 0, 1, 0, 1, 1, NULL),
(129527, 154800, 0, 0.638, 0, 1, 0, 1, 1, NULL),
(129527, 154801, 0, 0.57, 0, 1, 0, 1, 1, NULL),
(129527, 154802, 0, 0.112, 0, 1, 0, 1, 1, NULL),
(129527, 154803, 0, 0.425, 0, 1, 0, 1, 1, NULL),
(129527, 154804, 0, 0.112, 0, 1, 0, 1, 1, NULL),
(129527, 159158, 0, 1.118, 0, 1, 0, 1, 1, NULL),
(129527, 159161, 0, 0.112, 0, 1, 0, 1, 1, NULL),
(129527, 159162, 0, 0.179, 0, 1, 0, 1, 1, NULL),
(129527, 159163, 0, 0.649, 0, 1, 0, 1, 1, NULL),
(129527, 159164, 0, 1.309, 0, 1, 0, 1, 1, NULL),
(129527, 159166, 0, 0.436, 0, 1, 0, 1, 1, NULL),
(129527, 159167, 0, 0.179, 0, 1, 0, 1, 1, NULL),
(129527, 159168, 0, 0.447, 0, 1, 0, 1, 1, NULL),
(129527, 159171, 0, 1.309, 0, 1, 0, 1, 1, NULL),
(129527, 159172, 0, 0.693, 0, 1, 0, 1, 1, NULL),
(129527, 159173, 0, 0.514, 0, 1, 0, 1, 1, NULL),
(129527, 159174, 0, 0.973, 0, 1, 0, 1, 1, NULL),
(129527, 159184, 0, 0.168, 0, 1, 0, 1, 1, NULL),
(129527, 159185, 0, 1.331, 0, 1, 0, 1, 1, NULL),
(129527, 159186, 0, 0.414, 0, 1, 0, 1, 1, NULL),
(129527, 159187, 0, 0.056, 0, 1, 0, 1, 1, NULL),
(129527, 159188, 0, 1.32, 0, 1, 0, 1, 1, NULL),
(129527, 159189, 0, 0.559, 0, 1, 0, 1, 1, NULL),
(129527, 159228, 0, 0.503, 0, 1, 0, 1, 1, NULL),
(129527, 159229, 0, 1.566, 0, 1, 0, 1, 1, NULL),
(129527, 159230, 0, 0.526, 0, 1, 0, 1, 1, NULL),
(129527, 159473, 0, 0.056, 0, 1, 0, 1, 1, NULL),
(129527, 159474, 0, 0.056, 0, 1, 0, 1, 1, NULL),
(129527, 159475, 0, 0.562, 0, 1, 0, 1, 1, NULL),
(129527, 159494, 0, 0.056, 0, 1, 0, 1, 1, NULL),
(129527, 159496, 0, 1.32, 0, 1, 0, 1, 1, NULL),
(129527, 159497, 0, 0.582, 0, 1, 0, 1, 1, NULL),
(129527, 159509, 0, 0.302, 0, 1, 0, 1, 1, NULL),
(129527, 159511, 0, 0.224, 0, 1, 0, 1, 1, NULL),
(129527, 159521, 0, 0.235, 0, 1, 0, 1, 1, NULL),
(129527, 159524, 0, 0.157, 0, 1, 0, 1, 1, NULL),
(129527, 159525, 0, 0.201, 0, 1, 0, 1, 1, NULL),
(129527, 159537, 0, 0.562, 0, 1, 0, 1, 1, NULL),
(129527, 159539, 0, 0.582, 0, 1, 0, 1, 1, NULL),
(129527, 159540, 0, 0.056, 0, 1, 0, 1, 1, NULL),
(129527, 159551, 0, 0.562, 0, 1, 0, 1, 1, NULL),
(129527, 159560, 0, 0.387, 0, 1, 0, 1, 1, NULL),
(129527, 159564, 0, 0.06, 0, 1, 0, 1, 1, NULL),
(129527, 159566, 0, 0.056, 0, 1, 0, 1, 1, NULL),
(129527, 159568, 0, 0.112, 0, 1, 0, 1, 1, NULL),
(129527, 159571, 0, 0.693, 0, 1, 0, 1, 1, NULL),
(129527, 159584, 0, 0.168, 0, 1, 0, 1, 1, NULL),
(129527, 159585, 0, 0.526, 0, 1, 0, 1, 1, NULL),
(129527, 159587, 0, 0.072, 0, 1, 0, 1, 1, NULL),
(129527, 159589, 0, 0.112, 0, 1, 0, 1, 1, NULL),
(129527, 159590, 0, 0.369, 0, 1, 0, 1, 1, NULL),
(129527, 159593, 0, 0.649, 0, 1, 0, 1, 1, NULL),
(129527, 159602, 0, 0.436, 0, 1, 0, 1, 1, NULL),
(129527, 159604, 0, 0.056, 0, 1, 0, 1, 1, NULL),
(129527, 159797, 0, 0.885, 0, 1, 0, 1, 1, NULL),
(129527, 159799, 0, 0.582, 0, 1, 0, 1, 1, NULL),
(129527, 159802, 0, 0.123, 0, 1, 0, 1, 1, NULL),
(129527, 159803, 0, 0.157, 0, 1, 0, 1, 1, NULL),
(129527, 159818, 0, 0.358, 0, 1, 0, 1, 1, NULL),
(129527, 159820, 0, 0.562, 0, 1, 0, 1, 1, NULL),
(129527, 160924, 0, 0.425, 0, 1, 0, 1, 1, NULL),
(129527, 160925, 0, 0.358, 0, 1, 0, 1, 1, NULL),
(129527, 160926, 0, 0.369, 0, 1, 0, 1, 1, NULL),
(129527, 160928, 0, 0.168, 0, 1, 0, 1, 1, NULL),
(129527, 160929, 0, 1.32, 0, 1, 0, 1, 1, NULL),
(129527, 160930, 0, 0.179, 0, 1, 0, 1, 1, NULL),
(129527, 160931, 0, 0.526, 0, 1, 0, 1, 1, NULL),
(129527, 160933, 0, 0.693, 0, 1, 0, 1, 1, NULL),
(129527, 160934, 0, 0.761, 0, 1, 0, 1, 1, NULL),
(129527, 160935, 0, 0.056, 0, 1, 0, 1, 1, NULL),
(129527, 160937, 0, 0.056, 0, 1, 0, 1, 1, NULL),
(129527, 160938, 0, 0.168, 0, 1, 0, 1, 1, NULL),
(129527, 163902, 0, 0.056, 0, 1, 0, 1, 1, NULL),
(129527, 163908, 0, 0.157, 0, 1, 0, 1, 1, NULL),
(129527, 163947, 0, 0.056, 0, 1, 0, 1, 1, NULL),
(129527, 163966, 0, 0.395, 0, 1, 0, 1, 1, NULL),
(129529, 152576, 0, 51.567, 0, 1, 0, 1, 3, NULL),
(129529, 152577, 0, 5.604, 0, 1, 0, 1, 1, NULL),
(129529, 154770, 0, 0.406, 0, 1, 0, 1, 1, NULL),
(129529, 154771, 0, 0.061, 0, 1, 0, 1, 1, NULL),
(129529, 154773, 0, 0.061, 0, 1, 0, 1, 1, NULL),
(129529, 154774, 0, 0.737, 0, 1, 0, 1, 1, NULL),
(129529, 154775, 0, 1.427, 0, 1, 0, 1, 1, NULL),
(129529, 154776, 0, 0.885, 0, 1, 0, 1, 1, NULL),
(129529, 154777, 0, 0.295, 0, 1, 0, 1, 1, NULL),
(129529, 154780, 0, 0.221, 0, 1, 0, 1, 1, NULL),
(129529, 154782, 0, 0.528, 0, 1, 0, 1, 1, NULL),
(129529, 154784, 0, 0.586, 0, 1, 0, 1, 1, NULL),
(129529, 154785, 0, 1.02, 0, 1, 0, 1, 1, NULL),
(129529, 154786, 0, 0.369, 0, 1, 0, 1, 1, NULL),
(129529, 154787, 0, 0.418, 0, 1, 0, 1, 1, NULL),
(129529, 154788, 0, 0.246, 0, 1, 0, 1, 1, NULL),
(129529, 154789, 0, 0.639, 0, 1, 0, 1, 1, NULL),
(129529, 154790, 0, 0.123, 0, 1, 0, 1, 1, NULL),
(129529, 154791, 0, 0.541, 0, 1, 0, 1, 1, NULL),
(129529, 154792, 0, 0.516, 0, 1, 0, 1, 1, NULL),
(129529, 154793, 0, 1.106, 0, 1, 0, 1, 1, NULL),
(129529, 154796, 0, 1.235, 0, 1, 0, 1, 1, NULL),
(129529, 154798, 0, 1.173, 0, 1, 0, 1, 1, NULL),
(129529, 154800, 0, 0.649, 0, 1, 0, 1, 1, NULL),
(129529, 154801, 0, 0.125, 0, 1, 0, 1, 1, NULL),
(129529, 154802, 0, 0.873, 0, 1, 0, 1, 1, NULL),
(129529, 154803, 0, 0.639, 0, 1, 0, 1, 1, NULL),
(129529, 154804, 0, 0.639, 0, 1, 0, 1, 1, NULL),
(129529, 159158, 0, 0.762, 0, 1, 0, 1, 1, NULL),
(129529, 159161, 0, 2.925, 0, 1, 0, 1, 1, NULL),
(129529, 159162, 0, 0.061, 0, 1, 0, 1, 1, NULL),
(129529, 159163, 0, 0.897, 0, 1, 0, 1, 1, NULL),
(129529, 159164, 0, 1.364, 0, 1, 0, 1, 1, NULL),
(129529, 159166, 0, 0.246, 0, 1, 0, 1, 1, NULL),
(129529, 159167, 0, 0.061, 0, 1, 0, 1, 1, NULL),
(129529, 159168, 0, 1.192, 0, 1, 0, 1, 1, NULL),
(129529, 159171, 0, 0.922, 0, 1, 0, 1, 1, NULL),
(129529, 159172, 0, 0.922, 0, 1, 0, 1, 1, NULL),
(129529, 159173, 0, 1.389, 0, 1, 0, 1, 1, NULL),
(129529, 159174, 0, 0.307, 0, 1, 0, 1, 1, NULL),
(129529, 159184, 0, 0.737, 0, 1, 0, 1, 1, NULL),
(129529, 159185, 0, 2.323, 0, 1, 0, 1, 1, NULL),
(129529, 159186, 0, 0.578, 0, 1, 0, 1, 1, NULL),
(129529, 159187, 0, 1.45, 0, 1, 0, 1, 1, NULL),
(129529, 159188, 0, 0.749, 0, 1, 0, 1, 1, NULL),
(129529, 159189, 0, 1.241, 0, 1, 0, 1, 1, NULL),
(129529, 159228, 0, 1.106, 0, 1, 0, 1, 1, NULL),
(129529, 159229, 0, 0.909, 0, 1, 0, 1, 1, NULL),
(129529, 159230, 0, 0.492, 0, 1, 0, 1, 1, NULL),
(129529, 159474, 0, 0.123, 0, 1, 0, 1, 1, NULL),
(129529, 159475, 0, 0.135, 0, 1, 0, 1, 1, NULL),
(129529, 159493, 0, 0.617, 0, 1, 0, 1, 1, NULL),
(129529, 159496, 0, 0.578, 0, 1, 0, 1, 1, NULL),
(129529, 159502, 0, 0.352, 0, 1, 0, 1, 1, NULL),
(129529, 159504, 0, 0.406, 0, 1, 0, 1, 1, NULL),
(129529, 159509, 0, 0.909, 0, 1, 0, 1, 1, NULL),
(129529, 159511, 0, 0.123, 0, 1, 0, 1, 1, NULL),
(129529, 159519, 0, 0.578, 0, 1, 0, 1, 1, NULL),
(129529, 159520, 0, 0.725, 0, 1, 0, 1, 1, NULL),
(129529, 159521, 0, 0.234, 0, 1, 0, 1, 1, NULL),
(129529, 159522, 0, 0.062, 0, 1, 0, 1, 1, NULL),
(129529, 159523, 0, 0.061, 0, 1, 0, 1, 1, NULL),
(129529, 159525, 0, 0.412, 0, 1, 0, 1, 1, NULL),
(129529, 159537, 0, 0.307, 0, 1, 0, 1, 1, NULL),
(129529, 159539, 0, 0.578, 0, 1, 0, 1, 1, NULL),
(129529, 159540, 0, 0.141, 0, 1, 0, 1, 1, NULL),
(129529, 159551, 0, 0.578, 0, 1, 0, 1, 1, NULL),
(129529, 159564, 0, 0.578, 0, 1, 0, 1, 1, NULL),
(129529, 159566, 0, 0.412, 0, 1, 0, 1, 1, NULL),
(129529, 159568, 0, 0.332, 0, 1, 0, 1, 1, NULL),
(129529, 159571, 0, 0.393, 0, 1, 0, 1, 1, NULL),
(129529, 159585, 0, 0.586, 0, 1, 0, 1, 1, NULL),
(129529, 159587, 0, 0.578, 0, 1, 0, 1, 1, NULL),
(129529, 159589, 0, 0.337, 0, 1, 0, 1, 1, NULL),
(129529, 159590, 0, 0.135, 0, 1, 0, 1, 1, NULL),
(129529, 159593, 0, 0.983, 0, 1, 0, 1, 1, NULL),
(129529, 159602, 0, 0.307, 0, 1, 0, 1, 1, NULL),
(129529, 159604, 0, 0.406, 0, 1, 0, 1, 1, NULL),
(129529, 159800, 0, 0.332, 0, 1, 0, 1, 1, NULL),
(129529, 159802, 0, 0.062, 0, 1, 0, 1, 1, NULL),
(129529, 159806, 0, 0.197, 0, 1, 0, 1, 1, NULL),
(129529, 159818, 0, 0.639, 0, 1, 0, 1, 1, NULL),
(129529, 159820, 0, 0.123, 0, 1, 0, 1, 1, NULL),
(129529, 160924, 0, 0.369, 0, 1, 0, 1, 1, NULL),
(129529, 160925, 0, 0.676, 0, 1, 0, 1, 1, NULL),
(129529, 160926, 0, 0.16, 0, 1, 0, 1, 1, NULL),
(129529, 160927, 0, 0.651, 0, 1, 0, 1, 1, NULL),
(129529, 160929, 0, 0.467, 0, 1, 0, 1, 1, NULL),
(129529, 160930, 0, 0.307, 0, 1, 0, 1, 1, NULL),
(129529, 160931, 0, 0.221, 0, 1, 0, 1, 1, NULL),
(129529, 160933, 0, 0.123, 0, 1, 0, 1, 1, NULL),
(129529, 160935, 0, 0.586, 0, 1, 0, 1, 1, NULL),
(129529, 160936, 0, 0.123, 0, 1, 0, 1, 1, NULL),
(129529, 160937, 0, 0.061, 0, 1, 0, 1, 1, NULL),
(129529, 160938, 0, 0.061, 0, 1, 0, 1, 1, NULL),
(129529, 163911, 0, 0.44, 0, 1, 0, 1, 1, NULL),
(129529, 163943, 0, 0.828, 0, 1, 0, 1, 1, NULL),
(129529, 163957, 0, 0.111, 0, 1, 0, 1, 1, NULL),
(129547, 152576, 0, 51.281, 0, 1, 0, 1, 3, NULL),
(129547, 152577, 0, 8.04, 0, 1, 0, 1, 1, NULL),
(129547, 154770, 0, 0.453, 0, 1, 0, 1, 1, NULL),
(129547, 154771, 0, 0.501, 0, 1, 0, 1, 1, NULL),
(129547, 154772, 0, 0.674, 0, 1, 0, 1, 1, NULL),
(129547, 154774, 0, 0.144, 0, 1, 0, 1, 1, NULL),
(129547, 154775, 0, 0.25, 0, 1, 0, 1, 1, NULL),
(129547, 154777, 0, 0.183, 0, 1, 0, 1, 1, NULL),
(129547, 154778, 0, 0.241, 0, 1, 0, 1, 1, NULL),
(129547, 154780, 0, 0.144, 0, 1, 0, 1, 1, NULL),
(129547, 154781, 0, 0.376, 0, 1, 0, 1, 1, NULL),
(129547, 154784, 0, 0.135, 0, 1, 0, 1, 1, NULL),
(129547, 154785, 0, 0.289, 0, 1, 0, 1, 1, NULL),
(129547, 154786, 0, 0.77, 0, 1, 0, 1, 1, NULL),
(129547, 154787, 0, 0.616, 0, 1, 0, 1, 1, NULL),
(129547, 154788, 0, 0.453, 0, 1, 0, 1, 1, NULL),
(129547, 154789, 0, 1.406, 0, 1, 0, 1, 1, NULL),
(129547, 154790, 0, 0.414, 0, 1, 0, 1, 1, NULL),
(129547, 154792, 0, 0.048, 0, 1, 0, 1, 1, NULL),
(129547, 154793, 0, 0.453, 0, 1, 0, 1, 1, NULL),
(129547, 154795, 0, 0.645, 0, 1, 0, 1, 1, NULL),
(129547, 154796, 0, 0.684, 0, 1, 0, 1, 1, NULL),
(129547, 154799, 0, 0.27, 0, 1, 0, 1, 1, NULL),
(129547, 154801, 0, 0.953, 0, 1, 0, 1, 1, NULL),
(129547, 154802, 0, 0.106, 0, 1, 0, 1, 1, NULL),
(129547, 154803, 0, 0.915, 0, 1, 0, 1, 1, NULL),
(129547, 154804, 0, 0.491, 0, 1, 0, 1, 1, NULL),
(129547, 159158, 0, 0.761, 0, 1, 0, 1, 1, NULL),
(129547, 159161, 0, 0.048, 0, 1, 0, 1, 1, NULL),
(129547, 159162, 0, 0.847, 0, 1, 0, 1, 1, NULL),
(129547, 159163, 0, 0.376, 0, 1, 0, 1, 1, NULL),
(129547, 159164, 0, 1.309, 0, 1, 0, 1, 1, NULL),
(129547, 159166, 0, 0.712, 0, 1, 0, 1, 1, NULL),
(129547, 159167, 0, 0.684, 0, 1, 0, 1, 1, NULL),
(129547, 159168, 0, 0.645, 0, 1, 0, 1, 1, NULL),
(129547, 159171, 0, 1.271, 0, 1, 0, 1, 1, NULL),
(129547, 159172, 0, 1.078, 0, 1, 0, 1, 1, NULL),
(129547, 159173, 0, 1.55, 0, 1, 0, 1, 1, NULL),
(129547, 159174, 0, 0.953, 0, 1, 0, 1, 1, NULL),
(129547, 159184, 0, 1.675, 0, 1, 0, 1, 1, NULL),
(129547, 159185, 0, 1.136, 0, 1, 0, 1, 1, NULL),
(129547, 159186, 0, 0.453, 0, 1, 0, 1, 1, NULL),
(129547, 159187, 0, 0.847, 0, 1, 0, 1, 1, NULL),
(129547, 159188, 0, 1.695, 0, 1, 0, 1, 1, NULL),
(129547, 159189, 0, 0.809, 0, 1, 0, 1, 1, NULL),
(129547, 159228, 0, 1.281, 0, 1, 0, 1, 1, NULL),
(129547, 159229, 0, 0.135, 0, 1, 0, 1, 1, NULL),
(129547, 159230, 0, 0.501, 0, 1, 0, 1, 1, NULL),
(129547, 159474, 0, 0.366, 0, 1, 0, 1, 1, NULL),
(129547, 159475, 0, 0.183, 0, 1, 0, 1, 1, NULL),
(129547, 159493, 0, 0.318, 0, 1, 0, 1, 1, NULL),
(129547, 159494, 0, 0.441, 0, 1, 0, 1, 1, NULL),
(129547, 159496, 0, 0.173, 0, 1, 0, 1, 1, NULL),
(129547, 159502, 0, 0.144, 0, 1, 0, 1, 1, NULL),
(129547, 159504, 0, 0.318, 0, 1, 0, 1, 1, NULL),
(129547, 159520, 0, 0.048, 0, 1, 0, 1, 1, NULL),
(129547, 159521, 0, 0.434, 0, 1, 0, 1, 1, NULL),
(129547, 159522, 0, 0.434, 0, 1, 0, 1, 1, NULL),
(129547, 159523, 0, 0.096, 0, 1, 0, 1, 1, NULL),
(129547, 159524, 0, 0.337, 0, 1, 0, 1, 1, NULL),
(129547, 159525, 0, 0.308, 0, 1, 0, 1, 1, NULL),
(129547, 159537, 0, 0.629, 0, 1, 0, 1, 1, NULL),
(129547, 159551, 0, 0.739, 0, 1, 0, 1, 1, NULL),
(129547, 159560, 0, 1.257, 0, 1, 0, 1, 1, NULL),
(129547, 159568, 0, 0.25, 0, 1, 0, 1, 1, NULL),
(129547, 159569, 0, 0.125, 0, 1, 0, 1, 1, NULL),
(129547, 159571, 0, 0.26, 0, 1, 0, 1, 1, NULL),
(129547, 159584, 0, 0.26, 0, 1, 0, 1, 1, NULL),
(129547, 159585, 0, 0.869, 0, 1, 0, 1, 1, NULL),
(129547, 159587, 0, 0.135, 0, 1, 0, 1, 1, NULL),
(129547, 159589, 0, 0.318, 0, 1, 0, 1, 1, NULL),
(129547, 159590, 0, 0.241, 0, 1, 0, 1, 1, NULL),
(129547, 159602, 0, 0.26, 0, 1, 0, 1, 1, NULL),
(129547, 159604, 0, 0.048, 0, 1, 0, 1, 1, NULL),
(129547, 159605, 0, 0.318, 0, 1, 0, 1, 1, NULL),
(129547, 159799, 0, 0.048, 0, 1, 0, 1, 1, NULL),
(129547, 159800, 0, 0.453, 0, 1, 0, 1, 1, NULL),
(129547, 159802, 0, 0.318, 0, 1, 0, 1, 1, NULL),
(129547, 159803, 0, 0.096, 0, 1, 0, 1, 1, NULL),
(129547, 159805, 0, 0.144, 0, 1, 0, 1, 1, NULL),
(129547, 159806, 0, 0.736, 0, 1, 0, 1, 1, NULL),
(129547, 159818, 0, 0.629, 0, 1, 0, 1, 1, NULL),
(129547, 160925, 0, 0.144, 0, 1, 0, 1, 1, NULL),
(129547, 160926, 0, 0.096, 0, 1, 0, 1, 1, NULL),
(129547, 160928, 0, 1.127, 0, 1, 0, 1, 1, NULL),
(129547, 160929, 0, 0.501, 0, 1, 0, 1, 1, NULL),
(129547, 160930, 0, 0.895, 0, 1, 0, 1, 1, NULL),
(129547, 160931, 0, 0.501, 0, 1, 0, 1, 1, NULL),
(129547, 160932, 0, 1.044, 0, 1, 0, 1, 1, NULL),
(129547, 160933, 0, 0.558, 0, 1, 0, 1, 1, NULL),
(129547, 160935, 0, 0.453, 0, 1, 0, 1, 1, NULL),
(129547, 160936, 0, 0.241, 0, 1, 0, 1, 1, NULL),
(129547, 160937, 0, 0.626, 0, 1, 0, 1, 1, NULL),
(129547, 160938, 0, 0.318, 0, 1, 0, 1, 1, NULL),
(129547, 163902, 0, 0.434, 0, 1, 0, 1, 1, NULL),
(129547, 163906, 0, 0.201, 0, 1, 0, 1, 1, NULL),
(129547, 163908, 0, 0.129, 0, 1, 0, 1, 1, NULL),
(129547, 163942, 0, 0.629, 0, 1, 0, 1, 1, NULL),
(129547, 163967, 0, 0.048, 0, 1, 0, 1, 1, NULL),
(129548, 152576, 0, 50.937, 0, 1, 0, 1, 3, NULL),
(129548, 152577, 0, 3.893, 0, 1, 0, 1, 1, NULL),
(129548, 154770, 0, 0.325, 0, 1, 0, 1, 1, NULL),
(129548, 154771, 0, 0.134, 0, 1, 0, 1, 1, NULL),
(129548, 154772, 0, 0.096, 0, 1, 0, 1, 1, NULL),
(129548, 154773, 0, 0.296, 0, 1, 0, 1, 1, NULL),
(129548, 154774, 0, 0.45, 0, 1, 0, 1, 1, NULL),
(129548, 154775, 0, 0.373, 0, 1, 0, 1, 1, NULL),
(129548, 154776, 0, 0.048, 0, 1, 0, 1, 1, NULL),
(129548, 154777, 0, 0.45, 0, 1, 0, 1, 1, NULL),
(129548, 154778, 0, 0.889, 0, 1, 0, 1, 1, NULL),
(129548, 154779, 0, 0.789, 0, 1, 0, 1, 1, NULL),
(129548, 154780, 0, 0.622, 0, 1, 0, 1, 1, NULL),
(129548, 154781, 0, 0.21, 0, 1, 0, 1, 1, NULL),
(129548, 154782, 0, 0.143, 0, 1, 0, 1, 1, NULL),
(129548, 154783, 0, 1.062, 0, 1, 0, 1, 1, NULL),
(129548, 154784, 0, 0.306, 0, 1, 0, 1, 1, NULL),
(129548, 154785, 0, 0.689, 0, 1, 0, 1, 1, NULL),
(129548, 154786, 0, 1.023, 0, 1, 0, 1, 1, NULL),
(129548, 154787, 0, 0.497, 0, 1, 0, 1, 1, NULL),
(129548, 154788, 0, 0.45, 0, 1, 0, 1, 1, NULL),
(129548, 154789, 0, 0.182, 0, 1, 0, 1, 1, NULL),
(129548, 154790, 0, 0.258, 0, 1, 0, 1, 1, NULL),
(129548, 154791, 0, 0.526, 0, 1, 0, 1, 1, NULL),
(129548, 154792, 0, 0.66, 0, 1, 0, 1, 1, NULL),
(129548, 154795, 0, 0.453, 0, 1, 0, 1, 1, NULL),
(129548, 154799, 0, 0.45, 0, 1, 0, 1, 1, NULL),
(129548, 154800, 0, 1.262, 0, 1, 0, 1, 1, NULL),
(129548, 154801, 0, 0.316, 0, 1, 0, 1, 1, NULL),
(129548, 154802, 0, 1.023, 0, 1, 0, 1, 1, NULL),
(129548, 154803, 0, 0.048, 0, 1, 0, 1, 1, NULL),
(129548, 154804, 0, 0.048, 0, 1, 0, 1, 1, NULL),
(129548, 159158, 0, 0.048, 0, 1, 0, 1, 1, NULL),
(129548, 159161, 0, 1.578, 0, 1, 0, 1, 1, NULL),
(129548, 159162, 0, 0.43, 0, 1, 0, 1, 1, NULL),
(129548, 159163, 0, 1.262, 0, 1, 0, 1, 1, NULL),
(129548, 159164, 0, 0.612, 0, 1, 0, 1, 1, NULL),
(129548, 159166, 0, 1.138, 0, 1, 0, 1, 1, NULL),
(129548, 159167, 0, 5.241, 0, 1, 0, 1, 1, NULL),
(129548, 159168, 0, 0.612, 0, 1, 0, 1, 1, NULL),
(129548, 159171, 0, 1.262, 0, 1, 0, 1, 1, NULL),
(129548, 159172, 0, 0.928, 0, 1, 0, 1, 1, NULL),
(129548, 159173, 0, 0.383, 0, 1, 0, 1, 1, NULL),
(129548, 159174, 0, 0.784, 0, 1, 0, 1, 1, NULL),
(129548, 159184, 0, 0.679, 0, 1, 0, 1, 1, NULL),
(129548, 159185, 0, 0.45, 0, 1, 0, 1, 1, NULL),
(129548, 159186, 0, 0.545, 0, 1, 0, 1, 1, NULL),
(129548, 159187, 0, 2.228, 0, 1, 0, 1, 1, NULL),
(129548, 159188, 0, 0.622, 0, 1, 0, 1, 1, NULL),
(129548, 159189, 0, 0.689, 0, 1, 0, 1, 1, NULL),
(129548, 159228, 0, 0.43, 0, 1, 0, 1, 1, NULL),
(129548, 159229, 0, 0.22, 0, 1, 0, 1, 1, NULL),
(129548, 159230, 0, 0.861, 0, 1, 0, 1, 1, NULL),
(129548, 159474, 0, 0.048, 0, 1, 0, 1, 1, NULL),
(129548, 159475, 0, 0.154, 0, 1, 0, 1, 1, NULL),
(129548, 159493, 0, 0.134, 0, 1, 0, 1, 1, NULL),
(129548, 159494, 0, 0.483, 0, 1, 0, 1, 1, NULL),
(129548, 159496, 0, 0.048, 0, 1, 0, 1, 1, NULL),
(129548, 159497, 0, 0.105, 0, 1, 0, 1, 1, NULL),
(129548, 159502, 0, 0.354, 0, 1, 0, 1, 1, NULL),
(129548, 159509, 0, 0.048, 0, 1, 0, 1, 1, NULL),
(129548, 159511, 0, 3.194, 0, 1, 0, 1, 1, NULL),
(129548, 159519, 0, 0.092, 0, 1, 0, 1, 1, NULL),
(129548, 159520, 0, 0.143, 0, 1, 0, 1, 1, NULL),
(129548, 159521, 0, 0.084, 0, 1, 0, 1, 1, NULL),
(129548, 159522, 0, 0.143, 0, 1, 0, 1, 1, NULL),
(129548, 159523, 0, 0.593, 0, 1, 0, 1, 1, NULL),
(129548, 159524, 0, 0.497, 0, 1, 0, 1, 1, NULL),
(129548, 159537, 0, 0.134, 0, 1, 0, 1, 1, NULL),
(129548, 159539, 0, 0.239, 0, 1, 0, 1, 1, NULL),
(129548, 159551, 0, 0.123, 0, 1, 0, 1, 1, NULL),
(129548, 159560, 0, 0.268, 0, 1, 0, 1, 1, NULL),
(129548, 159568, 0, 0.363, 0, 1, 0, 1, 1, NULL),
(129548, 159569, 0, 0.134, 0, 1, 0, 1, 1, NULL),
(129548, 159571, 0, 0.143, 0, 1, 0, 1, 1, NULL),
(129548, 159584, 0, 0.048, 0, 1, 0, 1, 1, NULL),
(129548, 159585, 0, 0.316, 0, 1, 0, 1, 1, NULL),
(129548, 159587, 0, 0.124, 0, 1, 0, 1, 1, NULL),
(129548, 159589, 0, 0.042, 0, 1, 0, 1, 1, NULL),
(129548, 159590, 0, 0.051, 0, 1, 0, 1, 1, NULL),
(129548, 159602, 0, 0.335, 0, 1, 0, 1, 1, NULL),
(129548, 159604, 0, 0.143, 0, 1, 0, 1, 1, NULL),
(129548, 159605, 0, 0.096, 0, 1, 0, 1, 1, NULL),
(129548, 159797, 0, 0.277, 0, 1, 0, 1, 1, NULL),
(129548, 159799, 0, 0.497, 0, 1, 0, 1, 1, NULL),
(129548, 159800, 0, 0.316, 0, 1, 0, 1, 1, NULL),
(129548, 159802, 0, 0.048, 0, 1, 0, 1, 1, NULL),
(129548, 159805, 0, 0.143, 0, 1, 0, 1, 1, NULL),
(129548, 159806, 0, 0.048, 0, 1, 0, 1, 1, NULL),
(129548, 159818, 0, 0.048, 0, 1, 0, 1, 1, NULL),
(129548, 159820, 0, 0.277, 0, 1, 0, 1, 1, NULL),
(129548, 160925, 0, 0.784, 0, 1, 0, 1, 1, NULL),
(129548, 160926, 0, 0.45, 0, 1, 0, 1, 1, NULL),
(129548, 160928, 0, 0.134, 0, 1, 0, 1, 1, NULL),
(129548, 160929, 0, 0.096, 0, 1, 0, 1, 1, NULL),
(129548, 160930, 0, 0.143, 0, 1, 0, 1, 1, NULL),
(129548, 160931, 0, 0.191, 0, 1, 0, 1, 1, NULL),
(129548, 160933, 0, 0.497, 0, 1, 0, 1, 1, NULL),
(129548, 160935, 0, 0.622, 0, 1, 0, 1, 1, NULL),
(129548, 160936, 0, 1.09, 0, 1, 0, 1, 1, NULL),
(129548, 160937, 0, 0.545, 0, 1, 0, 1, 1, NULL),
(129548, 163906, 0, 0.154, 0, 1, 0, 1, 1, NULL),
(129548, 163941, 0, 0.257, 0, 1, 0, 1, 1, NULL),
(129550, 152576, 0, 56.991, 0, 1, 0, 1, 3, NULL),
(129550, 152577, 0, 5.884, 0, 1, 0, 1, 1, NULL),
(129550, 154770, 0, 1.487, 0, 1, 0, 1, 1, NULL),
(129550, 154771, 0, 0.475, 0, 1, 0, 1, 1, NULL),
(129550, 154772, 0, 0.619, 0, 1, 0, 1, 1, NULL),
(129550, 154773, 0, 0.265, 0, 1, 0, 1, 1, NULL),
(129550, 154775, 0, 0.221, 0, 1, 0, 1, 1, NULL),
(129550, 154777, 0, 0.522, 0, 1, 0, 1, 1, NULL),
(129550, 154778, 0, 1.385, 0, 1, 0, 1, 1, NULL),
(129550, 154780, 0, 0.158, 0, 1, 0, 1, 1, NULL),
(129550, 154782, 0, 0.079, 0, 1, 0, 1, 1, NULL),
(129550, 154784, 0, 0.221, 0, 1, 0, 1, 1, NULL),
(129550, 154785, 0, 1.171, 0, 1, 0, 1, 1, NULL),
(129550, 154786, 0, 0.823, 0, 1, 0, 1, 1, NULL),
(129550, 154787, 0, 0.206, 0, 1, 0, 1, 1, NULL),
(129550, 154788, 0, 0.079, 0, 1, 0, 1, 1, NULL),
(129550, 154789, 0, 0.443, 0, 1, 0, 1, 1, NULL),
(129550, 154790, 0, 0.265, 0, 1, 0, 1, 1, NULL),
(129550, 154793, 0, 0.079, 0, 1, 0, 1, 1, NULL),
(129550, 154795, 0, 1.091, 0, 1, 0, 1, 1, NULL),
(129550, 154797, 0, 1.385, 0, 1, 0, 1, 1, NULL),
(129550, 154798, 0, 1.677, 0, 1, 0, 1, 1, NULL),
(129550, 154801, 0, 0.743, 0, 1, 0, 1, 1, NULL),
(129550, 154802, 0, 0.237, 0, 1, 0, 1, 1, NULL),
(129550, 154803, 0, 0.079, 0, 1, 0, 1, 1, NULL),
(129550, 154804, 0, 0.855, 0, 1, 0, 1, 1, NULL),
(129550, 154805, 0, 1.171, 0, 1, 0, 1, 1, NULL),
(129550, 159158, 0, 0.158, 0, 1, 0, 1, 1, NULL),
(129550, 159161, 0, 1.787, 0, 1, 0, 1, 1, NULL),
(129550, 159162, 0, 1.882, 0, 1, 0, 1, 1, NULL),
(129550, 159163, 0, 1.993, 0, 1, 0, 1, 1, NULL),
(129550, 159166, 0, 3.069, 0, 1, 0, 1, 1, NULL),
(129550, 159167, 0, 0.079, 0, 1, 0, 1, 1, NULL),
(129550, 159168, 0, 0.601, 0, 1, 0, 1, 1, NULL),
(129550, 159172, 0, 1.663, 0, 1, 0, 1, 1, NULL),
(129550, 159173, 0, 1.155, 0, 1, 0, 1, 1, NULL),
(129550, 159174, 0, 0.743, 0, 1, 0, 1, 1, NULL),
(129550, 159184, 0, 1.487, 0, 1, 0, 1, 1, NULL),
(129550, 159185, 0, 0.68, 0, 1, 0, 1, 1, NULL),
(129550, 159186, 0, 0.49, 0, 1, 0, 1, 1, NULL),
(129550, 159187, 0, 0.538, 0, 1, 0, 1, 1, NULL),
(129550, 159188, 0, 1.345, 0, 1, 0, 1, 1, NULL),
(129550, 159189, 0, 0.68, 0, 1, 0, 1, 1, NULL),
(129550, 159228, 0, 0.316, 0, 1, 0, 1, 1, NULL),
(129550, 159229, 0, 1.202, 0, 1, 0, 1, 1, NULL),
(129550, 159230, 0, 0.601, 0, 1, 0, 1, 1, NULL),
(129550, 159473, 0, 0.395, 0, 1, 0, 1, 1, NULL),
(129550, 159474, 0, 0.427, 0, 1, 0, 1, 1, NULL),
(129550, 159493, 0, 0.522, 0, 1, 0, 1, 1, NULL),
(129550, 159494, 0, 0.823, 0, 1, 0, 1, 1, NULL),
(129550, 159497, 0, 0.079, 0, 1, 0, 1, 1, NULL),
(129550, 159501, 0, 1.171, 0, 1, 0, 1, 1, NULL),
(129550, 159525, 0, 0.823, 0, 1, 0, 1, 1, NULL),
(129550, 159537, 0, 0.079, 0, 1, 0, 1, 1, NULL),
(129550, 159539, 0, 0.088, 0, 1, 0, 1, 1, NULL),
(129550, 159540, 0, 0.584, 0, 1, 0, 1, 1, NULL),
(129550, 159551, 0, 0.079, 0, 1, 0, 1, 1, NULL),
(129550, 159568, 0, 1.329, 0, 1, 0, 1, 1, NULL),
(129550, 159569, 0, 0.206, 0, 1, 0, 1, 1, NULL),
(129550, 159571, 0, 0.079, 0, 1, 0, 1, 1, NULL),
(129550, 159584, 0, 0.212, 0, 1, 0, 1, 1, NULL),
(129550, 159589, 0, 0.19, 0, 1, 0, 1, 1, NULL),
(129550, 159590, 0, 0.478, 0, 1, 0, 1, 1, NULL),
(129550, 159800, 0, 0.693, 0, 1, 0, 1, 1, NULL),
(129550, 159802, 0, 0.079, 0, 1, 0, 1, 1, NULL),
(129550, 159805, 0, 0.221, 0, 1, 0, 1, 1, NULL),
(129550, 159806, 0, 0.088, 0, 1, 0, 1, 1, NULL),
(129550, 159818, 0, 0.832, 0, 1, 0, 1, 1, NULL),
(129550, 160924, 0, 0.079, 0, 1, 0, 1, 1, NULL),
(129550, 160926, 0, 1.107, 0, 1, 0, 1, 1, NULL),
(129550, 160928, 0, 0.522, 0, 1, 0, 1, 1, NULL),
(129550, 160929, 0, 0.079, 0, 1, 0, 1, 1, NULL),
(129550, 160931, 0, 0.395, 0, 1, 0, 1, 1, NULL),
(129550, 160934, 0, 1.062, 0, 1, 0, 1, 1, NULL),
(129550, 160935, 0, 0.221, 0, 1, 0, 1, 1, NULL),
(129550, 160936, 0, 0.649, 0, 1, 0, 1, 1, NULL),
(129550, 160937, 0, 0.174, 0, 1, 0, 1, 1, NULL),
(129550, 163902, 0, 0.079, 0, 1, 0, 1, 1, NULL),
(129550, 163906, 0, 0.265, 0, 1, 0, 1, 1, NULL),
(129550, 163910, 0, 0.693, 0, 1, 0, 1, 1, NULL),
(129559, 152576, 0, 45.481, 0, 1, 0, 1, 3, NULL),
(129559, 152577, 0, 7.252, 0, 1, 0, 1, 1, NULL),
(129559, 154770, 0, 0.316, 0, 1, 0, 1, 1, NULL),
(129559, 154771, 0, 0.956, 0, 1, 0, 1, 1, NULL),
(129559, 154772, 0, 0.46, 0, 1, 0, 1, 1, NULL),
(129559, 154774, 0, 0.298, 0, 1, 0, 1, 1, NULL),
(129559, 154775, 0, 0.343, 0, 1, 0, 1, 1, NULL),
(129559, 154776, 0, 0.893, 0, 1, 0, 1, 1, NULL),
(129559, 154777, 0, 0.262, 0, 1, 0, 1, 1, NULL),
(129559, 154778, 0, 0.74, 0, 1, 0, 1, 1, NULL),
(129559, 154779, 0, 0.862, 0, 1, 0, 1, 1, NULL),
(129559, 154780, 0, 0.469, 0, 1, 0, 1, 1, NULL),
(129559, 154781, 0, 0.424, 0, 1, 0, 1, 1, NULL),
(129559, 154784, 0, 0.271, 0, 1, 0, 1, 1, NULL),
(129559, 154785, 0, 0.045, 0, 1, 0, 1, 1, NULL),
(129559, 154787, 0, 0.866, 0, 1, 0, 1, 1, NULL),
(129559, 154788, 0, 0.09, 0, 1, 0, 1, 1, NULL),
(129559, 154789, 0, 1.885, 0, 1, 0, 1, 1, NULL),
(129559, 154790, 0, 0.649, 0, 1, 0, 1, 1, NULL),
(129559, 154791, 0, 0.424, 0, 1, 0, 1, 1, NULL),
(129559, 154792, 0, 0.045, 0, 1, 0, 1, 1, NULL),
(129559, 154793, 0, 0.514, 0, 1, 0, 1, 1, NULL),
(129559, 154794, 0, 0.974, 0, 1, 0, 1, 1, NULL),
(129559, 154795, 0, 0.713, 0, 1, 0, 1, 1, NULL),
(129559, 154797, 0, 0.756, 0, 1, 0, 1, 1, NULL),
(129559, 154798, 0, 0.83, 0, 1, 0, 1, 1, NULL),
(129559, 154799, 0, 0.424, 0, 1, 0, 1, 1, NULL),
(129559, 154800, 0, 0.604, 0, 1, 0, 1, 1, NULL),
(129559, 154801, 0, 0.649, 0, 1, 0, 1, 1, NULL),
(129559, 154802, 0, 0.271, 0, 1, 0, 1, 1, NULL),
(129559, 154803, 0, 0.108, 0, 1, 0, 1, 1, NULL),
(129559, 154804, 0, 1.146, 0, 1, 0, 1, 1, NULL),
(129559, 159158, 0, 0.207, 0, 1, 0, 1, 1, NULL),
(129559, 159161, 0, 0.207, 0, 1, 0, 1, 1, NULL),
(129559, 159162, 0, 1.389, 0, 1, 0, 1, 1, NULL),
(129559, 159163, 0, 1.191, 0, 1, 0, 1, 1, NULL),
(129559, 159164, 0, 3.969, 0, 1, 0, 1, 1, NULL),
(129559, 159166, 0, 0.135, 0, 1, 0, 1, 1, NULL),
(129559, 159167, 0, 0.379, 0, 1, 0, 1, 1, NULL),
(129559, 159168, 0, 1.182, 0, 1, 0, 1, 1, NULL),
(129559, 159171, 0, 0.848, 0, 1, 0, 1, 1, NULL),
(129559, 159173, 0, 1.164, 0, 1, 0, 1, 1, NULL),
(129559, 159174, 0, 0.496, 0, 1, 0, 1, 1, NULL),
(129559, 159184, 0, 0.857, 0, 1, 0, 1, 1, NULL),
(129559, 159185, 0, 0.424, 0, 1, 0, 1, 1, NULL),
(129559, 159186, 0, 2.201, 0, 1, 0, 1, 1, NULL),
(129559, 159187, 0, 1.236, 0, 1, 0, 1, 1, NULL),
(129559, 159188, 0, 0.18, 0, 1, 0, 1, 1, NULL),
(129559, 159189, 0, 1.317, 0, 1, 0, 1, 1, NULL),
(129559, 159228, 0, 0.226, 0, 1, 0, 1, 1, NULL),
(129559, 159229, 0, 1.984, 0, 1, 0, 1, 1, NULL),
(129559, 159230, 0, 0.622, 0, 1, 0, 1, 1, NULL),
(129559, 159473, 0, 0.55, 0, 1, 0, 1, 1, NULL),
(129559, 159474, 0, 0.045, 0, 1, 0, 1, 1, NULL),
(129559, 159475, 0, 0.045, 0, 1, 0, 1, 1, NULL),
(129559, 159493, 0, 0.424, 0, 1, 0, 1, 1, NULL),
(129559, 159497, 0, 0.051, 0, 1, 0, 1, 1, NULL),
(129559, 159502, 0, 0.09, 0, 1, 0, 1, 1, NULL),
(129559, 159504, 0, 0.18, 0, 1, 0, 1, 1, NULL),
(129559, 159509, 0, 0.154, 0, 1, 0, 1, 1, NULL),
(129559, 159519, 0, 0.045, 0, 1, 0, 1, 1, NULL),
(129559, 159520, 0, 0.045, 0, 1, 0, 1, 1, NULL),
(129559, 159522, 0, 0.045, 0, 1, 0, 1, 1, NULL),
(129559, 159524, 0, 0.857, 0, 1, 0, 1, 1, NULL),
(129559, 159525, 0, 0.244, 0, 1, 0, 1, 1, NULL),
(129559, 159537, 0, 0.045, 0, 1, 0, 1, 1, NULL),
(129559, 159539, 0, 0.794, 0, 1, 0, 1, 1, NULL),
(129559, 159540, 0, 0.154, 0, 1, 0, 1, 1, NULL),
(129559, 159564, 0, 0.695, 0, 1, 0, 1, 1, NULL),
(129559, 159566, 0, 0.343, 0, 1, 0, 1, 1, NULL),
(129559, 159584, 0, 0.55, 0, 1, 0, 1, 1, NULL),
(129559, 159587, 0, 0.534, 0, 1, 0, 1, 1, NULL),
(129559, 159589, 0, 1.073, 0, 1, 0, 1, 1, NULL),
(129559, 159590, 0, 0.144, 0, 1, 0, 1, 1, NULL),
(129559, 159602, 0, 0.153, 0, 1, 0, 1, 1, NULL),
(129559, 159604, 0, 0.573, 0, 1, 0, 1, 1, NULL),
(129559, 159605, 0, 0.573, 0, 1, 0, 1, 1, NULL),
(129559, 159797, 0, 0.099, 0, 1, 0, 1, 1, NULL),
(129559, 159799, 0, 0.171, 0, 1, 0, 1, 1, NULL),
(129559, 159800, 0, 0.573, 0, 1, 0, 1, 1, NULL),
(129559, 159805, 0, 0.424, 0, 1, 0, 1, 1, NULL),
(129559, 159806, 0, 0.559, 0, 1, 0, 1, 1, NULL),
(129559, 159818, 0, 0.18, 0, 1, 0, 1, 1, NULL),
(129559, 159820, 0, 0.298, 0, 1, 0, 1, 1, NULL),
(129559, 160924, 0, 0.334, 0, 1, 0, 1, 1, NULL),
(129559, 160925, 0, 0.559, 0, 1, 0, 1, 1, NULL),
(129559, 160926, 0, 0.677, 0, 1, 0, 1, 1, NULL),
(129559, 160927, 0, 1.088, 0, 1, 0, 1, 1, NULL),
(129559, 160928, 0, 0.289, 0, 1, 0, 1, 1, NULL),
(129559, 160929, 0, 0.289, 0, 1, 0, 1, 1, NULL),
(129559, 160930, 0, 0.722, 0, 1, 0, 1, 1, NULL),
(129559, 160931, 0, 0.677, 0, 1, 0, 1, 1, NULL),
(129559, 160932, 0, 0.794, 0, 1, 0, 1, 1, NULL),
(129559, 160933, 0, 0.523, 0, 1, 0, 1, 1, NULL),
(129559, 160935, 0, 0.343, 0, 1, 0, 1, 1, NULL),
(129559, 160936, 0, 0.117, 0, 1, 0, 1, 1, NULL),
(129559, 160937, 0, 0.117, 0, 1, 0, 1, 1, NULL),
(129559, 160938, 0, 0.061, 0, 1, 0, 1, 1, NULL),
(129559, 163908, 0, 0.183, 0, 1, 0, 1, 1, NULL),
(129559, 163910, 0, 0.482, 0, 1, 0, 1, 1, NULL),
(129559, 163911, 0, 0.045, 0, 1, 0, 1, 1, NULL),
(129559, 163956, 0, 0.402, 0, 1, 0, 1, 1, NULL),
(129598, 154898, 0, 28.562, 0, 1, 0, 1, 4, NULL),
(129598, 158751, 0, 67.203, 0, 1, 0, 1, 1, NULL),
(129598, 158808, 0, 27.132, 0, 1, 0, 1, 1, NULL),
(129598, 158826, 0, 4.387, 0, 1, 0, 1, 1, NULL),
(129598, 159158, 0, 0.082, 0, 1, 0, 1, 1, NULL),
(129598, 159162, 0, 0.359, 0, 1, 0, 1, 1, NULL),
(129598, 159164, 0, 0.027, 0, 1, 0, 1, 1, NULL),
(129598, 159166, 0, 0.408, 0, 1, 0, 1, 1, NULL),
(129598, 159167, 0, 0.327, 0, 1, 0, 1, 1, NULL),
(129598, 159171, 0, 0.408, 0, 1, 0, 1, 1, NULL),
(129598, 159185, 0, 0.256, 0, 1, 0, 1, 1, NULL),
(129598, 159187, 0, 0.256, 0, 1, 0, 1, 1, NULL),
(129598, 159188, 0, 0.076, 0, 1, 0, 1, 1, NULL),
(129598, 159189, 0, 0.511, 0, 1, 0, 1, 1, NULL),
(129598, 159228, 0, 0.256, 0, 1, 0, 1, 1, NULL),
(129598, 159230, 0, 0.136, 0, 1, 0, 1, 1, NULL),
(129598, 159473, 0, 0.359, 0, 1, 0, 1, 1, NULL),
(129598, 159496, 0, 0.18, 0, 1, 0, 1, 1, NULL),
(129598, 159511, 0, 0.234, 0, 1, 0, 1, 1, NULL),
(129598, 159520, 0, 0.272, 0, 1, 0, 1, 1, NULL),
(129598, 159525, 0, 0.511, 0, 1, 0, 1, 1, NULL),
(129598, 159551, 0, 0.027, 0, 1, 0, 1, 1, NULL),
(129598, 159585, 0, 2.09, 0, 1, 0, 1, 1, NULL),
(129598, 159602, 0, 0.054, 0, 1, 0, 1, 1, NULL),
(129598, 159799, 0, 0.043, 0, 1, 0, 1, 1, NULL),
(129598, 159806, 0, 0.256, 0, 1, 0, 1, 1, NULL),
(129599, 152576, 0, 58.963, 0, 1, 0, 1, 3, NULL),
(129599, 152577, 0, 6.7, 0, 1, 0, 1, 1, NULL),
(129599, 154770, 0, 0.725, 0, 1, 0, 1, 1, NULL),
(129599, 154771, 0, 0.286, 0, 1, 0, 1, 1, NULL),
(129599, 154772, 0, 0.315, 0, 1, 0, 1, 1, NULL),
(129599, 154774, 0, 0.527, 0, 1, 0, 1, 1, NULL),
(129599, 154777, 0, 0.549, 0, 1, 0, 1, 1, NULL),
(129599, 154778, 0, 0.22, 0, 1, 0, 1, 1, NULL),
(129599, 154780, 0, 0.461, 0, 1, 0, 1, 1, NULL),
(129599, 154781, 0, 0.22, 0, 1, 0, 1, 1, NULL),
(129599, 154784, 0, 0.157, 0, 1, 0, 1, 1, NULL),
(129599, 154785, 0, 0.527, 0, 1, 0, 1, 1, NULL),
(129599, 154786, 0, 0.11, 0, 1, 0, 1, 1, NULL),
(129599, 154787, 0, 0.11, 0, 1, 0, 1, 1, NULL),
(129599, 154788, 0, 0.887, 0, 1, 0, 1, 1, NULL),
(129599, 154789, 0, 0.11, 0, 1, 0, 1, 1, NULL),
(129599, 154790, 0, 0.887, 0, 1, 0, 1, 1, NULL),
(129599, 154792, 0, 0.134, 0, 1, 0, 1, 1, NULL),
(129599, 154793, 0, 1.033, 0, 1, 0, 1, 1, NULL),
(129599, 154795, 0, 1.196, 0, 1, 0, 1, 1, NULL),
(129599, 154796, 0, 1.142, 0, 1, 0, 1, 1, NULL),
(129599, 154799, 0, 0.11, 0, 1, 0, 1, 1, NULL),
(129599, 154801, 0, 1.142, 0, 1, 0, 1, 1, NULL),
(129599, 154802, 0, 0.63, 0, 1, 0, 1, 1, NULL),
(129599, 154803, 0, 0.11, 0, 1, 0, 1, 1, NULL),
(129599, 159158, 0, 0.879, 0, 1, 0, 1, 1, NULL),
(129599, 159161, 0, 1.867, 0, 1, 0, 1, 1, NULL),
(129599, 159162, 0, 0.659, 0, 1, 0, 1, 1, NULL),
(129599, 159163, 0, 0.923, 0, 1, 0, 1, 1, NULL),
(129599, 159164, 0, 0.637, 0, 1, 0, 1, 1, NULL),
(129599, 159166, 0, 0.923, 0, 1, 0, 1, 1, NULL),
(129599, 159167, 0, 0.857, 0, 1, 0, 1, 1, NULL),
(129599, 159168, 0, 0.549, 0, 1, 0, 1, 1, NULL),
(129599, 159171, 0, 1.757, 0, 1, 0, 1, 1, NULL),
(129599, 159173, 0, 0.725, 0, 1, 0, 1, 1, NULL),
(129599, 159174, 0, 1.033, 0, 1, 0, 1, 1, NULL),
(129599, 159185, 0, 2.548, 0, 1, 0, 1, 1, NULL),
(129599, 159186, 0, 0.22, 0, 1, 0, 1, 1, NULL),
(129599, 159187, 0, 0.417, 0, 1, 0, 1, 1, NULL),
(129599, 159188, 0, 0.879, 0, 1, 0, 1, 1, NULL),
(129599, 159189, 0, 0.549, 0, 1, 0, 1, 1, NULL),
(129599, 159228, 0, 0.11, 0, 1, 0, 1, 1, NULL),
(129599, 159229, 0, 0.11, 0, 1, 0, 1, 1, NULL),
(129599, 159230, 0, 1.296, 0, 1, 0, 1, 1, NULL),
(129599, 159473, 0, 0.725, 0, 1, 0, 1, 1, NULL),
(129599, 159475, 0, 0.157, 0, 1, 0, 1, 1, NULL),
(129599, 159496, 0, 1.637, 0, 1, 0, 1, 1, NULL),
(129599, 159497, 0, 0.22, 0, 1, 0, 1, 1, NULL),
(129599, 159502, 0, 0.11, 0, 1, 0, 1, 1, NULL),
(129599, 159520, 0, 0.11, 0, 1, 0, 1, 1, NULL),
(129599, 159521, 0, 0.11, 0, 1, 0, 1, 1, NULL),
(129599, 159522, 0, 1.479, 0, 1, 0, 1, 1, NULL),
(129599, 159537, 0, 0.725, 0, 1, 0, 1, 1, NULL),
(129599, 159539, 0, 0.703, 0, 1, 0, 1, 1, NULL),
(129599, 159540, 0, 0.672, 0, 1, 0, 1, 1, NULL),
(129599, 159585, 0, 0.11, 0, 1, 0, 1, 1, NULL),
(129599, 159589, 0, 0.887, 0, 1, 0, 1, 1, NULL),
(129599, 159590, 0, 0.378, 0, 1, 0, 1, 1, NULL),
(129599, 159593, 0, 1.039, 0, 1, 0, 1, 1, NULL),
(129599, 159605, 0, 0.857, 0, 1, 0, 1, 1, NULL),
(129599, 159797, 0, 0.134, 0, 1, 0, 1, 1, NULL),
(129599, 159799, 0, 0.725, 0, 1, 0, 1, 1, NULL),
(129599, 159800, 0, 0.703, 0, 1, 0, 1, 1, NULL),
(129599, 159803, 0, 1.039, 0, 1, 0, 1, 1, NULL),
(129599, 159805, 0, 0.11, 0, 1, 0, 1, 1, NULL),
(129599, 159806, 0, 0.725, 0, 1, 0, 1, 1, NULL),
(129599, 159818, 0, 0.33, 0, 1, 0, 1, 1, NULL),
(129599, 159820, 0, 0.11, 0, 1, 0, 1, 1, NULL),
(129599, 160924, 0, 0.11, 0, 1, 0, 1, 1, NULL),
(129599, 160926, 0, 0.549, 0, 1, 0, 1, 1, NULL),
(129599, 160927, 0, 1.291, 0, 1, 0, 1, 1, NULL),
(129599, 160928, 0, 0.22, 0, 1, 0, 1, 1, NULL),
(129599, 160929, 0, 1.075, 0, 1, 0, 1, 1, NULL),
(129599, 160930, 0, 0.308, 0, 1, 0, 1, 1, NULL),
(129599, 160933, 0, 0.315, 0, 1, 0, 1, 1, NULL),
(129599, 160934, 0, 1.033, 0, 1, 0, 1, 1, NULL),
(129599, 160935, 0, 1.362, 0, 1, 0, 1, 1, NULL),
(129599, 160936, 0, 0.659, 0, 1, 0, 1, 1, NULL),
(129599, 160937, 0, 0.11, 0, 1, 0, 1, 1, NULL),
(129599, 163906, 0, 0.176, 0, 1, 0, 1, 1, NULL),
(129600, 152576, 0, 57.732, 0, 1, 0, 1, 3, NULL),
(129600, 152577, 0, 5.313, 0, 1, 0, 1, 1, NULL),
(129600, 154771, 0, 0.529, 0, 1, 0, 1, 1, NULL),
(129600, 154772, 0, 0.091, 0, 1, 0, 1, 1, NULL),
(129600, 154774, 0, 0.091, 0, 1, 0, 1, 1, NULL),
(129600, 154775, 0, 0.183, 0, 1, 0, 1, 1, NULL),
(129600, 154776, 0, 0.876, 0, 1, 0, 1, 1, NULL),
(129600, 154777, 0, 0.183, 0, 1, 0, 1, 1, NULL),
(129600, 154778, 0, 0.183, 0, 1, 0, 1, 1, NULL),
(129600, 154780, 0, 0.207, 0, 1, 0, 1, 1, NULL),
(129600, 154781, 0, 0.091, 0, 1, 0, 1, 1, NULL),
(129600, 154782, 0, 0.183, 0, 1, 0, 1, 1, NULL),
(129600, 154784, 0, 0.146, 0, 1, 0, 1, 1, NULL),
(129600, 154785, 0, 0.858, 0, 1, 0, 1, 1, NULL),
(129600, 154786, 0, 0.705, 0, 1, 0, 1, 1, NULL),
(129600, 154787, 0, 0.256, 0, 1, 0, 1, 1, NULL),
(129600, 154788, 0, 0.164, 0, 1, 0, 1, 1, NULL),
(129600, 154789, 0, 0.091, 0, 1, 0, 1, 1, NULL),
(129600, 154790, 0, 1.079, 0, 1, 0, 1, 1, NULL),
(129600, 154791, 0, 0.456, 0, 1, 0, 1, 1, NULL),
(129600, 154792, 0, 1.114, 0, 1, 0, 1, 1, NULL),
(129600, 154793, 0, 0.091, 0, 1, 0, 1, 1, NULL),
(129600, 154794, 0, 1.415, 0, 1, 0, 1, 1, NULL),
(129600, 154796, 0, 1.473, 0, 1, 0, 1, 1, NULL),
(129600, 154798, 0, 1.001, 0, 1, 0, 1, 1, NULL),
(129600, 154799, 0, 0.493, 0, 1, 0, 1, 1, NULL),
(129600, 154800, 0, 1.95, 0, 1, 0, 1, 1, NULL),
(129600, 154801, 0, 0.183, 0, 1, 0, 1, 1, NULL),
(129600, 154803, 0, 0.365, 0, 1, 0, 1, 1, NULL),
(129600, 154804, 0, 0.274, 0, 1, 0, 1, 1, NULL),
(129600, 159158, 0, 0.091, 0, 1, 0, 1, 1, NULL),
(129600, 159161, 0, 1.296, 0, 1, 0, 1, 1, NULL),
(129600, 159162, 0, 1.369, 0, 1, 0, 1, 1, NULL),
(129600, 159163, 0, 0.475, 0, 1, 0, 1, 1, NULL),
(129600, 159164, 0, 0.365, 0, 1, 0, 1, 1, NULL),
(129600, 159166, 0, 0.584, 0, 1, 0, 1, 1, NULL),
(129600, 159167, 0, 2.392, 0, 1, 0, 1, 1, NULL),
(129600, 159168, 0, 0.621, 0, 1, 0, 1, 1, NULL),
(129600, 159171, 0, 0.529, 0, 1, 0, 1, 1, NULL),
(129600, 159173, 0, 0.456, 0, 1, 0, 1, 1, NULL),
(129600, 159174, 0, 0.73, 0, 1, 0, 1, 1, NULL),
(129600, 159184, 0, 1.132, 0, 1, 0, 1, 1, NULL),
(129600, 159185, 0, 0.767, 0, 1, 0, 1, 1, NULL),
(129600, 159186, 0, 1.99, 0, 1, 0, 1, 1, NULL),
(129600, 159187, 0, 0.639, 0, 1, 0, 1, 1, NULL),
(129600, 159188, 0, 0.091, 0, 1, 0, 1, 1, NULL),
(129600, 159189, 0, 0.365, 0, 1, 0, 1, 1, NULL),
(129600, 159228, 0, 0.466, 0, 1, 0, 1, 1, NULL),
(129600, 159229, 0, 0.091, 0, 1, 0, 1, 1, NULL),
(129600, 159230, 0, 0.183, 0, 1, 0, 1, 1, NULL),
(129600, 159473, 0, 0.274, 0, 1, 0, 1, 1, NULL),
(129600, 159474, 0, 0.183, 0, 1, 0, 1, 1, NULL),
(129600, 159475, 0, 0.493, 0, 1, 0, 1, 1, NULL),
(129600, 159494, 0, 0.256, 0, 1, 0, 1, 1, NULL),
(129600, 159502, 0, 0.858, 0, 1, 0, 1, 1, NULL),
(129600, 159504, 0, 0.584, 0, 1, 0, 1, 1, NULL),
(129600, 159509, 0, 0.104, 0, 1, 0, 1, 1, NULL),
(129600, 159511, 0, 0.086, 0, 1, 0, 1, 1, NULL),
(129600, 159519, 0, 0.584, 0, 1, 0, 1, 1, NULL),
(129600, 159520, 0, 0.19, 0, 1, 0, 1, 1, NULL),
(129600, 159522, 0, 0.249, 0, 1, 0, 1, 1, NULL),
(129600, 159524, 0, 0.56, 0, 1, 0, 1, 1, NULL),
(129600, 159539, 0, 0.566, 0, 1, 0, 1, 1, NULL),
(129600, 159540, 0, 0.975, 0, 1, 0, 1, 1, NULL),
(129600, 159560, 0, 0.365, 0, 1, 0, 1, 1, NULL),
(129600, 159564, 0, 1.15, 0, 1, 0, 1, 1, NULL),
(129600, 159568, 0, 0.183, 0, 1, 0, 1, 1, NULL),
(129600, 159569, 0, 0.858, 0, 1, 0, 1, 1, NULL),
(129600, 159571, 0, 0.104, 0, 1, 0, 1, 1, NULL),
(129600, 159584, 0, 0.548, 0, 1, 0, 1, 1, NULL),
(129600, 159585, 0, 0.104, 0, 1, 0, 1, 1, NULL),
(129600, 159590, 0, 0.091, 0, 1, 0, 1, 1, NULL),
(129600, 159593, 0, 0.091, 0, 1, 0, 1, 1, NULL),
(129600, 159604, 0, 0.091, 0, 1, 0, 1, 1, NULL),
(129600, 159605, 0, 0.259, 0, 1, 0, 1, 1, NULL),
(129600, 159800, 0, 0.228, 0, 1, 0, 1, 1, NULL),
(129600, 159803, 0, 0.466, 0, 1, 0, 1, 1, NULL),
(129600, 159805, 0, 1.225, 0, 1, 0, 1, 1, NULL),
(129600, 159806, 0, 0.091, 0, 1, 0, 1, 1, NULL),
(129600, 159818, 0, 0.365, 0, 1, 0, 1, 1, NULL),
(129600, 159820, 0, 0.219, 0, 1, 0, 1, 1, NULL),
(129600, 160924, 0, 0.493, 0, 1, 0, 1, 1, NULL),
(129600, 160925, 0, 0.104, 0, 1, 0, 1, 1, NULL),
(129600, 160926, 0, 0.091, 0, 1, 0, 1, 1, NULL),
(129600, 160929, 0, 1.57, 0, 1, 0, 1, 1, NULL),
(129600, 160930, 0, 0.402, 0, 1, 0, 1, 1, NULL),
(129600, 160931, 0, 0.456, 0, 1, 0, 1, 1, NULL),
(129600, 160933, 0, 0.183, 0, 1, 0, 1, 1, NULL),
(129600, 160935, 0, 0.091, 0, 1, 0, 1, 1, NULL),
(129600, 160936, 0, 1.698, 0, 1, 0, 1, 1, NULL),
(129600, 160937, 0, 0.365, 0, 1, 0, 1, 1, NULL),
(129600, 160938, 0, 1.808, 0, 1, 0, 1, 1, NULL),
(129600, 163908, 0, 0.274, 0, 1, 0, 1, 1, NULL),
(129600, 163910, 0, 0.811, 0, 1, 0, 1, 1, NULL),
(129601, 152576, 0, 45.788, 0, 1, 0, 1, 3, NULL),
(129601, 152577, 0, 8.028, 0, 1, 0, 1, 1, NULL),
(129601, 154770, 0, 0.376, 0, 1, 0, 1, 1, NULL),
(129601, 154771, 0, 0.153, 0, 1, 0, 1, 1, NULL),
(129601, 154772, 0, 0.254, 0, 1, 0, 1, 1, NULL),
(129601, 154773, 0, 0.102, 0, 1, 0, 1, 1, NULL),
(129601, 154774, 0, 0.407, 0, 1, 0, 1, 1, NULL),
(129601, 154775, 0, 1.17, 0, 1, 0, 1, 1, NULL),
(129601, 154776, 0, 0.102, 0, 1, 0, 1, 1, NULL),
(129601, 154777, 0, 0.865, 0, 1, 0, 1, 1, NULL),
(129601, 154778, 0, 0.102, 0, 1, 0, 1, 1, NULL),
(129601, 154780, 0, 0.326, 0, 1, 0, 1, 1, NULL),
(129601, 154782, 0, 0.529, 0, 1, 0, 1, 1, NULL),
(129601, 154784, 0, 0.916, 0, 1, 0, 1, 1, NULL),
(129601, 154785, 0, 0.529, 0, 1, 0, 1, 1, NULL),
(129601, 154786, 0, 0.376, 0, 1, 0, 1, 1, NULL),
(129601, 154787, 0, 0.59, 0, 1, 0, 1, 1, NULL),
(129601, 154788, 0, 0.156, 0, 1, 0, 1, 1, NULL),
(129601, 154789, 0, 0.763, 0, 1, 0, 1, 1, NULL),
(129601, 154790, 0, 0.427, 0, 1, 0, 1, 1, NULL),
(129601, 154791, 0, 0.122, 0, 1, 0, 1, 1, NULL),
(129601, 154792, 0, 0.422, 0, 1, 0, 1, 1, NULL),
(129601, 154793, 0, 0.051, 0, 1, 0, 1, 1, NULL),
(129601, 154799, 0, 0.672, 0, 1, 0, 1, 1, NULL),
(129601, 154801, 0, 0.458, 0, 1, 0, 1, 1, NULL),
(129601, 154802, 0, 0.438, 0, 1, 0, 1, 1, NULL),
(129601, 154803, 0, 0.763, 0, 1, 0, 1, 1, NULL),
(129601, 154804, 0, 0.051, 0, 1, 0, 1, 1, NULL),
(129601, 154805, 0, 1.109, 0, 1, 0, 1, 1, NULL),
(129601, 159158, 0, 0.58, 0, 1, 0, 1, 1, NULL),
(129601, 159161, 0, 0.417, 0, 1, 0, 1, 1, NULL),
(129601, 159162, 0, 0.855, 0, 1, 0, 1, 1, NULL),
(129601, 159163, 0, 0.611, 0, 1, 0, 1, 1, NULL),
(129601, 159164, 0, 1.079, 0, 1, 0, 1, 1, NULL),
(129601, 159166, 0, 1.445, 0, 1, 0, 1, 1, NULL),
(129601, 159167, 0, 0.682, 0, 1, 0, 1, 1, NULL),
(129601, 159168, 0, 0.051, 0, 1, 0, 1, 1, NULL),
(129601, 159171, 0, 0.946, 0, 1, 0, 1, 1, NULL),
(129601, 159172, 0, 0.682, 0, 1, 0, 1, 1, NULL),
(129601, 159173, 0, 1.363, 0, 1, 0, 1, 1, NULL),
(129601, 159174, 0, 1.323, 0, 1, 0, 1, 1, NULL),
(129601, 159184, 0, 1.028, 0, 1, 0, 1, 1, NULL),
(129601, 159185, 0, 1.964, 0, 1, 0, 1, 1, NULL),
(129601, 159186, 0, 0.387, 0, 1, 0, 1, 1, NULL),
(129601, 159187, 0, 0.875, 0, 1, 0, 1, 1, NULL),
(129601, 159188, 0, 0.56, 0, 1, 0, 1, 1, NULL),
(129601, 159189, 0, 0.58, 0, 1, 0, 1, 1, NULL),
(129601, 159228, 0, 0.102, 0, 1, 0, 1, 1, NULL),
(129601, 159229, 0, 1.201, 0, 1, 0, 1, 1, NULL),
(129601, 159230, 0, 0.458, 0, 1, 0, 1, 1, NULL),
(129601, 159473, 0, 0.051, 0, 1, 0, 1, 1, NULL),
(129601, 159474, 0, 0.092, 0, 1, 0, 1, 1, NULL),
(129601, 159494, 0, 0.051, 0, 1, 0, 1, 1, NULL),
(129601, 159496, 0, 0.051, 0, 1, 0, 1, 1, NULL),
(129601, 159497, 0, 0.57, 0, 1, 0, 1, 1, NULL),
(129601, 159502, 0, 0.621, 0, 1, 0, 1, 1, NULL),
(129601, 159504, 0, 0.421, 0, 1, 0, 1, 1, NULL),
(129601, 159509, 0, 0.051, 0, 1, 0, 1, 1, NULL),
(129601, 159520, 0, 0.515, 0, 1, 0, 1, 1, NULL),
(129601, 159522, 0, 0.422, 0, 1, 0, 1, 1, NULL),
(129601, 159523, 0, 0.051, 0, 1, 0, 1, 1, NULL),
(129601, 159524, 0, 0.078, 0, 1, 0, 1, 1, NULL),
(129601, 159525, 0, 0.173, 0, 1, 0, 1, 1, NULL),
(129601, 159535, 0, 0.845, 0, 1, 0, 1, 1, NULL),
(129601, 159537, 0, 0.142, 0, 1, 0, 1, 1, NULL),
(129601, 159539, 0, 0.661, 0, 1, 0, 1, 1, NULL),
(129601, 159540, 0, 0.051, 0, 1, 0, 1, 1, NULL),
(129601, 159551, 0, 0.438, 0, 1, 0, 1, 1, NULL),
(129601, 159564, 0, 0.051, 0, 1, 0, 1, 1, NULL),
(129601, 159566, 0, 0.051, 0, 1, 0, 1, 1, NULL),
(129601, 159568, 0, 0.448, 0, 1, 0, 1, 1, NULL),
(129601, 159569, 0, 0.051, 0, 1, 0, 1, 1, NULL),
(129601, 159571, 0, 0.438, 0, 1, 0, 1, 1, NULL),
(129601, 159584, 0, 0.051, 0, 1, 0, 1, 1, NULL),
(129601, 159585, 0, 0.102, 0, 1, 0, 1, 1, NULL),
(129601, 159589, 0, 0.346, 0, 1, 0, 1, 1, NULL),
(129601, 159590, 0, 0.422, 0, 1, 0, 1, 1, NULL),
(129601, 159602, 0, 0.051, 0, 1, 0, 1, 1, NULL),
(129601, 159604, 0, 0.275, 0, 1, 0, 1, 1, NULL),
(129601, 159605, 0, 0.356, 0, 1, 0, 1, 1, NULL),
(129601, 159799, 0, 0.051, 0, 1, 0, 1, 1, NULL),
(129601, 159800, 0, 0.078, 0, 1, 0, 1, 1, NULL),
(129601, 159802, 0, 0.305, 0, 1, 0, 1, 1, NULL),
(129601, 159803, 0, 0.051, 0, 1, 0, 1, 1, NULL),
(129601, 159805, 0, 0.112, 0, 1, 0, 1, 1, NULL),
(129601, 159806, 0, 0.142, 0, 1, 0, 1, 1, NULL),
(129601, 159818, 0, 0.051, 0, 1, 0, 1, 1, NULL),
(129601, 159820, 0, 0.407, 0, 1, 0, 1, 1, NULL),
(129601, 160924, 0, 0.407, 0, 1, 0, 1, 1, NULL),
(129601, 160925, 0, 1.343, 0, 1, 0, 1, 1, NULL),
(129601, 160926, 0, 0.326, 0, 1, 0, 1, 1, NULL),
(129601, 160927, 0, 1.058, 0, 1, 0, 1, 1, NULL),
(129601, 160929, 0, 0.438, 0, 1, 0, 1, 1, NULL),
(129601, 160930, 0, 0.509, 0, 1, 0, 1, 1, NULL),
(129601, 160931, 0, 0.916, 0, 1, 0, 1, 1, NULL),
(129601, 160933, 0, 0.631, 0, 1, 0, 1, 1, NULL),
(129601, 160934, 0, 1.068, 0, 1, 0, 1, 1, NULL),
(129601, 160935, 0, 0.204, 0, 1, 0, 1, 1, NULL),
(129601, 160936, 0, 0.153, 0, 1, 0, 1, 1, NULL),
(129601, 160937, 0, 0.875, 0, 1, 0, 1, 1, NULL),
(129601, 160938, 0, 5.128, 0, 1, 0, 1, 1, NULL),
(129602, 152576, 0, 50.334, 0, 1, 0, 1, 3, NULL),
(129602, 152577, 0, 4.143, 0, 1, 0, 1, 1, NULL),
(129602, 154770, 0, 0.569, 0, 1, 0, 1, 1, NULL),
(129602, 154771, 0, 0.37, 0, 1, 0, 1, 1, NULL),
(129602, 154772, 0, 0.028, 0, 1, 0, 1, 1, NULL),
(129602, 154773, 0, 0.26, 0, 1, 0, 1, 1, NULL),
(129602, 154774, 0, 0.519, 0, 1, 0, 1, 1, NULL),
(129602, 154775, 0, 0.028, 0, 1, 0, 1, 1, NULL),
(129602, 154776, 0, 0.249, 0, 1, 0, 1, 1, NULL),
(129602, 154777, 0, 0.138, 0, 1, 0, 1, 1, NULL),
(129602, 154778, 0, 0.464, 0, 1, 0, 1, 1, NULL),
(129602, 154779, 0, 0.649, 0, 1, 0, 1, 1, NULL),
(129602, 154780, 0, 0.088, 0, 1, 0, 1, 1, NULL),
(129602, 154781, 0, 0.624, 0, 1, 0, 1, 1, NULL),
(129602, 154782, 0, 0.138, 0, 1, 0, 1, 1, NULL),
(129602, 154783, 0, 0.473, 0, 1, 0, 1, 1, NULL),
(129602, 154784, 0, 0.138, 0, 1, 0, 1, 1, NULL),
(129602, 154785, 0, 0.249, 0, 1, 0, 1, 1, NULL),
(129602, 154786, 0, 0.343, 0, 1, 0, 1, 1, NULL),
(129602, 154788, 0, 0.447, 0, 1, 0, 1, 1, NULL),
(129602, 154789, 0, 0.149, 0, 1, 0, 1, 1, NULL),
(129602, 154790, 0, 0.177, 0, 1, 0, 1, 1, NULL),
(129602, 154791, 0, 0.232, 0, 1, 0, 1, 1, NULL),
(129602, 154792, 0, 0.171, 0, 1, 0, 1, 1, NULL),
(129602, 154793, 0, 0.166, 0, 1, 0, 1, 1, NULL),
(129602, 154794, 0, 0.497, 0, 1, 0, 1, 1, NULL),
(129602, 154797, 0, 0.436, 0, 1, 0, 1, 1, NULL),
(129602, 154798, 0, 0.343, 0, 1, 0, 1, 1, NULL),
(129602, 154799, 0, 0.193, 0, 1, 0, 1, 1, NULL),
(129602, 154800, 0, 0.889, 0, 1, 0, 1, 1, NULL),
(129602, 154801, 0, 0.331, 0, 1, 0, 1, 1, NULL),
(129602, 154802, 0, 0.365, 0, 1, 0, 1, 1, NULL),
(129602, 154804, 0, 0.436, 0, 1, 0, 1, 1, NULL),
(129602, 154805, 0, 0.713, 0, 1, 0, 1, 1, NULL),
(129602, 159158, 0, 0.713, 0, 1, 0, 1, 1, NULL),
(129602, 159161, 0, 1.171, 0, 1, 0, 1, 1, NULL),
(129602, 159162, 0, 0.475, 0, 1, 0, 1, 1, NULL),
(129602, 159163, 0, 0.668, 0, 1, 0, 1, 1, NULL),
(129602, 159164, 0, 0.668, 0, 1, 0, 1, 1, NULL),
(129602, 159166, 0, 0.829, 0, 1, 0, 1, 1, NULL),
(129602, 159167, 0, 1.182, 0, 1, 0, 1, 1, NULL),
(129602, 159168, 0, 1.851, 0, 1, 0, 1, 1, NULL),
(129602, 159171, 0, 0.652, 0, 1, 0, 1, 1, NULL),
(129602, 159172, 0, 0.381, 0, 1, 0, 1, 1, NULL),
(129602, 159173, 0, 0.901, 0, 1, 0, 1, 1, NULL),
(129602, 159174, 0, 3.326, 0, 1, 0, 1, 1, NULL),
(129602, 159184, 0, 0.74, 0, 1, 0, 1, 1, NULL),
(129602, 159185, 0, 0.762, 0, 1, 0, 1, 1, NULL),
(129602, 159186, 0, 0.497, 0, 1, 0, 1, 1, NULL),
(129602, 159187, 0, 3.143, 0, 1, 0, 1, 1, NULL),
(129602, 159188, 0, 0.95, 0, 1, 0, 1, 1, NULL),
(129602, 159189, 0, 1.381, 0, 1, 0, 1, 1, NULL),
(129602, 159228, 0, 0.657, 0, 1, 0, 1, 1, NULL),
(129602, 159229, 0, 1.37, 0, 1, 0, 1, 1, NULL),
(129602, 159230, 0, 1.221, 0, 1, 0, 1, 1, NULL),
(129602, 159473, 0, 0.077, 0, 1, 0, 1, 1, NULL),
(129602, 159474, 0, 0.398, 0, 1, 0, 1, 1, NULL),
(129602, 159475, 0, 0.11, 0, 1, 0, 1, 1, NULL),
(129602, 159493, 0, 0.293, 0, 1, 0, 1, 1, NULL),
(129602, 159496, 0, 0.149, 0, 1, 0, 1, 1, NULL),
(129602, 159497, 0, 0.149, 0, 1, 0, 1, 1, NULL),
(129602, 159502, 0, 0.315, 0, 1, 0, 1, 1, NULL),
(129602, 159504, 0, 0.083, 0, 1, 0, 1, 1, NULL),
(129602, 159509, 0, 0.475, 0, 1, 0, 1, 1, NULL),
(129602, 159511, 0, 0.138, 0, 1, 0, 1, 1, NULL),
(129602, 159519, 0, 0.359, 0, 1, 0, 1, 1, NULL),
(129602, 159521, 0, 0.855, 0, 1, 0, 1, 1, NULL),
(129602, 159522, 0, 0.028, 0, 1, 0, 1, 1, NULL),
(129602, 159524, 0, 2.116, 0, 1, 0, 1, 1, NULL),
(129602, 159525, 0, 0.337, 0, 1, 0, 1, 1, NULL),
(129602, 159535, 0, 0.718, 0, 1, 0, 1, 1, NULL),
(129602, 159537, 0, 0.276, 0, 1, 0, 1, 1, NULL),
(129602, 159539, 0, 0.288, 0, 1, 0, 1, 1, NULL),
(129602, 159540, 0, 0.326, 0, 1, 0, 1, 1, NULL),
(129602, 159551, 0, 0.47, 0, 1, 0, 1, 1, NULL),
(129602, 159560, 0, 0.165, 0, 1, 0, 1, 1, NULL),
(129602, 159564, 0, 0.233, 0, 1, 0, 1, 1, NULL),
(129602, 159566, 0, 0.287, 0, 1, 0, 1, 1, NULL),
(129602, 159568, 0, 0.028, 0, 1, 0, 1, 1, NULL),
(129602, 159569, 0, 0.083, 0, 1, 0, 1, 1, NULL),
(129602, 159571, 0, 0.288, 0, 1, 0, 1, 1, NULL),
(129602, 159584, 0, 0.149, 0, 1, 0, 1, 1, NULL),
(129602, 159585, 0, 0.227, 0, 1, 0, 1, 1, NULL),
(129602, 159587, 0, 0.29, 0, 1, 0, 1, 1, NULL),
(129602, 159589, 0, 0.343, 0, 1, 0, 1, 1, NULL),
(129602, 159590, 0, 0.028, 0, 1, 0, 1, 1, NULL),
(129602, 159593, 0, 0.099, 0, 1, 0, 1, 1, NULL),
(129602, 159602, 0, 0.16, 0, 1, 0, 1, 1, NULL),
(129602, 159605, 0, 0.138, 0, 1, 0, 1, 1, NULL),
(129602, 159800, 0, 0.37, 0, 1, 0, 1, 1, NULL),
(129602, 159803, 0, 0.105, 0, 1, 0, 1, 1, NULL),
(129602, 159805, 0, 0.442, 0, 1, 0, 1, 1, NULL),
(129602, 159818, 0, 0.061, 0, 1, 0, 1, 1, NULL),
(129602, 160924, 0, 0.403, 0, 1, 0, 1, 1, NULL),
(129602, 160925, 0, 0.547, 0, 1, 0, 1, 1, NULL),
(129602, 160926, 0, 0.68, 0, 1, 0, 1, 1, NULL),
(129602, 160927, 0, 0.403, 0, 1, 0, 1, 1, NULL),
(129602, 160928, 0, 0.53, 0, 1, 0, 1, 1, NULL),
(129602, 160929, 0, 0.182, 0, 1, 0, 1, 1, NULL),
(129602, 160930, 0, 0.028, 0, 1, 0, 1, 1, NULL),
(129602, 160931, 0, 0.619, 0, 1, 0, 1, 1, NULL),
(129602, 160933, 0, 0.381, 0, 1, 0, 1, 1, NULL),
(129602, 160934, 0, 0.343, 0, 1, 0, 1, 1, NULL),
(129602, 160935, 0, 0.193, 0, 1, 0, 1, 1, NULL),
(129602, 160936, 0, 0.768, 0, 1, 0, 1, 1, NULL),
(129602, 160937, 0, 0.304, 0, 1, 0, 1, 1, NULL),
(129602, 160938, 0, 0.293, 0, 1, 0, 1, 1, NULL),
(129602, 163902, 0, 0.115, 0, 1, 0, 1, 1, NULL),
(129602, 163906, 0, 0.49, 0, 1, 0, 1, 1, NULL),
(129602, 163908, 0, 0.16, 0, 1, 0, 1, 1, NULL),
(129602, 163910, 0, 0.199, 0, 1, 0, 1, 1, NULL),
(129788, 152576, 0, 55.241, 0, 1, 0, 1, 3, NULL),
(129788, 152577, 0, 5.356, 0, 1, 0, 1, 1, NULL),
(129788, 154770, 0, 0.368, 0, 1, 0, 1, 1, NULL),
(129788, 154771, 0, 0.597, 0, 1, 0, 1, 1, NULL),
(129788, 154772, 0, 0.886, 0, 1, 0, 1, 1, NULL),
(129788, 154773, 0, 0.068, 0, 1, 0, 1, 1, NULL),
(129788, 154774, 0, 0.136, 0, 1, 0, 1, 1, NULL),
(129788, 154775, 0, 1.199, 0, 1, 0, 1, 1, NULL),
(129788, 154776, 0, 0.354, 0, 1, 0, 1, 1, NULL),
(129788, 154777, 0, 0.641, 0, 1, 0, 1, 1, NULL),
(129788, 154778, 0, 0.831, 0, 1, 0, 1, 1, NULL),
(129788, 154780, 0, 0.586, 0, 1, 0, 1, 1, NULL),
(129788, 154781, 0, 0.232, 0, 1, 0, 1, 1, NULL),
(129788, 154782, 0, 0.136, 0, 1, 0, 1, 1, NULL),
(129788, 154783, 0, 0.818, 0, 1, 0, 1, 1, NULL),
(129788, 154784, 0, 0.532, 0, 1, 0, 1, 1, NULL),
(129788, 154785, 0, 0.477, 0, 1, 0, 1, 1, NULL),
(129788, 154786, 0, 1.172, 0, 1, 0, 1, 1, NULL),
(129788, 154787, 0, 0.818, 0, 1, 0, 1, 1, NULL),
(129788, 154788, 0, 0.273, 0, 1, 0, 1, 1, NULL),
(129788, 154789, 0, 0.45, 0, 1, 0, 1, 1, NULL),
(129788, 154790, 0, 0.136, 0, 1, 0, 1, 1, NULL),
(129788, 154791, 0, 1.122, 0, 1, 0, 1, 1, NULL),
(129788, 154792, 0, 1.895, 0, 1, 0, 1, 1, NULL),
(129788, 154793, 0, 0.136, 0, 1, 0, 1, 1, NULL),
(129788, 154795, 0, 1.049, 0, 1, 0, 1, 1, NULL),
(129788, 154799, 0, 0.436, 0, 1, 0, 1, 1, NULL),
(129788, 154800, 0, 1.39, 0, 1, 0, 1, 1, NULL),
(129788, 154801, 0, 0.341, 0, 1, 0, 1, 1, NULL),
(129788, 154802, 0, 0.068, 0, 1, 0, 1, 1, NULL),
(129788, 154803, 0, 0.779, 0, 1, 0, 1, 1, NULL),
(129788, 154804, 0, 1.295, 0, 1, 0, 1, 1, NULL),
(129788, 154805, 0, 0.709, 0, 1, 0, 1, 1, NULL),
(129788, 159158, 0, 0.273, 0, 1, 0, 1, 1, NULL),
(129788, 159161, 0, 0.327, 0, 1, 0, 1, 1, NULL),
(129788, 159162, 0, 1.24, 0, 1, 0, 1, 1, NULL),
(129788, 159163, 0, 0.273, 0, 1, 0, 1, 1, NULL),
(129788, 159164, 0, 0.204, 0, 1, 0, 1, 1, NULL),
(129788, 159166, 0, 1.336, 0, 1, 0, 1, 1, NULL),
(129788, 159167, 0, 1.104, 0, 1, 0, 1, 1, NULL),
(129788, 159168, 0, 0.75, 0, 1, 0, 1, 1, NULL),
(129788, 159171, 0, 1.895, 0, 1, 0, 1, 1, NULL),
(129788, 159173, 0, 0.136, 0, 1, 0, 1, 1, NULL),
(129788, 159174, 0, 0.777, 0, 1, 0, 1, 1, NULL),
(129788, 159184, 0, 0.204, 0, 1, 0, 1, 1, NULL),
(129788, 159185, 0, 1.186, 0, 1, 0, 1, 1, NULL),
(129788, 159186, 0, 0.504, 0, 1, 0, 1, 1, NULL),
(129788, 159187, 0, 0.068, 0, 1, 0, 1, 1, NULL),
(129788, 159188, 0, 0.572, 0, 1, 0, 1, 1, NULL),
(129788, 159189, 0, 0.273, 0, 1, 0, 1, 1, NULL),
(129788, 159228, 0, 0.368, 0, 1, 0, 1, 1, NULL),
(129788, 159229, 0, 2.412, 0, 1, 0, 1, 1, NULL),
(129788, 159230, 0, 1.799, 0, 1, 0, 1, 1, NULL),
(129788, 159475, 0, 0.068, 0, 1, 0, 1, 1, NULL),
(129788, 159494, 0, 0.271, 0, 1, 0, 1, 1, NULL),
(129788, 159497, 0, 0.136, 0, 1, 0, 1, 1, NULL),
(129788, 159504, 0, 0.204, 0, 1, 0, 1, 1, NULL),
(129788, 159509, 0, 0.068, 0, 1, 0, 1, 1, NULL),
(129788, 159511, 0, 0.732, 0, 1, 0, 1, 1, NULL),
(129788, 159519, 0, 0.217, 0, 1, 0, 1, 1, NULL),
(129788, 159521, 0, 0.204, 0, 1, 0, 1, 1, NULL),
(129788, 159524, 0, 1.339, 0, 1, 0, 1, 1, NULL),
(129788, 159537, 0, 1.284, 0, 1, 0, 1, 1, NULL),
(129788, 159539, 0, 0.273, 0, 1, 0, 1, 1, NULL),
(129788, 159540, 0, 0.319, 0, 1, 0, 1, 1, NULL),
(129788, 159560, 0, 0.118, 0, 1, 0, 1, 1, NULL),
(129788, 159568, 0, 0.068, 0, 1, 0, 1, 1, NULL),
(129788, 159569, 0, 0.068, 0, 1, 0, 1, 1, NULL),
(129788, 159571, 0, 0.488, 0, 1, 0, 1, 1, NULL),
(129788, 159584, 0, 0.777, 0, 1, 0, 1, 1, NULL),
(129788, 159587, 0, 0.177, 0, 1, 0, 1, 1, NULL),
(129788, 159589, 0, 0.068, 0, 1, 0, 1, 1, NULL),
(129788, 159590, 0, 0.259, 0, 1, 0, 1, 1, NULL),
(129788, 159593, 0, 0.068, 0, 1, 0, 1, 1, NULL),
(129788, 159602, 0, 0.136, 0, 1, 0, 1, 1, NULL),
(129788, 159605, 0, 0.15, 0, 1, 0, 1, 1, NULL),
(129788, 159797, 0, 0.068, 0, 1, 0, 1, 1, NULL),
(129788, 159799, 0, 0.068, 0, 1, 0, 1, 1, NULL),
(129788, 159802, 0, 0.555, 0, 1, 0, 1, 1, NULL),
(129788, 159803, 0, 0.068, 0, 1, 0, 1, 1, NULL),
(129788, 159806, 0, 0.253, 0, 1, 0, 1, 1, NULL),
(129788, 159820, 0, 0.09, 0, 1, 0, 1, 1, NULL),
(129788, 160924, 0, 0.15, 0, 1, 0, 1, 1, NULL),
(129788, 160925, 0, 0.273, 0, 1, 0, 1, 1, NULL),
(129788, 160926, 0, 0.845, 0, 1, 0, 1, 1, NULL),
(129788, 160928, 0, 0.068, 0, 1, 0, 1, 1, NULL),
(129788, 160929, 0, 0.845, 0, 1, 0, 1, 1, NULL),
(129788, 160930, 0, 0.382, 0, 1, 0, 1, 1, NULL),
(129788, 160931, 0, 0.981, 0, 1, 0, 1, 1, NULL),
(129788, 160933, 0, 0.409, 0, 1, 0, 1, 1, NULL),
(129788, 160935, 0, 0.218, 0, 1, 0, 1, 1, NULL),
(129788, 160936, 0, 0.191, 0, 1, 0, 1, 1, NULL),
(129788, 160937, 0, 0.545, 0, 1, 0, 1, 1, NULL),
(129788, 160938, 0, 0.45, 0, 1, 0, 1, 1, NULL),
(129788, 163902, 0, 0.271, 0, 1, 0, 1, 1, NULL),
(129788, 163908, 0, 0.319, 0, 1, 0, 1, 1, NULL),
(129788, 166260, 0, 0.024, 0, 1, 0, 1, 1, NULL),
(130011, 152576, 0, 52.521, 0, 1, 0, 1, 3, NULL),
(130011, 152577, 0, 8.578, 0, 1, 0, 1, 1, NULL),
(130011, 154770, 0, 0.518, 0, 1, 0, 1, 1, NULL),
(130011, 154771, 0, 0.055, 0, 1, 0, 1, 1, NULL),
(130011, 154772, 0, 0.571, 0, 1, 0, 1, 1, NULL),
(130011, 154773, 0, 0.055, 0, 1, 0, 1, 1, NULL),
(130011, 154774, 0, 0.297, 0, 1, 0, 1, 1, NULL),
(130011, 154775, 0, 0.659, 0, 1, 0, 1, 1, NULL),
(130011, 154776, 0, 0.078, 0, 1, 0, 1, 1, NULL),
(130011, 154777, 0, 0.683, 0, 1, 0, 1, 1, NULL),
(130011, 154778, 0, 0.362, 0, 1, 0, 1, 1, NULL),
(130011, 154779, 0, 1.79, 0, 1, 0, 1, 1, NULL),
(130011, 154780, 0, 0.11, 0, 1, 0, 1, 1, NULL),
(130011, 154781, 0, 0.165, 0, 1, 0, 1, 1, NULL),
(130011, 154782, 0, 0.846, 0, 1, 0, 1, 1, NULL),
(130011, 154784, 0, 0.879, 0, 1, 0, 1, 1, NULL),
(130011, 154785, 0, 0.275, 0, 1, 0, 1, 1, NULL),
(130011, 154786, 0, 0.571, 0, 1, 0, 1, 1, NULL),
(130011, 154788, 0, 0.681, 0, 1, 0, 1, 1, NULL),
(130011, 154789, 0, 1.175, 0, 1, 0, 1, 1, NULL),
(130011, 154790, 0, 0.055, 0, 1, 0, 1, 1, NULL),
(130011, 154791, 0, 0.11, 0, 1, 0, 1, 1, NULL),
(130011, 154792, 0, 0.264, 0, 1, 0, 1, 1, NULL),
(130011, 154793, 0, 0.154, 0, 1, 0, 1, 1, NULL),
(130011, 154794, 0, 1.296, 0, 1, 0, 1, 1, NULL),
(130011, 154797, 0, 0.813, 0, 1, 0, 1, 1, NULL),
(130011, 154799, 0, 0.516, 0, 1, 0, 1, 1, NULL),
(130011, 154800, 0, 0.936, 0, 1, 0, 1, 1, NULL),
(130011, 154801, 0, 0.813, 0, 1, 0, 1, 1, NULL),
(130011, 154803, 0, 0.977, 0, 1, 0, 1, 1, NULL),
(130011, 159158, 0, 1.307, 0, 1, 0, 1, 1, NULL),
(130011, 159161, 0, 0.846, 0, 1, 0, 1, 1, NULL),
(130011, 159162, 0, 1.768, 0, 1, 0, 1, 1, NULL),
(130011, 159163, 0, 0.945, 0, 1, 0, 1, 1, NULL),
(130011, 159164, 0, 1.054, 0, 1, 0, 1, 1, NULL),
(130011, 159166, 0, 1.516, 0, 1, 0, 1, 1, NULL),
(130011, 159167, 0, 0.472, 0, 1, 0, 1, 1, NULL),
(130011, 159168, 0, 0.681, 0, 1, 0, 1, 1, NULL),
(130011, 159171, 0, 0.89, 0, 1, 0, 1, 1, NULL),
(130011, 159172, 0, 1.124, 0, 1, 0, 1, 1, NULL),
(130011, 159173, 0, 0.329, 0, 1, 0, 1, 1, NULL),
(130011, 159174, 0, 0.417, 0, 1, 0, 1, 1, NULL),
(130011, 159185, 0, 1.56, 0, 1, 0, 1, 1, NULL),
(130011, 159186, 0, 0.384, 0, 1, 0, 1, 1, NULL),
(130011, 159187, 0, 2.065, 0, 1, 0, 1, 1, NULL),
(130011, 159188, 0, 0.703, 0, 1, 0, 1, 1, NULL),
(130011, 159189, 0, 0.956, 0, 1, 0, 1, 1, NULL),
(130011, 159228, 0, 1.241, 0, 1, 0, 1, 1, NULL),
(130011, 159229, 0, 1.197, 0, 1, 0, 1, 1, NULL),
(130011, 159230, 0, 0.692, 0, 1, 0, 1, 1, NULL),
(130011, 159473, 0, 0.655, 0, 1, 0, 1, 1, NULL),
(130011, 159474, 0, 0.518, 0, 1, 0, 1, 1, NULL),
(130011, 159494, 0, 0.055, 0, 1, 0, 1, 1, NULL),
(130011, 159496, 0, 0.276, 0, 1, 0, 1, 1, NULL),
(130011, 159497, 0, 0.055, 0, 1, 0, 1, 1, NULL),
(130011, 159501, 0, 1.032, 0, 1, 0, 1, 1, NULL),
(130011, 159502, 0, 0.187, 0, 1, 0, 1, 1, NULL),
(130011, 159509, 0, 0.055, 0, 1, 0, 1, 1, NULL),
(130011, 159511, 0, 0.078, 0, 1, 0, 1, 1, NULL),
(130011, 159519, 0, 0.384, 0, 1, 0, 1, 1, NULL),
(130011, 159520, 0, 0.11, 0, 1, 0, 1, 1, NULL),
(130011, 159521, 0, 0.099, 0, 1, 0, 1, 1, NULL),
(130011, 159524, 0, 0.187, 0, 1, 0, 1, 1, NULL),
(130011, 159525, 0, 0.198, 0, 1, 0, 1, 1, NULL),
(130011, 159535, 0, 0.628, 0, 1, 0, 1, 1, NULL),
(130011, 159537, 0, 0.516, 0, 1, 0, 1, 1, NULL),
(130011, 159540, 0, 0.154, 0, 1, 0, 1, 1, NULL),
(130011, 159551, 0, 0.518, 0, 1, 0, 1, 1, NULL),
(130011, 159560, 0, 0.518, 0, 1, 0, 1, 1, NULL),
(130011, 159564, 0, 0.11, 0, 1, 0, 1, 1, NULL),
(130011, 159568, 0, 0.516, 0, 1, 0, 1, 1, NULL),
(130011, 159569, 0, 0.518, 0, 1, 0, 1, 1, NULL),
(130011, 159571, 0, 1.036, 0, 1, 0, 1, 1, NULL),
(130011, 159584, 0, 0.463, 0, 1, 0, 1, 1, NULL),
(130011, 159585, 0, 0.198, 0, 1, 0, 1, 1, NULL),
(130011, 159587, 0, 0.22, 0, 1, 0, 1, 1, NULL),
(130011, 159589, 0, 0.165, 0, 1, 0, 1, 1, NULL),
(130011, 159590, 0, 0.055, 0, 1, 0, 1, 1, NULL),
(130011, 159593, 0, 0.421, 0, 1, 0, 1, 1, NULL),
(130011, 159602, 0, 0.275, 0, 1, 0, 1, 1, NULL),
(130011, 159604, 0, 0.154, 0, 1, 0, 1, 1, NULL),
(130011, 159605, 0, 0.055, 0, 1, 0, 1, 1, NULL),
(130011, 159797, 0, 0.298, 0, 1, 0, 1, 1, NULL),
(130011, 159799, 0, 0.275, 0, 1, 0, 1, 1, NULL),
(130011, 159802, 0, 0.22, 0, 1, 0, 1, 1, NULL),
(130011, 159803, 0, 0.373, 0, 1, 0, 1, 1, NULL),
(130011, 159805, 0, 0.055, 0, 1, 0, 1, 1, NULL),
(130011, 159818, 0, 0.055, 0, 1, 0, 1, 1, NULL),
(130011, 159820, 0, 0.011, 0, 1, 0, 1, 1, NULL),
(130011, 160925, 0, 0.297, 0, 1, 0, 1, 1, NULL),
(130011, 160926, 0, 0.11, 0, 1, 0, 1, 1, NULL),
(130011, 160928, 0, 0.527, 0, 1, 0, 1, 1, NULL),
(130011, 160929, 0, 0.242, 0, 1, 0, 1, 1, NULL),
(130011, 160930, 0, 0.055, 0, 1, 0, 1, 1, NULL),
(130011, 160931, 0, 0.659, 0, 1, 0, 1, 1, NULL),
(130011, 160932, 0, 1.233, 0, 1, 0, 1, 1, NULL),
(130011, 160933, 0, 0.308, 0, 1, 0, 1, 1, NULL),
(130011, 160935, 0, 0.11, 0, 1, 0, 1, 1, NULL),
(130011, 160936, 0, 0.406, 0, 1, 0, 1, 1, NULL),
(130011, 160937, 0, 0.055, 0, 1, 0, 1, 1, NULL),
(130011, 160938, 0, 0.22, 0, 1, 0, 1, 1, NULL),
(130011, 163911, 0, 0.055, 0, 1, 0, 1, 1, NULL),
(130011, 163949, 0, 0.078, 0, 1, 0, 1, 1, NULL),
(130012, 152576, 0, 61.806, 0, 1, 0, 1, 3, NULL),
(130012, 152577, 0, 3.553, 0, 1, 0, 1, 1, NULL),
(130012, 154770, 0, 0.294, 0, 1, 0, 1, 1, NULL),
(130012, 154771, 0, 0.196, 0, 1, 0, 1, 1, NULL),
(130012, 154772, 0, 0.35, 0, 1, 0, 1, 1, NULL),
(130012, 154773, 0, 0.865, 0, 1, 0, 1, 1, NULL),
(130012, 154774, 0, 0.865, 0, 1, 0, 1, 1, NULL),
(130012, 154776, 0, 0.669, 0, 1, 0, 1, 1, NULL),
(130012, 154777, 0, 0.098, 0, 1, 0, 1, 1, NULL),
(130012, 154778, 0, 0.393, 0, 1, 0, 1, 1, NULL),
(130012, 154780, 0, 0.098, 0, 1, 0, 1, 1, NULL),
(130012, 154781, 0, 0.184, 0, 1, 0, 1, 1, NULL),
(130012, 154782, 0, 1.021, 0, 1, 0, 1, 1, NULL),
(130012, 154783, 0, 7.268, 0, 1, 0, 1, 1, NULL),
(130012, 154784, 0, 0.491, 0, 1, 0, 1, 1, NULL),
(130012, 154785, 0, 1.178, 0, 1, 0, 1, 1, NULL),
(130012, 154786, 0, 1.021, 0, 1, 0, 1, 1, NULL),
(130012, 154787, 0, 0.098, 0, 1, 0, 1, 1, NULL),
(130012, 154788, 0, 0.196, 0, 1, 0, 1, 1, NULL),
(130012, 154790, 0, 1.374, 0, 1, 0, 1, 1, NULL),
(130012, 154791, 0, 0.648, 0, 1, 0, 1, 1, NULL),
(130012, 154792, 0, 1.492, 0, 1, 0, 1, 1, NULL),
(130012, 154794, 0, 2.106, 0, 1, 0, 1, 1, NULL),
(130012, 154799, 0, 0.275, 0, 1, 0, 1, 1, NULL),
(130012, 154801, 0, 0.922, 0, 1, 0, 1, 1, NULL),
(130012, 154802, 0, 0.491, 0, 1, 0, 1, 1, NULL),
(130012, 154803, 0, 0.865, 0, 1, 0, 1, 1, NULL),
(130012, 154804, 0, 0.491, 0, 1, 0, 1, 1, NULL),
(130012, 159158, 0, 0.196, 0, 1, 0, 1, 1, NULL),
(130012, 159161, 0, 0.098, 0, 1, 0, 1, 1, NULL),
(130012, 159162, 0, 0.098, 0, 1, 0, 1, 1, NULL),
(130012, 159164, 0, 1.629, 0, 1, 0, 1, 1, NULL),
(130012, 159166, 0, 1.472, 0, 1, 0, 1, 1, NULL),
(130012, 159167, 0, 0.628, 0, 1, 0, 1, 1, NULL),
(130012, 159168, 0, 0.393, 0, 1, 0, 1, 1, NULL),
(130012, 159171, 0, 1.119, 0, 1, 0, 1, 1, NULL),
(130012, 159172, 0, 2.453, 0, 1, 0, 1, 1, NULL),
(130012, 159173, 0, 1.315, 0, 1, 0, 1, 1, NULL),
(130012, 159174, 0, 0.628, 0, 1, 0, 1, 1, NULL),
(130012, 159184, 0, 0.412, 0, 1, 0, 1, 1, NULL),
(130012, 159185, 0, 0.805, 0, 1, 0, 1, 1, NULL),
(130012, 159186, 0, 0.098, 0, 1, 0, 1, 1, NULL),
(130012, 159187, 0, 0.098, 0, 1, 0, 1, 1, NULL),
(130012, 159188, 0, 0.393, 0, 1, 0, 1, 1, NULL),
(130012, 159189, 0, 0.255, 0, 1, 0, 1, 1, NULL),
(130012, 159228, 0, 0.707, 0, 1, 0, 1, 1, NULL),
(130012, 159229, 0, 0.412, 0, 1, 0, 1, 1, NULL),
(130012, 159230, 0, 1.551, 0, 1, 0, 1, 1, NULL),
(130012, 159474, 0, 0.607, 0, 1, 0, 1, 1, NULL),
(130012, 159493, 0, 0.491, 0, 1, 0, 1, 1, NULL),
(130012, 159494, 0, 0.865, 0, 1, 0, 1, 1, NULL),
(130012, 159496, 0, 0.258, 0, 1, 0, 1, 1, NULL),
(130012, 159504, 0, 0.922, 0, 1, 0, 1, 1, NULL),
(130012, 159519, 0, 0.922, 0, 1, 0, 1, 1, NULL),
(130012, 159520, 0, 0.648, 0, 1, 0, 1, 1, NULL),
(130012, 159521, 0, 0.255, 0, 1, 0, 1, 1, NULL),
(130012, 159522, 0, 1.472, 0, 1, 0, 1, 1, NULL),
(130012, 159524, 0, 1.165, 0, 1, 0, 1, 1, NULL),
(130012, 159525, 0, 0.922, 0, 1, 0, 1, 1, NULL),
(130012, 159537, 0, 0.124, 0, 1, 0, 1, 1, NULL),
(130012, 159540, 0, 1.57, 0, 1, 0, 1, 1, NULL),
(130012, 159560, 0, 0.922, 0, 1, 0, 1, 1, NULL),
(130012, 159566, 0, 0.793, 0, 1, 0, 1, 1, NULL),
(130012, 159568, 0, 0.53, 0, 1, 0, 1, 1, NULL),
(130012, 159589, 0, 0.497, 0, 1, 0, 1, 1, NULL),
(130012, 159590, 0, 0.098, 0, 1, 0, 1, 1, NULL),
(130012, 159602, 0, 1.536, 0, 1, 0, 1, 1, NULL),
(130012, 159604, 0, 0.53, 0, 1, 0, 1, 1, NULL),
(130012, 159605, 0, 0.669, 0, 1, 0, 1, 1, NULL),
(130012, 159797, 0, 0.347, 0, 1, 0, 1, 1, NULL),
(130012, 159799, 0, 0.922, 0, 1, 0, 1, 1, NULL),
(130012, 159800, 0, 1.049, 0, 1, 0, 1, 1, NULL),
(130012, 159802, 0, 0.53, 0, 1, 0, 1, 1, NULL),
(130012, 159803, 0, 0.098, 0, 1, 0, 1, 1, NULL),
(130012, 159805, 0, 0.922, 0, 1, 0, 1, 1, NULL),
(130012, 159818, 0, 0.098, 0, 1, 0, 1, 1, NULL),
(130012, 159820, 0, 1.165, 0, 1, 0, 1, 1, NULL),
(130012, 160924, 0, 0.746, 0, 1, 0, 1, 1, NULL),
(130012, 160925, 0, 0.098, 0, 1, 0, 1, 1, NULL),
(130012, 160926, 0, 1.115, 0, 1, 0, 1, 1, NULL),
(130012, 160928, 0, 0.608, 0, 1, 0, 1, 1, NULL),
(130012, 160929, 0, 0.883, 0, 1, 0, 1, 1, NULL),
(130012, 160930, 0, 0.098, 0, 1, 0, 1, 1, NULL),
(130012, 160931, 0, 0.699, 0, 1, 0, 1, 1, NULL),
(130012, 160933, 0, 1.454, 0, 1, 0, 1, 1, NULL),
(130012, 160935, 0, 0.124, 0, 1, 0, 1, 1, NULL),
(130012, 160937, 0, 0.687, 0, 1, 0, 1, 1, NULL),
(130012, 163911, 0, 0.098, 0, 1, 0, 1, 1, NULL),
(130024, 154164, 0, 0.134, 0, 1, 0, 1, 2, NULL),
(130024, 154897, 0, 10.412, 0, 1, 0, 1, 4, NULL),
(130024, 158751, 0, 0.138, 0, 1, 0, 1, 1, NULL),
(130024, 158752, 0, 17.854, 0, 1, 0, 1, 1, NULL),
(130024, 158819, 0, 4.024, 0, 1, 0, 1, 1, NULL),
(130024, 158870, 0, 77.885, 0, 1, 0, 1, 1, NULL),
(130024, 161431, 0, 0.007, 0, 1, 0, 1, 1, NULL),
(130400, 152576, 0, 53.443, 0, 1, 0, 1, 3, NULL),
(130400, 152577, 0, 9.047, 0, 1, 0, 1, 1, NULL),
(130400, 154770, 0, 1.14, 0, 1, 0, 1, 1, NULL),
(130400, 154771, 0, 0.287, 0, 1, 0, 1, 1, NULL),
(130400, 154773, 0, 1.624, 0, 1, 0, 1, 1, NULL),
(130400, 154774, 0, 0.612, 0, 1, 0, 1, 1, NULL),
(130400, 154775, 0, 0.287, 0, 1, 0, 1, 1, NULL),
(130400, 154777, 0, 0.786, 0, 1, 0, 1, 1, NULL),
(130400, 154778, 0, 0.096, 0, 1, 0, 1, 1, NULL),
(130400, 154784, 0, 0.268, 0, 1, 0, 1, 1, NULL),
(130400, 154785, 0, 2.334, 0, 1, 0, 1, 1, NULL),
(130400, 154786, 0, 0.746, 0, 1, 0, 1, 1, NULL),
(130400, 154787, 0, 0.363, 0, 1, 0, 1, 1, NULL),
(130400, 154788, 0, 0.363, 0, 1, 0, 1, 1, NULL),
(130400, 154790, 0, 0.057, 0, 1, 0, 1, 1, NULL),
(130400, 154792, 0, 0.643, 0, 1, 0, 1, 1, NULL),
(130400, 154793, 0, 0.287, 0, 1, 0, 1, 1, NULL),
(130400, 154795, 0, 1.88, 0, 1, 0, 1, 1, NULL),
(130400, 154799, 0, 0.313, 0, 1, 0, 1, 1, NULL),
(130400, 154801, 0, 0.363, 0, 1, 0, 1, 1, NULL),
(130400, 154802, 0, 0.516, 0, 1, 0, 1, 1, NULL),
(130400, 154803, 0, 0.899, 0, 1, 0, 1, 1, NULL),
(130400, 154804, 0, 1.415, 0, 1, 0, 1, 1, NULL),
(130400, 159158, 0, 0.191, 0, 1, 0, 1, 1, NULL),
(130400, 159161, 0, 0.769, 0, 1, 0, 1, 1, NULL),
(130400, 159162, 0, 1.052, 0, 1, 0, 1, 1, NULL),
(130400, 159163, 0, 1.415, 0, 1, 0, 1, 1, NULL),
(130400, 159164, 0, 0.708, 0, 1, 0, 1, 1, NULL),
(130400, 159166, 0, 0.995, 0, 1, 0, 1, 1, NULL),
(130400, 159168, 0, 0.574, 0, 1, 0, 1, 1, NULL),
(130400, 159171, 0, 0.096, 0, 1, 0, 1, 1, NULL),
(130400, 159172, 0, 3.481, 0, 1, 0, 1, 1, NULL),
(130400, 159173, 0, 0.191, 0, 1, 0, 1, 1, NULL),
(130400, 159174, 0, 0.383, 0, 1, 0, 1, 1, NULL),
(130400, 159184, 0, 1.607, 0, 1, 0, 1, 1, NULL),
(130400, 159185, 0, 0.536, 0, 1, 0, 1, 1, NULL),
(130400, 159186, 0, 0.516, 0, 1, 0, 1, 1, NULL),
(130400, 159187, 0, 3.271, 0, 1, 0, 1, 1, NULL),
(130400, 159188, 0, 0.784, 0, 1, 0, 1, 1, NULL),
(130400, 159189, 0, 0.402, 0, 1, 0, 1, 1, NULL),
(130400, 159228, 0, 0.612, 0, 1, 0, 1, 1, NULL),
(130400, 159229, 0, 0.631, 0, 1, 0, 1, 1, NULL),
(130400, 159230, 0, 1.243, 0, 1, 0, 1, 1, NULL),
(130400, 159474, 0, 0.643, 0, 1, 0, 1, 1, NULL),
(130400, 159475, 0, 0.096, 0, 1, 0, 1, 1, NULL),
(130400, 159493, 0, 0.899, 0, 1, 0, 1, 1, NULL),
(130400, 159494, 0, 0.643, 0, 1, 0, 1, 1, NULL),
(130400, 159496, 0, 0.096, 0, 1, 0, 1, 1, NULL),
(130400, 159504, 0, 0.516, 0, 1, 0, 1, 1, NULL),
(130400, 159511, 0, 0.096, 0, 1, 0, 1, 1, NULL),
(130400, 159521, 0, 0.287, 0, 1, 0, 1, 1, NULL),
(130400, 159522, 0, 0.119, 0, 1, 0, 1, 1, NULL),
(130400, 159523, 0, 0.643, 0, 1, 0, 1, 1, NULL),
(130400, 159525, 0, 0.096, 0, 1, 0, 1, 1, NULL),
(130400, 159537, 0, 0.899, 0, 1, 0, 1, 1, NULL),
(130400, 159540, 0, 0.786, 0, 1, 0, 1, 1, NULL),
(130400, 159551, 0, 0.899, 0, 1, 0, 1, 1, NULL),
(130400, 159566, 0, 0.268, 0, 1, 0, 1, 1, NULL),
(130400, 159571, 0, 0.363, 0, 1, 0, 1, 1, NULL),
(130400, 159584, 0, 0.899, 0, 1, 0, 1, 1, NULL),
(130400, 159585, 0, 0.516, 0, 1, 0, 1, 1, NULL),
(130400, 159587, 0, 0.94, 0, 1, 0, 1, 1, NULL),
(130400, 159593, 0, 0.191, 0, 1, 0, 1, 1, NULL),
(130400, 159602, 0, 1.377, 0, 1, 0, 1, 1, NULL),
(130400, 159604, 0, 0.096, 0, 1, 0, 1, 1, NULL),
(130400, 159797, 0, 0.643, 0, 1, 0, 1, 1, NULL),
(130400, 159800, 0, 1.12, 0, 1, 0, 1, 1, NULL),
(130400, 159802, 0, 0.268, 0, 1, 0, 1, 1, NULL),
(130400, 159803, 0, 0.191, 0, 1, 0, 1, 1, NULL),
(130400, 159805, 0, 0.287, 0, 1, 0, 1, 1, NULL),
(130400, 159818, 0, 0.096, 0, 1, 0, 1, 1, NULL),
(130400, 160924, 0, 1.339, 0, 1, 0, 1, 1, NULL),
(130400, 160926, 0, 0.555, 0, 1, 0, 1, 1, NULL),
(130400, 160928, 0, 0.459, 0, 1, 0, 1, 1, NULL),
(130400, 160929, 0, 1.12, 0, 1, 0, 1, 1, NULL),
(130400, 160931, 0, 1.148, 0, 1, 0, 1, 1, NULL),
(130400, 160933, 0, 0.459, 0, 1, 0, 1, 1, NULL),
(130400, 160936, 0, 2.812, 0, 1, 0, 1, 1, NULL),
(130400, 160937, 0, 1.09, 0, 1, 0, 1, 1, NULL),
(130400, 160938, 0, 0.096, 0, 1, 0, 1, 1, NULL),
(130400, 163902, 0, 0.285, 0, 1, 0, 1, 1, NULL),
(130404, 152576, 0, 46.876, 0, 1, 0, 1, 3, NULL),
(130404, 152577, 0, 13.743, 0, 1, 0, 1, 1, NULL),
(130404, 154771, 0, 1.049, 0, 1, 0, 1, 1, NULL),
(130404, 154772, 0, 1.589, 0, 1, 0, 1, 1, NULL),
(130404, 154773, 0, 0.107, 0, 1, 0, 1, 1, NULL),
(130404, 154774, 0, 0.944, 0, 1, 0, 1, 1, NULL),
(130404, 154775, 0, 2.018, 0, 1, 0, 1, 1, NULL),
(130404, 154776, 0, 0.107, 0, 1, 0, 1, 1, NULL),
(130404, 154777, 0, 0.107, 0, 1, 0, 1, 1, NULL),
(130404, 154778, 0, 2.77, 0, 1, 0, 1, 1, NULL),
(130404, 154779, 0, 1.138, 0, 1, 0, 1, 1, NULL),
(130404, 154780, 0, 0.107, 0, 1, 0, 1, 1, NULL),
(130404, 154781, 0, 1.009, 0, 1, 0, 1, 1, NULL),
(130404, 154782, 0, 1.718, 0, 1, 0, 1, 1, NULL),
(130404, 154784, 0, 0.236, 0, 1, 0, 1, 1, NULL),
(130404, 154785, 0, 0.215, 0, 1, 0, 1, 1, NULL),
(130404, 154786, 0, 0.107, 0, 1, 0, 1, 1, NULL),
(130404, 154788, 0, 1.084, 0, 1, 0, 1, 1, NULL),
(130404, 154789, 0, 0.156, 0, 1, 0, 1, 1, NULL),
(130404, 154790, 0, 0.822, 0, 1, 0, 1, 1, NULL),
(130404, 154791, 0, 0.301, 0, 1, 0, 1, 1, NULL),
(130404, 154792, 0, 0.215, 0, 1, 0, 1, 1, NULL),
(130404, 154793, 0, 1.761, 0, 1, 0, 1, 1, NULL),
(130404, 154795, 0, 1.47, 0, 1, 0, 1, 1, NULL),
(130404, 154799, 0, 0.709, 0, 1, 0, 1, 1, NULL),
(130404, 154800, 0, 1.782, 0, 1, 0, 1, 1, NULL),
(130404, 154801, 0, 0.816, 0, 1, 0, 1, 1, NULL),
(130404, 154802, 0, 0.687, 0, 1, 0, 1, 1, NULL),
(130404, 154803, 0, 1.009, 0, 1, 0, 1, 1, NULL),
(130404, 154804, 0, 1.396, 0, 1, 0, 1, 1, NULL),
(130404, 159161, 0, 0.429, 0, 1, 0, 1, 1, NULL),
(130404, 159162, 0, 0.322, 0, 1, 0, 1, 1, NULL),
(130404, 159163, 0, 0.795, 0, 1, 0, 1, 1, NULL),
(130404, 159164, 0, 1.117, 0, 1, 0, 1, 1, NULL),
(130404, 159166, 0, 2.018, 0, 1, 0, 1, 1, NULL),
(130404, 159167, 0, 0.859, 0, 1, 0, 1, 1, NULL),
(130404, 159168, 0, 0.601, 0, 1, 0, 1, 1, NULL),
(130404, 159171, 0, 1.546, 0, 1, 0, 1, 1, NULL),
(130404, 159172, 0, 1.696, 0, 1, 0, 1, 1, NULL),
(130404, 159173, 0, 0.215, 0, 1, 0, 1, 1, NULL),
(130404, 159184, 0, 1.224, 0, 1, 0, 1, 1, NULL),
(130404, 159185, 0, 1.095, 0, 1, 0, 1, 1, NULL),
(130404, 159186, 0, 0.301, 0, 1, 0, 1, 1, NULL),
(130404, 159187, 0, 1.009, 0, 1, 0, 1, 1, NULL),
(130404, 159188, 0, 0.623, 0, 1, 0, 1, 1, NULL),
(130404, 159228, 0, 0.816, 0, 1, 0, 1, 1, NULL),
(130404, 159229, 0, 0.322, 0, 1, 0, 1, 1, NULL),
(130404, 159493, 0, 0.577, 0, 1, 0, 1, 1, NULL),
(130404, 159501, 0, 1.47, 0, 1, 0, 1, 1, NULL),
(130404, 159509, 0, 0.156, 0, 1, 0, 1, 1, NULL),
(130404, 159511, 0, 0.156, 0, 1, 0, 1, 1, NULL),
(130404, 159519, 0, 0.21, 0, 1, 0, 1, 1, NULL),
(130404, 159520, 0, 0.107, 0, 1, 0, 1, 1, NULL),
(130404, 159521, 0, 0.215, 0, 1, 0, 1, 1, NULL),
(130404, 159523, 0, 0.822, 0, 1, 0, 1, 1, NULL),
(130404, 159524, 0, 0.365, 0, 1, 0, 1, 1, NULL),
(130404, 159537, 0, 0.494, 0, 1, 0, 1, 1, NULL),
(130404, 159539, 0, 0.107, 0, 1, 0, 1, 1, NULL),
(130404, 159560, 0, 0.822, 0, 1, 0, 1, 1, NULL),
(130404, 159568, 0, 0.215, 0, 1, 0, 1, 1, NULL),
(130404, 159569, 0, 0.437, 0, 1, 0, 1, 1, NULL),
(130404, 159584, 0, 1.009, 0, 1, 0, 1, 1, NULL),
(130404, 159585, 0, 0.537, 0, 1, 0, 1, 1, NULL),
(130404, 159589, 0, 0.408, 0, 1, 0, 1, 1, NULL),
(130404, 159590, 0, 0.577, 0, 1, 0, 1, 1, NULL),
(130404, 159593, 0, 0.322, 0, 1, 0, 1, 1, NULL),
(130404, 159799, 0, 0.107, 0, 1, 0, 1, 1, NULL),
(130404, 159802, 0, 0.087, 0, 1, 0, 1, 1, NULL),
(130404, 159805, 0, 0.087, 0, 1, 0, 1, 1, NULL),
(130404, 159818, 0, 0.469, 0, 1, 0, 1, 1, NULL),
(130404, 159820, 0, 0.804, 0, 1, 0, 1, 1, NULL),
(130404, 160924, 0, 0.322, 0, 1, 0, 1, 1, NULL),
(130404, 160925, 0, 0.472, 0, 1, 0, 1, 1, NULL),
(130404, 160926, 0, 0.215, 0, 1, 0, 1, 1, NULL),
(130404, 160927, 0, 1.589, 0, 1, 0, 1, 1, NULL),
(130404, 160928, 0, 1.399, 0, 1, 0, 1, 1, NULL),
(130404, 160929, 0, 1.031, 0, 1, 0, 1, 1, NULL),
(130404, 160930, 0, 0.262, 0, 1, 0, 1, 1, NULL),
(130404, 160931, 0, 0.365, 0, 1, 0, 1, 1, NULL),
(130404, 160935, 0, 0.322, 0, 1, 0, 1, 1, NULL),
(130404, 160937, 0, 1.095, 0, 1, 0, 1, 1, NULL),
(130404, 160938, 0, 0.087, 0, 1, 0, 1, 1, NULL),
(130521, 152576, 0, 58.813, 0, 1, 0, 1, 3, NULL),
(130521, 152577, 0, 10.597, 0, 1, 0, 1, 1, NULL),
(130521, 154770, 0, 0.546, 0, 1, 0, 1, 1, NULL),
(130521, 154771, 0, 1.673, 0, 1, 0, 1, 1, NULL),
(130521, 154772, 0, 0.598, 0, 1, 0, 1, 1, NULL),
(130521, 154773, 0, 2.913, 0, 1, 0, 1, 1, NULL),
(130521, 154774, 0, 0.182, 0, 1, 0, 1, 1, NULL),
(130521, 154775, 0, 2.076, 0, 1, 0, 1, 1, NULL),
(130521, 154776, 0, 1.712, 0, 1, 0, 1, 1, NULL),
(130521, 154779, 0, 1.851, 0, 1, 0, 1, 1, NULL),
(130521, 154784, 0, 0.598, 0, 1, 0, 1, 1, NULL),
(130521, 154785, 0, 1.712, 0, 1, 0, 1, 1, NULL),
(130521, 154786, 0, 0.364, 0, 1, 0, 1, 1, NULL),
(130521, 154787, 0, 1.202, 0, 1, 0, 1, 1, NULL),
(130521, 154788, 0, 0.182, 0, 1, 0, 1, 1, NULL),
(130521, 154789, 0, 0.182, 0, 1, 0, 1, 1, NULL),
(130521, 154790, 0, 0.182, 0, 1, 0, 1, 1, NULL),
(130521, 154791, 0, 0.554, 0, 1, 0, 1, 1, NULL),
(130521, 154793, 0, 1.165, 0, 1, 0, 1, 1, NULL),
(130521, 154794, 0, 1.202, 0, 1, 0, 1, 1, NULL),
(130521, 154795, 0, 2.207, 0, 1, 0, 1, 1, NULL),
(130521, 154798, 0, 1.712, 0, 1, 0, 1, 1, NULL),
(130521, 154803, 0, 0.664, 0, 1, 0, 1, 1, NULL),
(130521, 154804, 0, 0.182, 0, 1, 0, 1, 1, NULL),
(130521, 159158, 0, 0.961, 0, 1, 0, 1, 1, NULL),
(130521, 159162, 0, 0.91, 0, 1, 0, 1, 1, NULL),
(130521, 159163, 0, 2.258, 0, 1, 0, 1, 1, NULL),
(130521, 159164, 0, 0.546, 0, 1, 0, 1, 1, NULL),
(130521, 159166, 0, 1.457, 0, 1, 0, 1, 1, NULL),
(130521, 159167, 0, 0.51, 0, 1, 0, 1, 1, NULL),
(130521, 159168, 0, 0.182, 0, 1, 0, 1, 1, NULL),
(130521, 159171, 0, 1.175, 0, 1, 0, 1, 1, NULL),
(130521, 159173, 0, 1.712, 0, 1, 0, 1, 1, NULL),
(130521, 159174, 0, 1.883, 0, 1, 0, 1, 1, NULL),
(130521, 159184, 0, 0.731, 0, 1, 0, 1, 1, NULL),
(130521, 159188, 0, 1.175, 0, 1, 0, 1, 1, NULL),
(130521, 159189, 0, 1.041, 0, 1, 0, 1, 1, NULL),
(130521, 159228, 0, 1.202, 0, 1, 0, 1, 1, NULL),
(130521, 159229, 0, 0.111, 0, 1, 0, 1, 1, NULL),
(130521, 159230, 0, 0.598, 0, 1, 0, 1, 1, NULL),
(130521, 159473, 0, 0.534, 0, 1, 0, 1, 1, NULL),
(130521, 159474, 0, 0.983, 0, 1, 0, 1, 1, NULL),
(130521, 159475, 0, 0.036, 0, 1, 0, 1, 1, NULL),
(130521, 159494, 0, 0.364, 0, 1, 0, 1, 1, NULL),
(130521, 159496, 0, 0.983, 0, 1, 0, 1, 1, NULL),
(130521, 159497, 0, 1.202, 0, 1, 0, 1, 1, NULL),
(130521, 159502, 0, 0.182, 0, 1, 0, 1, 1, NULL),
(130521, 159504, 0, 0.961, 0, 1, 0, 1, 1, NULL),
(130521, 159522, 0, 0.498, 0, 1, 0, 1, 1, NULL),
(130521, 159551, 0, 0.364, 0, 1, 0, 1, 1, NULL),
(130521, 159560, 0, 0.546, 0, 1, 0, 1, 1, NULL),
(130521, 159566, 0, 0.178, 0, 1, 0, 1, 1, NULL),
(130521, 159568, 0, 1.851, 0, 1, 0, 1, 1, NULL),
(130521, 159584, 0, 0.598, 0, 1, 0, 1, 1, NULL),
(130521, 159585, 0, 0.182, 0, 1, 0, 1, 1, NULL),
(130521, 159587, 0, 1.041, 0, 1, 0, 1, 1, NULL),
(130521, 159602, 0, 1.152, 0, 1, 0, 1, 1, NULL),
(130521, 159799, 0, 0.178, 0, 1, 0, 1, 1, NULL),
(130521, 159803, 0, 0.182, 0, 1, 0, 1, 1, NULL),
(130521, 159806, 0, 0.182, 0, 1, 0, 1, 1, NULL),
(130521, 160924, 0, 0.111, 0, 1, 0, 1, 1, NULL),
(130521, 160925, 0, 1.384, 0, 1, 0, 1, 1, NULL),
(130521, 160926, 0, 1.772, 0, 1, 0, 1, 1, NULL),
(130521, 160929, 0, 0.221, 0, 1, 0, 1, 1, NULL),
(130521, 160930, 0, 2.724, 0, 1, 0, 1, 1, NULL),
(130521, 160931, 0, 2.112, 0, 1, 0, 1, 1, NULL),
(130521, 160932, 0, 1.851, 0, 1, 0, 1, 1, NULL),
(130521, 160934, 0, 1.152, 0, 1, 0, 1, 1, NULL),
(130521, 160936, 0, 0.983, 0, 1, 0, 1, 1, NULL),
(130521, 160938, 0, 0.961, 0, 1, 0, 1, 1, NULL),
(130521, 163902, 0, 1.041, 0, 1, 0, 1, 1, NULL),
(130522, 152576, 0, 59.063, 0, 1, 0, 1, 3, NULL),
(130522, 152577, 0, 6.504, 0, 1, 0, 1, 1, NULL),
(130522, 154770, 0, 1.174, 0, 1, 0, 1, 1, NULL),
(130522, 154771, 0, 0.586, 0, 1, 0, 1, 1, NULL),
(130522, 154772, 0, 1.254, 0, 1, 0, 1, 1, NULL),
(130522, 154773, 0, 0.508, 0, 1, 0, 1, 1, NULL),
(130522, 154775, 0, 1.191, 0, 1, 0, 1, 1, NULL),
(130522, 154776, 0, 1.191, 0, 1, 0, 1, 1, NULL),
(130522, 154777, 0, 0.645, 0, 1, 0, 1, 1, NULL),
(130522, 154778, 0, 0.352, 0, 1, 0, 1, 1, NULL),
(130522, 154779, 0, 1.254, 0, 1, 0, 1, 1, NULL),
(130522, 154781, 0, 1.504, 0, 1, 0, 1, 1, NULL),
(130522, 154782, 0, 0.918, 0, 1, 0, 1, 1, NULL),
(130522, 154783, 0, 1.465, 0, 1, 0, 1, 1, NULL),
(130522, 154784, 0, 1.504, 0, 1, 0, 1, 1, NULL),
(130522, 154785, 0, 0.098, 0, 1, 0, 1, 1, NULL),
(130522, 154787, 0, 0.293, 0, 1, 0, 1, 1, NULL),
(130522, 154788, 0, 0.625, 0, 1, 0, 1, 1, NULL),
(130522, 154790, 0, 0.098, 0, 1, 0, 1, 1, NULL),
(130522, 154791, 0, 0.742, 0, 1, 0, 1, 1, NULL),
(130522, 154792, 0, 1.016, 0, 1, 0, 1, 1, NULL),
(130522, 154793, 0, 1.172, 0, 1, 0, 1, 1, NULL),
(130522, 154795, 0, 1.762, 0, 1, 0, 1, 1, NULL),
(130522, 154796, 0, 1.6, 0, 1, 0, 1, 1, NULL),
(130522, 154798, 0, 1.113, 0, 1, 0, 1, 1, NULL),
(130522, 154799, 0, 0.645, 0, 1, 0, 1, 1, NULL),
(130522, 154801, 0, 0.684, 0, 1, 0, 1, 1, NULL),
(130522, 154802, 0, 0.195, 0, 1, 0, 1, 1, NULL),
(130522, 154803, 0, 0.645, 0, 1, 0, 1, 1, NULL),
(130522, 154804, 0, 0.566, 0, 1, 0, 1, 1, NULL),
(130522, 159158, 0, 0.273, 0, 1, 0, 1, 1, NULL),
(130522, 159161, 0, 0.293, 0, 1, 0, 1, 1, NULL),
(130522, 159162, 0, 0.313, 0, 1, 0, 1, 1, NULL),
(130522, 159163, 0, 0.273, 0, 1, 0, 1, 1, NULL),
(130522, 159166, 0, 0.488, 0, 1, 0, 1, 1, NULL),
(130522, 159167, 0, 0.215, 0, 1, 0, 1, 1, NULL),
(130522, 159168, 0, 1.254, 0, 1, 0, 1, 1, NULL),
(130522, 159171, 0, 0.488, 0, 1, 0, 1, 1, NULL),
(130522, 159173, 0, 0.397, 0, 1, 0, 1, 1, NULL),
(130522, 159174, 0, 0.098, 0, 1, 0, 1, 1, NULL),
(130522, 159184, 0, 0.429, 0, 1, 0, 1, 1, NULL),
(130522, 159185, 0, 0.195, 0, 1, 0, 1, 1, NULL),
(130522, 159187, 0, 0.488, 0, 1, 0, 1, 1, NULL),
(130522, 159188, 0, 0.098, 0, 1, 0, 1, 1, NULL),
(130522, 159189, 0, 0.293, 0, 1, 0, 1, 1, NULL),
(130522, 159228, 0, 0.603, 0, 1, 0, 1, 1, NULL),
(130522, 159229, 0, 0.746, 0, 1, 0, 1, 1, NULL),
(130522, 159230, 0, 0.238, 0, 1, 0, 1, 1, NULL),
(130522, 159493, 0, 0.603, 0, 1, 0, 1, 1, NULL),
(130522, 159497, 0, 0.293, 0, 1, 0, 1, 1, NULL),
(130522, 159502, 0, 0.175, 0, 1, 0, 1, 1, NULL),
(130522, 159509, 0, 0.098, 0, 1, 0, 1, 1, NULL),
(130522, 159511, 0, 0.429, 0, 1, 0, 1, 1, NULL),
(130522, 159519, 0, 0.918, 0, 1, 0, 1, 1, NULL),
(130522, 159520, 0, 0.079, 0, 1, 0, 1, 1, NULL),
(130522, 159522, 0, 0.098, 0, 1, 0, 1, 1, NULL),
(130522, 159523, 0, 0.918, 0, 1, 0, 1, 1, NULL),
(130522, 159537, 0, 0.238, 0, 1, 0, 1, 1, NULL),
(130522, 159539, 0, 0.079, 0, 1, 0, 1, 1, NULL),
(130522, 159540, 0, 0.098, 0, 1, 0, 1, 1, NULL),
(130522, 159560, 0, 0.098, 0, 1, 0, 1, 1, NULL),
(130522, 159564, 0, 0.133, 0, 1, 0, 1, 1, NULL),
(130522, 159566, 0, 0.684, 0, 1, 0, 1, 1, NULL),
(130522, 159568, 0, 0.88, 0, 1, 0, 1, 1, NULL),
(130522, 159569, 0, 0.098, 0, 1, 0, 1, 1, NULL),
(130522, 159571, 0, 0.238, 0, 1, 0, 1, 1, NULL),
(130522, 159585, 0, 0.098, 0, 1, 0, 1, 1, NULL),
(130522, 159589, 0, 0.098, 0, 1, 0, 1, 1, NULL),
(130522, 159604, 0, 0.175, 0, 1, 0, 1, 1, NULL),
(130522, 159605, 0, 0.746, 0, 1, 0, 1, 1, NULL),
(130522, 159797, 0, 0.918, 0, 1, 0, 1, 1, NULL),
(130522, 159800, 0, 0.667, 0, 1, 0, 1, 1, NULL),
(130522, 159802, 0, 0.918, 0, 1, 0, 1, 1, NULL),
(130522, 159803, 0, 0.488, 0, 1, 0, 1, 1, NULL),
(130522, 159805, 0, 0.133, 0, 1, 0, 1, 1, NULL),
(130522, 159806, 0, 0.918, 0, 1, 0, 1, 1, NULL),
(130522, 159818, 0, 0.098, 0, 1, 0, 1, 1, NULL),
(130522, 159820, 0, 0.098, 0, 1, 0, 1, 1, NULL),
(130522, 160924, 0, 0.488, 0, 1, 0, 1, 1, NULL),
(130522, 160925, 0, 0.645, 0, 1, 0, 1, 1, NULL),
(130522, 160926, 0, 1.254, 0, 1, 0, 1, 1, NULL),
(130522, 160927, 0, 1.836, 0, 1, 0, 1, 1, NULL),
(130522, 160928, 0, 0.488, 0, 1, 0, 1, 1, NULL),
(130522, 160929, 0, 1.133, 0, 1, 0, 1, 1, NULL),
(130522, 160930, 0, 1.6, 0, 1, 0, 1, 1, NULL),
(130522, 160931, 0, 0.293, 0, 1, 0, 1, 1, NULL),
(130522, 160932, 0, 1.254, 0, 1, 0, 1, 1, NULL),
(130522, 160934, 0, 1.254, 0, 1, 0, 1, 1, NULL),
(130522, 160935, 0, 0.293, 0, 1, 0, 1, 1, NULL),
(130522, 160936, 0, 0.635, 0, 1, 0, 1, 1, NULL),
(130522, 160937, 0, 1.094, 0, 1, 0, 1, 1, NULL),
(130522, 160938, 0, 0.195, 0, 1, 0, 1, 1, NULL),
(127106, @maxReferenceEntry+1, @maxReferenceEntry+1 , 100, 0, 1, 0, 1, 1, NULL),
(130012, @maxReferenceEntry+2, @maxReferenceEntry+2, 100, 0, 1, 0, 1, 1, NULL),
(130400, @maxReferenceEntry+3, @maxReferenceEntry+3, 100, 0, 1, 0, 1, 1, NULL),
(129601, @maxReferenceEntry+4, @maxReferenceEntry+4, 100, 0, 1, 0, 1, 1, NULL),
(126983, @maxReferenceEntry+5, @maxReferenceEntry+5, 100, 0, 1, 0, 1, 1, NULL),
(129529, @maxReferenceEntry+6, @maxReferenceEntry+6, 100, 0, 1, 0, 1, 1, NULL),
(129599, @maxReferenceEntry+7, @maxReferenceEntry+7, 100, 0, 1, 0, 1, 1, NULL),
(129600, @maxReferenceEntry+8, @maxReferenceEntry+8, 100, 0, 1, 0, 1, 1, NULL),
(126847, @maxReferenceEntry+9, @maxReferenceEntry+9, 100, 0, 1, 0, 1, 1, NULL),
(126832, @maxReferenceEntry+10, @maxReferenceEntry+10, 100, 0, 1, 0, 1, 1, NULL),
(130404, @maxReferenceEntry+12, @maxReferenceEntry+12, 100, 0, 1, 0, 1, 1, NULL),
(129527, @maxReferenceEntry+13, @maxReferenceEntry+13, 100, 0, 1, 0, 1, 1, NULL),
(130011, @maxReferenceEntry+14, @maxReferenceEntry+14, 100, 0, 1, 0, 1, 1, NULL),
(130521, @maxReferenceEntry+15, @maxReferenceEntry+15, 100, 0, 1, 0, 1, 1, NULL),
(129547, @maxReferenceEntry+16, @maxReferenceEntry+16, 100, 0, 1, 0, 1, 1, NULL),
(129550, @maxReferenceEntry+17, @maxReferenceEntry+17, 100, 0, 1, 0, 1, 1, NULL),
(130522, @maxReferenceEntry+18, @maxReferenceEntry+18, 100, 0, 1, 0, 1, 1, NULL),
(127124, @maxReferenceEntry+19, @maxReferenceEntry+19, 100, 0, 1, 0, 1, 1, NULL),
(129559, @maxReferenceEntry+20, @maxReferenceEntry+20, 100, 0, 1, 0, 1, 1, NULL),
(129548, @maxReferenceEntry+21, @maxReferenceEntry+21, 100, 0, 1, 0, 1, 1, NULL),
(129526, @maxReferenceEntry+22, @maxReferenceEntry+22, 100, 0, 1, 0, 1, 1, NULL),
(127111, @maxReferenceEntry+23, @maxReferenceEntry+23, 100, 0, 1, 0, 1, 1, NULL),
(127119, @maxReferenceEntry+24, @maxReferenceEntry+24, 100, 0, 1, 0, 1, 1, NULL),
(126919, @maxReferenceEntry+25, @maxReferenceEntry+25, 100, 0, 1, 0, 1, 1, NULL),
(129602, @maxReferenceEntry+27, @maxReferenceEntry+27, 100, 0, 1, 0, 1, 1, NULL),
(129788, @maxReferenceEntry+28, @maxReferenceEntry+28, 100, 0, 1, 0, 1, 1, NULL),
(129732, @maxReferenceEntry+29, @maxReferenceEntry+29, 100, 0, 1, 0, 1, 1, NULL),
(128551, @maxReferenceEntry+30, @maxReferenceEntry+30, 100, 0, 1, 0, 1, 1, NULL),
(126918, @maxReferenceEntry+31, @maxReferenceEntry+31, 100, 0, 1, 0, 1, 1, NULL),
(126928, @maxReferenceEntry+32, @maxReferenceEntry+32, 100, 0, 1, 0, 1, 1, NULL);

delete from reference_loot_template WHERE entry BETWEEN @maxReferenceEntry+1 and @maxReferenceEntry+32;
INSERT INTO `reference_loot_template`(`Entry`, `Item`, `Reference`, `Chance`, `QuestRequired`, `LootMode`, `GroupId`, `MinCount`, `MaxCount`, `Comment`) VALUES (@maxReferenceEntry+1, 159187, 0, 0, 0, 1, 1, 1, 1, 'Reference Loot'),
(@maxReferenceEntry+1, 159229, 0, 0, 0, 1, 1, 1, 1, 'Reference Loot'),
(@maxReferenceEntry+1, 159494, 0, 0, 0, 1, 1, 1, 1, 'Reference Loot'),
(@maxReferenceEntry+1, 160932, 0, 0, 0, 1, 1, 1, 1, 'Reference Loot'),
(@maxReferenceEntry+2, 154775, 0, 0, 0, 1, 1, 1, 1, 'Reference Loot'),
(@maxReferenceEntry+2, 154789, 0, 0, 0, 1, 1, 1, 1, 'Reference Loot'),
(@maxReferenceEntry+2, 159163, 0, 0, 0, 1, 1, 1, 1, 'Reference Loot'),
(@maxReferenceEntry+2, 159551, 0, 0, 0, 1, 1, 1, 1, 'Reference Loot'),
(@maxReferenceEntry+2, 159564, 0, 0, 0, 1, 1, 1, 1, 'Reference Loot'),
(@maxReferenceEntry+3, 154781, 0, 0, 0, 1, 1, 1, 1, 'Reference Loot'),
(@maxReferenceEntry+3, 154782, 0, 0, 0, 1, 1, 1, 1, 'Reference Loot'),
(@maxReferenceEntry+3, 154789, 0, 0, 0, 1, 1, 1, 1, 'Reference Loot'),
(@maxReferenceEntry+3, 154791, 0, 0, 0, 1, 1, 1, 1, 'Reference Loot'),
(@maxReferenceEntry+3, 154798, 0, 0, 0, 1, 1, 1, 1, 'Reference Loot'),
(@maxReferenceEntry+3, 159167, 0, 0, 0, 1, 1, 1, 1, 'Reference Loot'),
(@maxReferenceEntry+3, 159589, 0, 0, 0, 1, 1, 1, 1, 'Reference Loot'),
(@maxReferenceEntry+3, 160925, 0, 0, 0, 1, 1, 1, 1, 'Reference Loot'),
(@maxReferenceEntry+3, 160930, 0, 0, 0, 1, 1, 1, 1, 'Reference Loot'),
(@maxReferenceEntry+3, 160935, 0, 0, 0, 1, 1, 1, 1, 'Reference Loot'),
(@maxReferenceEntry+3, 163911, 0, 0, 0, 1, 1, 1, 1, 'Reference Loot'),
(@maxReferenceEntry+4, 154781, 0, 0, 0, 1, 1, 1, 1, 'Reference Loot'),
(@maxReferenceEntry+4, 159475, 0, 0, 0, 1, 1, 1, 1, 'Reference Loot'),
(@maxReferenceEntry+4, 159511, 0, 0, 0, 1, 1, 1, 1, 'Reference Loot'),
(@maxReferenceEntry+4, 159519, 0, 0, 0, 1, 1, 1, 1, 'Reference Loot'),
(@maxReferenceEntry+4, 160928, 0, 0, 0, 1, 1, 1, 1, 'Reference Loot'),
(@maxReferenceEntry+5, 159473, 0, 0, 0, 1, 1, 1, 1, 'Reference Loot'),
(@maxReferenceEntry+5, 159475, 0, 0, 0, 1, 1, 1, 1, 'Reference Loot'),
(@maxReferenceEntry+5, 159511, 0, 0, 0, 1, 1, 1, 1, 'Reference Loot'),
(@maxReferenceEntry+5, 159520, 0, 0, 0, 1, 1, 1, 1, 'Reference Loot'),
(@maxReferenceEntry+5, 159551, 0, 0, 0, 1, 1, 1, 1, 'Reference Loot'),
(@maxReferenceEntry+5, 159560, 0, 0, 0, 1, 1, 1, 1, 'Reference Loot'),
(@maxReferenceEntry+5, 159569, 0, 0, 0, 1, 1, 1, 1, 'Reference Loot'),
(@maxReferenceEntry+5, 159584, 0, 0, 0, 1, 1, 1, 1, 'Reference Loot'),
(@maxReferenceEntry+5, 159593, 0, 0, 0, 1, 1, 1, 1, 'Reference Loot'),
(@maxReferenceEntry+5, 159605, 0, 0, 0, 1, 1, 1, 1, 'Reference Loot'),
(@maxReferenceEntry+5, 162460, 0, 0, 0, 1, 1, 1, 1, 'Reference Loot'),
(@maxReferenceEntry+6, 154778, 0, 0, 0, 1, 1, 1, 1, 'Reference Loot'),
(@maxReferenceEntry+6, 154781, 0, 0, 0, 1, 1, 1, 1, 'Reference Loot'),
(@maxReferenceEntry+6, 154799, 0, 0, 0, 1, 1, 1, 1, 'Reference Loot'),
(@maxReferenceEntry+6, 154805, 0, 0, 0, 1, 1, 1, 1, 'Reference Loot'),
(@maxReferenceEntry+6, 159524, 0, 0, 0, 1, 1, 1, 1, 'Reference Loot'),
(@maxReferenceEntry+6, 160928, 0, 0, 0, 1, 1, 1, 1, 'Reference Loot'),
(@maxReferenceEntry+6, 163902, 0, 0, 0, 1, 1, 1, 1, 'Reference Loot'),
(@maxReferenceEntry+6, 163910, 0, 0, 0, 1, 1, 1, 1, 'Reference Loot'),
(@maxReferenceEntry+7, 154776, 0, 0, 0, 1, 1, 1, 1, 'Reference Loot'),
(@maxReferenceEntry+7, 154782, 0, 0, 0, 1, 1, 1, 1, 'Reference Loot'),
(@maxReferenceEntry+7, 154791, 0, 0, 0, 1, 1, 1, 1, 'Reference Loot'),
(@maxReferenceEntry+7, 159184, 0, 0, 0, 1, 1, 1, 1, 'Reference Loot'),
(@maxReferenceEntry+7, 159566, 0, 0, 0, 1, 1, 1, 1, 'Reference Loot'),
(@maxReferenceEntry+7, 160925, 0, 0, 0, 1, 1, 1, 1, 'Reference Loot'),
(@maxReferenceEntry+7, 160931, 0, 0, 0, 1, 1, 1, 1, 'Reference Loot'),
(@maxReferenceEntry+7, 160938, 0, 0, 0, 1, 1, 1, 1, 'Reference Loot'),
(@maxReferenceEntry+8, 154770, 0, 0, 0, 1, 1, 1, 1, 'Reference Loot'),
(@maxReferenceEntry+8, 159493, 0, 0, 0, 1, 1, 1, 1, 'Reference Loot'),
(@maxReferenceEntry+8, 159521, 0, 0, 0, 1, 1, 1, 1, 'Reference Loot'),
(@maxReferenceEntry+8, 159602, 0, 0, 0, 1, 1, 1, 1, 'Reference Loot'),
(@maxReferenceEntry+8, 160928, 0, 0, 0, 1, 1, 1, 1, 'Reference Loot'),
(@maxReferenceEntry+9, 158311, 0, 0, 0, 1, 1, 1, 1, 'Reference Loot'),
(@maxReferenceEntry+9, 158314, 0, 0, 0, 1, 1, 1, 1, 'Reference Loot'),
(@maxReferenceEntry+9, 158346, 0, 0, 0, 1, 1, 1, 1, 'Reference Loot'),
(@maxReferenceEntry+9, 158351, 0, 0, 0, 1, 1, 1, 1, 'Reference Loot'),
(@maxReferenceEntry+9, 159130, 0, 0, 0, 1, 1, 1, 1, 'Reference Loot'),
(@maxReferenceEntry+9, 159132, 0, 0, 0, 1, 1, 1, 1, 'Reference Loot'),
(@maxReferenceEntry+9, 159297, 0, 0, 0, 1, 1, 1, 1, 'Reference Loot'),
(@maxReferenceEntry+9, 159356, 0, 0, 0, 1, 1, 1, 1, 'Reference Loot'),
(@maxReferenceEntry+10, 159494, 0, 0, 0, 1, 1, 1, 1, 'Reference Loot'),
(@maxReferenceEntry+10, 159560, 0, 0, 0, 1, 1, 1, 1, 'Reference Loot'),
(@maxReferenceEntry+10, 159590, 0, 0, 0, 1, 1, 1, 1, 'Reference Loot'),
(@maxReferenceEntry+10, 159602, 0, 0, 0, 1, 1, 1, 1, 'Reference Loot'),
(@maxReferenceEntry+10, 159605, 0, 0, 0, 1, 1, 1, 1, 'Reference Loot'),
(@maxReferenceEntry+10, 159799, 0, 0, 0, 1, 1, 1, 1, 'Reference Loot'),
(@maxReferenceEntry+12, 154770, 0, 0, 0, 1, 1, 1, 1, 'Reference Loot'),
(@maxReferenceEntry+12, 159158, 0, 0, 0, 1, 1, 1, 1, 'Reference Loot'),
(@maxReferenceEntry+12, 159230, 0, 0, 0, 1, 1, 1, 1, 'Reference Loot'),
(@maxReferenceEntry+12, 159494, 0, 0, 0, 1, 1, 1, 1, 'Reference Loot'),
(@maxReferenceEntry+12, 159797, 0, 0, 0, 1, 1, 1, 1, 'Reference Loot'),
(@maxReferenceEntry+12, 160933, 0, 0, 0, 1, 1, 1, 1, 'Reference Loot'),
(@maxReferenceEntry+12, 160936, 0, 0, 0, 1, 1, 1, 1, 'Reference Loot'),
(@maxReferenceEntry+13, 154770, 0, 0, 0, 1, 1, 1, 1, 'Reference Loot'),
(@maxReferenceEntry+13, 154771, 0, 0, 0, 1, 1, 1, 1, 'Reference Loot'),
(@maxReferenceEntry+13, 154780, 0, 0, 0, 1, 1, 1, 1, 'Reference Loot'),
(@maxReferenceEntry+13, 154792, 0, 0, 0, 1, 1, 1, 1, 'Reference Loot'),
(@maxReferenceEntry+13, 159493, 0, 0, 0, 1, 1, 1, 1, 'Reference Loot'),
(@maxReferenceEntry+13, 159519, 0, 0, 0, 1, 1, 1, 1, 'Reference Loot'),
(@maxReferenceEntry+13, 159522, 0, 0, 0, 1, 1, 1, 1, 'Reference Loot'),
(@maxReferenceEntry+13, 159523, 0, 0, 0, 1, 1, 1, 1, 'Reference Loot'),
(@maxReferenceEntry+13, 159569, 0, 0, 0, 1, 1, 1, 1, 'Reference Loot'),
(@maxReferenceEntry+13, 159800, 0, 0, 0, 1, 1, 1, 1, 'Reference Loot'),
(@maxReferenceEntry+13, 159805, 0, 0, 0, 1, 1, 1, 1, 'Reference Loot'),
(@maxReferenceEntry+13, 160927, 0, 0, 0, 1, 1, 1, 1, 'Reference Loot'),
(@maxReferenceEntry+13, 160936, 0, 0, 0, 1, 1, 1, 1, 'Reference Loot'),
(@maxReferenceEntry+14, 154787, 0, 0, 0, 1, 1, 1, 1, 'Reference Loot'),
(@maxReferenceEntry+14, 154802, 0, 0, 0, 1, 1, 1, 1, 'Reference Loot'),
(@maxReferenceEntry+14, 154804, 0, 0, 0, 1, 1, 1, 1, 'Reference Loot'),
(@maxReferenceEntry+14, 159184, 0, 0, 0, 1, 1, 1, 1, 'Reference Loot'),
(@maxReferenceEntry+14, 159493, 0, 0, 0, 1, 1, 1, 1, 'Reference Loot'),
(@maxReferenceEntry+14, 159806, 0, 0, 0, 1, 1, 1, 1, 'Reference Loot'),
(@maxReferenceEntry+14, 160924, 0, 0, 0, 1, 1, 1, 1, 'Reference Loot'),
(@maxReferenceEntry+15, 154778, 0, 0, 0, 1, 1, 1, 1, 'Reference Loot'),
(@maxReferenceEntry+15, 154780, 0, 0, 0, 1, 1, 1, 1, 'Reference Loot'),
(@maxReferenceEntry+15, 154781, 0, 0, 0, 1, 1, 1, 1, 'Reference Loot'),
(@maxReferenceEntry+15, 154799, 0, 0, 0, 1, 1, 1, 1, 'Reference Loot'),
(@maxReferenceEntry+15, 154802, 0, 0, 0, 1, 1, 1, 1, 'Reference Loot'),
(@maxReferenceEntry+15, 159186, 0, 0, 0, 1, 1, 1, 1, 'Reference Loot'),
(@maxReferenceEntry+15, 160935, 0, 0, 0, 1, 1, 1, 1, 'Reference Loot'),
(@maxReferenceEntry+15, 160937, 0, 0, 0, 1, 1, 1, 1, 'Reference Loot'),
(@maxReferenceEntry+16, 154773, 0, 0, 0, 1, 1, 1, 1, 'Reference Loot'),
(@maxReferenceEntry+16, 154776, 0, 0, 0, 1, 1, 1, 1, 'Reference Loot'),
(@maxReferenceEntry+16, 154782, 0, 0, 0, 1, 1, 1, 1, 'Reference Loot'),
(@maxReferenceEntry+16, 154791, 0, 0, 0, 1, 1, 1, 1, 'Reference Loot'),
(@maxReferenceEntry+16, 159473, 0, 0, 0, 1, 1, 1, 1, 'Reference Loot'),
(@maxReferenceEntry+16, 160934, 0, 0, 0, 1, 1, 1, 1, 'Reference Loot'),
(@maxReferenceEntry+17, 154774, 0, 0, 0, 1, 1, 1, 1, 'Reference Loot'),
(@maxReferenceEntry+17, 154776, 0, 0, 0, 1, 1, 1, 1, 'Reference Loot'),
(@maxReferenceEntry+17, 154791, 0, 0, 0, 1, 1, 1, 1, 'Reference Loot'),
(@maxReferenceEntry+17, 154792, 0, 0, 0, 1, 1, 1, 1, 'Reference Loot'),
(@maxReferenceEntry+17, 159164, 0, 0, 0, 1, 1, 1, 1, 'Reference Loot'),
(@maxReferenceEntry+17, 159171, 0, 0, 0, 1, 1, 1, 1, 'Reference Loot'),
(@maxReferenceEntry+17, 159604, 0, 0, 0, 1, 1, 1, 1, 'Reference Loot'),
(@maxReferenceEntry+17, 160933, 0, 0, 0, 1, 1, 1, 1, 'Reference Loot'),
(@maxReferenceEntry+17, 160938, 0, 0, 0, 1, 1, 1, 1, 'Reference Loot'),
(@maxReferenceEntry+18, 154774, 0, 0, 0, 1, 1, 1, 1, 'Reference Loot'),
(@maxReferenceEntry+18, 154780, 0, 0, 0, 1, 1, 1, 1, 'Reference Loot'),
(@maxReferenceEntry+18, 154786, 0, 0, 0, 1, 1, 1, 1, 'Reference Loot'),
(@maxReferenceEntry+18, 159164, 0, 0, 0, 1, 1, 1, 1, 'Reference Loot'),
(@maxReferenceEntry+18, 159551, 0, 0, 0, 1, 1, 1, 1, 'Reference Loot'),
(@maxReferenceEntry+18, 160933, 0, 0, 0, 1, 1, 1, 1, 'Reference Loot'),
(@maxReferenceEntry+19, 154785, 0, 0, 0, 1, 1, 1, 1, 'Reference Loot'),
(@maxReferenceEntry+19, 159806, 0, 0, 0, 1, 1, 1, 1, 'Reference Loot'),
(@maxReferenceEntry+20, 154773, 0, 0, 0, 1, 1, 1, 1, 'Reference Loot'),
(@maxReferenceEntry+20, 154782, 0, 0, 0, 1, 1, 1, 1, 'Reference Loot'),
(@maxReferenceEntry+20, 154786, 0, 0, 0, 1, 1, 1, 1, 'Reference Loot'),
(@maxReferenceEntry+20, 159172, 0, 0, 0, 1, 1, 1, 1, 'Reference Loot'),
(@maxReferenceEntry+20, 159494, 0, 0, 0, 1, 1, 1, 1, 'Reference Loot'),
(@maxReferenceEntry+20, 159511, 0, 0, 0, 1, 1, 1, 1, 'Reference Loot'),
(@maxReferenceEntry+20, 159585, 0, 0, 0, 1, 1, 1, 1, 'Reference Loot'),
(@maxReferenceEntry+20, 159593, 0, 0, 0, 1, 1, 1, 1, 'Reference Loot'),
(@maxReferenceEntry+20, 163906, 0, 0, 0, 1, 1, 1, 1, 'Reference Loot'),
(@maxReferenceEntry+21, 154793, 0, 0, 0, 1, 1, 1, 1, 'Reference Loot'),
(@maxReferenceEntry+21, 154798, 0, 0, 0, 1, 1, 1, 1, 'Reference Loot'),
(@maxReferenceEntry+21, 159566, 0, 0, 0, 1, 1, 1, 1, 'Reference Loot'),
(@maxReferenceEntry+21, 159593, 0, 0, 0, 1, 1, 1, 1, 'Reference Loot'),
(@maxReferenceEntry+21, 159803, 0, 0, 0, 1, 1, 1, 1, 'Reference Loot'),
(@maxReferenceEntry+21, 160924, 0, 0, 0, 1, 1, 1, 1, 'Reference Loot'),
(@maxReferenceEntry+21, 160938, 0, 0, 0, 1, 1, 1, 1, 'Reference Loot'),
(@maxReferenceEntry+22, 154771, 0, 0, 0, 1, 1, 1, 1, 'Reference Loot'),
(@maxReferenceEntry+22, 154784, 0, 0, 0, 1, 1, 1, 1, 'Reference Loot'),
(@maxReferenceEntry+22, 159174, 0, 0, 0, 1, 1, 1, 1, 'Reference Loot'),
(@maxReferenceEntry+22, 159230, 0, 0, 0, 1, 1, 1, 1, 'Reference Loot'),
(@maxReferenceEntry+22, 160927, 0, 0, 0, 1, 1, 1, 1, 'Reference Loot'),
(@maxReferenceEntry+22, 160928, 0, 0, 0, 1, 1, 1, 1, 'Reference Loot'),
(@maxReferenceEntry+22, 160933, 0, 0, 0, 1, 1, 1, 1, 'Reference Loot'),
(@maxReferenceEntry+22, 160935, 0, 0, 0, 1, 1, 1, 1, 'Reference Loot'),
(@maxReferenceEntry+23, 154791, 0, 0, 0, 1, 1, 1, 1, 'Reference Loot'),
(@maxReferenceEntry+23, 159494, 0, 0, 0, 1, 1, 1, 1, 'Reference Loot'),
(@maxReferenceEntry+23, 159802, 0, 0, 0, 1, 1, 1, 1, 'Reference Loot'),
(@maxReferenceEntry+23, 160924, 0, 0, 0, 1, 1, 1, 1, 'Reference Loot'),
(@maxReferenceEntry+23, 160928, 0, 0, 0, 1, 1, 1, 1, 'Reference Loot'),
(@maxReferenceEntry+23, 160929, 0, 0, 0, 1, 1, 1, 1, 'Reference Loot'),
(@maxReferenceEntry+23, 163910, 0, 0, 0, 1, 1, 1, 1, 'Reference Loot'),
(@maxReferenceEntry+24, 154771, 0, 0, 0, 1, 1, 1, 1, 'Reference Loot'),
(@maxReferenceEntry+24, 154778, 0, 0, 0, 1, 1, 1, 1, 'Reference Loot'),
(@maxReferenceEntry+24, 154786, 0, 0, 0, 1, 1, 1, 1, 'Reference Loot'),
(@maxReferenceEntry+24, 154798, 0, 0, 0, 1, 1, 1, 1, 'Reference Loot'),
(@maxReferenceEntry+24, 154802, 0, 0, 0, 1, 1, 1, 1, 'Reference Loot'),
(@maxReferenceEntry+24, 159229, 0, 0, 0, 1, 1, 1, 1, 'Reference Loot'),
(@maxReferenceEntry+24, 160924, 0, 0, 0, 1, 1, 1, 1, 'Reference Loot'),
(@maxReferenceEntry+25, 154790, 0, 0, 0, 1, 1, 1, 1, 'Reference Loot'),
(@maxReferenceEntry+25, 159522, 0, 0, 0, 1, 1, 1, 1, 'Reference Loot'),
(@maxReferenceEntry+25, 159566, 0, 0, 0, 1, 1, 1, 1, 'Reference Loot'),
(@maxReferenceEntry+25, 159602, 0, 0, 0, 1, 1, 1, 1, 'Reference Loot'),
(@maxReferenceEntry+25, 160937, 0, 0, 0, 1, 1, 1, 1, 'Reference Loot'),
(@maxReferenceEntry+25, 163906, 0, 0, 0, 1, 1, 1, 1, 'Reference Loot'),
(@maxReferenceEntry+27, 154787, 0, 0, 0, 1, 1, 1, 1, 'Reference Loot'),
(@maxReferenceEntry+27, 154803, 0, 0, 0, 1, 1, 1, 1, 'Reference Loot'),
(@maxReferenceEntry+27, 159520, 0, 0, 0, 1, 1, 1, 1, 'Reference Loot'),
(@maxReferenceEntry+27, 159604, 0, 0, 0, 1, 1, 1, 1, 'Reference Loot'),
(@maxReferenceEntry+27, 159797, 0, 0, 0, 1, 1, 1, 1, 'Reference Loot'),
(@maxReferenceEntry+27, 159799, 0, 0, 0, 1, 1, 1, 1, 'Reference Loot'),
(@maxReferenceEntry+27, 159802, 0, 0, 0, 1, 1, 1, 1, 'Reference Loot'),
(@maxReferenceEntry+27, 159820, 0, 0, 0, 1, 1, 1, 1, 'Reference Loot'),
(@maxReferenceEntry+28, 159474, 0, 0, 0, 1, 1, 1, 1, 'Reference Loot'),
(@maxReferenceEntry+28, 159523, 0, 0, 0, 1, 1, 1, 1, 'Reference Loot'),
(@maxReferenceEntry+28, 159551, 0, 0, 0, 1, 1, 1, 1, 'Reference Loot'),
(@maxReferenceEntry+29, 155862, 0, 0, 0, 1, 1, 1, 1, 'Reference Loot'),
(@maxReferenceEntry+29, 155884, 0, 0, 0, 1, 1, 1, 1, 'Reference Loot'),
(@maxReferenceEntry+29, 158360, 0, 0, 0, 1, 1, 1, 1, 'Reference Loot'),
(@maxReferenceEntry+29, 159227, 0, 0, 0, 1, 1, 1, 1, 'Reference Loot'),
(@maxReferenceEntry+29, 159353, 0, 0, 0, 1, 1, 1, 1, 'Reference Loot'),
(@maxReferenceEntry+29, 159633, 0, 0, 0, 1, 1, 1, 1, 'Reference Loot'),
(@maxReferenceEntry+30, 159474, 0, 0, 0, 1, 1, 1, 1, 'Reference Loot'),
(@maxReferenceEntry+30, 159475, 0, 0, 0, 1, 1, 1, 1, 'Reference Loot'),
(@maxReferenceEntry+30, 159520, 0, 0, 0, 1, 1, 1, 1, 'Reference Loot'),
(@maxReferenceEntry+30, 159525, 0, 0, 0, 1, 1, 1, 1, 'Reference Loot'),
(@maxReferenceEntry+30, 159568, 0, 0, 0, 1, 1, 1, 1, 'Reference Loot'),
(@maxReferenceEntry+30, 159585, 0, 0, 0, 1, 1, 1, 1, 'Reference Loot'),
(@maxReferenceEntry+30, 159590, 0, 0, 0, 1, 1, 1, 1, 'Reference Loot'),
(@maxReferenceEntry+31, 154770, 0, 0, 0, 1, 1, 1, 1, 'Reference Loot'),
(@maxReferenceEntry+31, 154799, 0, 0, 0, 1, 1, 1, 1, 'Reference Loot'),
(@maxReferenceEntry+31, 159523, 0, 0, 0, 1, 1, 1, 1, 'Reference Loot'),
(@maxReferenceEntry+31, 159590, 0, 0, 0, 1, 1, 1, 1, 'Reference Loot'),
(@maxReferenceEntry+32, 154794, 0, 0, 0, 1, 1, 1, 1, 'Reference Loot'),
(@maxReferenceEntry+32, 159474, 0, 0, 0, 1, 1, 1, 1, 'Reference Loot'),
(@maxReferenceEntry+32, 159520, 0, 0, 0, 1, 1, 1, 1, 'Reference Loot'),
(@maxReferenceEntry+32, 159540, 0, 0, 0, 1, 1, 1, 1, 'Reference Loot'),
(@maxReferenceEntry+32, 159551, 0, 0, 0, 1, 1, 1, 1, 'Reference Loot'),
(@maxReferenceEntry+32, 159587, 0, 0, 0, 1, 1, 1, 1, 'Reference Loot'),
(@maxReferenceEntry+32, 159820, 0, 0, 0, 1, 1, 1, 1, 'Reference Loot');

-- Game Tele
delete from game_tele where map = 1754;
INSERT INTO `game_tele`(`id`, `position_x`, `position_y`, `position_z`, `orientation`, `map`, `name`) VALUES (@maxGameTele, -1589.33, -993.81, 72.87, 2.85, 1754, 'FreeHold');

-- Update ZONE
UPDATE `creature` SET `spawnDifficulties` = '1,2,23' WHERE `map` = 1754;
UPDATE `gameobject` SET `spawnDifficulties` = '1,2,23' WHERE `map` = 1754;
UPDATE `creature_template` SET `ScriptName` = 'npc_sharkbait', `InhabitType` = 4, `unit_flags2` = 0  WHERE `entry` = 126841;
UPDATE `creature_template` SET `ScriptName` = 'boss_skycap_kragg', `flags_extra` = 1  WHERE `entry` = 126832;
UPDATE `creature_template` SET `ScriptName` = 'boss_council_captain', `flags_extra` = 1  WHERE `entry` = 126848;
UPDATE `creature_template` SET `ScriptName` = 'boss_council_captain', `flags_extra` = 1  WHERE `entry` = 126847;
UPDATE `creature_template` SET `ScriptName` = 'boss_council_captain', `flags_extra` = 1  WHERE `entry` = 126845;
UPDATE `creature_template` SET `ScriptName` = 'npc_rummy_mancomb' WHERE `entry` = 133219;
UPDATE `creature_template` SET `ScriptName` = 'npc_blackout_barrel' WHERE `entry` = 130896;
UPDATE `creature_template` SET `ScriptName` = 'npc_swiftwind_saber' WHERE `entry` = 129747;
UPDATE `creature_template` SET `ScriptName` = 'npc_irontide_granadier' WHERE `entry` = 129758;
UPDATE `creature_template` SET `ScriptName` = 'boss_harlan_sweete', `flags_extra` = 1 WHERE `entry` = 126983;
UPDATE `creature_template` SET `ScriptName` = 'npc_gukguk' WHERE `entry` = 130090;
UPDATE `creature_template` SET `ScriptName` = 'npc_lightning' WHERE `entry` = 130099;
UPDATE `creature_template` SET `ScriptName` = 'npc_ludwig_von_tortollan' WHERE `entry` = 129699;
UPDATE `creature_template` SET `ScriptName` = 'boss_trothak', `flags_extra` = 1 WHERE `entry` = 126969;
UPDATE `creature_template` SET `ScriptName` = 'npc_shark_trothak' WHERE `entry` = 129448;
UPDATE `creature_template` SET `ScriptName` = 'npc_shark_trothak' WHERE `entry` = 129359;
UPDATE `creature_template` SET `faction` = 16 WHERE `entry` = 129547;
UPDATE `creature_template` SET `ScriptName` = 'npc_davey' WHERE `entry` = 130086;
UPDATE `creature_template` SET `ScriptName` = 'npc_gurgthock' WHERE `entry` = 129350;

UPDATE `creature_template` SET `lootid` = 126832 WHERE `entry` = 126832;
UPDATE `creature_template` SET `lootid` = 126847 WHERE `entry` = 126847;
UPDATE `creature_template` SET `lootid` = 126918 WHERE `entry` = 126918;
UPDATE `creature_template` SET `lootid` = 126919 WHERE `entry` = 126919;
UPDATE `creature_template` SET `lootid` = 126928 WHERE `entry` = 126928;
UPDATE `creature_template` SET `lootid` = 126983 WHERE `entry` = 126983;
UPDATE `creature_template` SET `lootid` = 127106 WHERE `entry` = 127106;
UPDATE `creature_template` SET `lootid` = 127111 WHERE `entry` = 127111;
UPDATE `creature_template` SET `lootid` = 127119 WHERE `entry` = 127119;
UPDATE `creature_template` SET `lootid` = 127124 WHERE `entry` = 127124;
UPDATE `creature_template` SET `lootid` = 128551 WHERE `entry` = 128551;
UPDATE `creature_template` SET `lootid` = 129526 WHERE `entry` = 129526;
UPDATE `creature_template` SET `lootid` = 129527 WHERE `entry` = 129527;
UPDATE `creature_template` SET `lootid` = 129529 WHERE `entry` = 129529;
UPDATE `creature_template` SET `lootid` = 129547 WHERE `entry` = 129547;
UPDATE `creature_template` SET `lootid` = 129548 WHERE `entry` = 129548;
UPDATE `creature_template` SET `lootid` = 129550 WHERE `entry` = 129550;
UPDATE `creature_template` SET `lootid` = 129559 WHERE `entry` = 129559;
UPDATE `creature_template` SET `lootid` = 129598 WHERE `entry` = 129598;
UPDATE `creature_template` SET `lootid` = 129599 WHERE `entry` = 129599;
UPDATE `creature_template` SET `lootid` = 129600 WHERE `entry` = 129600;
UPDATE `creature_template` SET `lootid` = 129601 WHERE `entry` = 129601;
UPDATE `creature_template` SET `lootid` = 129602 WHERE `entry` = 129602;
UPDATE `creature_template` SET `lootid` = 129732 WHERE `entry` = 129732;
UPDATE `creature_template` SET `lootid` = 129788 WHERE `entry` = 129788;
UPDATE `creature_template` SET `lootid` = 130011 WHERE `entry` = 130011;
UPDATE `creature_template` SET `lootid` = 130012 WHERE `entry` = 130012;
UPDATE `creature_template` SET `lootid` = 130024 WHERE `entry` = 130024;
UPDATE `creature_template` SET `lootid` = 130400 WHERE `entry` = 130400;
UPDATE `creature_template` SET `lootid` = 130404 WHERE `entry` = 130404;
UPDATE `creature_template` SET `lootid` = 130521 WHERE `entry` = 130521;
UPDATE `creature_template` SET `lootid` = 130522 WHERE `entry` = 130522;

delete from creature where id = 126841;
DELETE FROM `gameobject` WHERE `id` = 288636;

delete from spell_script_names where spell_id in (272046, 258875, 281329, 258850, 257305, 257454);
INSERT INTO `spell_script_names`(`spell_id`, `ScriptName`) VALUES (272046, 'spell_dive_bomb');
INSERT INTO `spell_script_names`(`spell_id`, `ScriptName`) VALUES (258875, 'spell_blackout_vehicle');
INSERT INTO `spell_script_names`(`spell_id`, `ScriptName`) VALUES (281329, 'spell_trade_winds_vigor');
INSERT INTO `spell_script_names`(`spell_id`, `ScriptName`) VALUES (258850, 'spell_cannon_barrage_target');
INSERT INTO `spell_script_names`(`spell_id`, `ScriptName`) VALUES (257305, 'spell_cannon_barrage_aura');
INSERT INTO `spell_script_names`(`spell_id`, `ScriptName`) VALUES (257454, 'spell_swiftwind_saber');

delete from areatrigger_template where Id in (16608, 18182, 18148, 16728, 16715, 16776, 256494, 272548);
INSERT INTO `areatrigger_template`(`Id`, `Type`, `Flags`, `Data0`, `Data1`, `Data2`, `Data3`, `Data4`, `Data5`, `ScriptName`, `VerifiedBuild`) VALUES 
(16608, 0, 2, 5, 5, 0, 0, 0, 0, 'at_vile_bombardment', 28153),
(18148, 0, 4, 5, 5, 0, 0, 0, 0, 'at_whirlpool_of_blades', 28153),
(16728, 0, 0, 5, 5, 0, 0, 0, 0, 'at_cannon_barrage', 28153),
(16715, 4, 4, 2, 2, 100, 100, 50, 50, 'at_swiftwind_saber', 28153),
(16776, 0, 0, 2, 2, 0, 0, 0, 0, 'at_shell_bounce', 28153),
(256494, 0, 4, 5, 5, 0, 0, 0, 0, 'at_rearm_trothak', 0),
(272548, 0, 2, 3, 3, 0, 0, 0, 0, 'at_bloody_mess', 0),
(18182, 4, 0, 6, 6, 10, 10, 0.3, 0.3, 'at_tapped_keg', 28153);

delete from spell_areatrigger where SpellMiscId in (11912, 13674, 13632, 12018, 12004, 12070, 11954, 13654);
INSERT INTO `spell_areatrigger`(`SpellMiscId`, `AreaTriggerId`, `MoveCurveId`, `ScaleCurveId`, `MorphCurveId`, `FacingCurveId`, `AnimId`, `AnimKitId`, `DecalPropertiesId`, `TimeToTarget`, `TimeToTargetScale`, `VerifiedBuild`) VALUES 
(11912, 16608, 0, 4978, 0, 0, 0, 0, 210, 0, 30000, 28153),
(13674, 18182, 0, 0, 0, 0, 0, 0, 0, 0, 12000, 28153), 
(12018, 16728, 0, 0, 0, 0, 0, 0, 217, 0, 20000, 28153),
(12004, 16715, 0, 0, 0, 0, 0, 0, 0, 0, 0, 28153),
(12070, 16776, 0, 0, 0, 0, 0, 0, 0, 5105, 12000, 28153), 
(11954, 256494, 0, 0, 0, 0, 0, 0, 0, 0, 0, 0),
(13654, 272548, 0, 0, 0, 0, 0, 0, 0, 0, 60000, 0),
(13632, 18148, 0, 0, 0, 0, 0, 0, 0, 0, 0, 28153);
delete from creature_template_addon where entry in (126845, 126848, 126847, 129448, 129359);

delete from vehicle_template_accessory where entry = 126969;


delete from creature_text where CreatureID in (130090, 129350, 126832, 126983, 126845, 126848, 126847);
INSERT INTO `creature_text`(`CreatureID`, `GroupID`, `ID`, `Text`, `Type`, `Language`, `Probability`, `Emote`, `Duration`, `Sound`, `BroadcastTextId`, `TextRange`, `comment`) VALUES (130090, 0, 0, 'That\'s your cue, landlubbers!', 12, 0, 0, 0, 0, 97267, 141262, 0, '');
INSERT INTO `creature_text`(`CreatureID`, `GroupID`, `ID`, `Text`, `Type`, `Language`, `Probability`, `Emote`, `Duration`, `Sound`, `BroadcastTextId`, `TextRange`, `comment`) VALUES (129350, 0, 0, 'Ouch! Why\'d you poke me? Oh, oh! Wake up, Wodin! We\'re on!', 12, 0, 0, 0, 0, 97269, 141263, 0, '');
INSERT INTO `creature_text`(`CreatureID`, `GroupID`, `ID`, `Text`, `Type`, `Language`, `Probability`, `Emote`, `Duration`, `Sound`, `BroadcastTextId`, `TextRange`, `comment`) VALUES (130090, 1, 0, 'C\'mon, say the things! Say the things!', 12, 0, 0, 0, 0, 97268, 141265, 0, '');
INSERT INTO `creature_text`(`CreatureID`, `GroupID`, `ID`, `Text`, `Type`, `Language`, `Probability`, `Emote`, `Duration`, `Sound`, `BroadcastTextId`, `TextRange`, `comment`) VALUES (129350, 1, 0, 'Ouch! Okay, okay! Gather \'round for a show of unbridled ferocity! Comin\' to you from parts unknown. The mysterious... the dangerous... the slightly unkempt... the band of smelly buccaneers!', 12, 0, 0, 0, 0, 97270, 141266, 0, '');
INSERT INTO `creature_text`(`CreatureID`, `GroupID`, `ID`, `Text`, `Type`, `Language`, `Probability`, `Emote`, `Duration`, `Sound`, `BroadcastTextId`, `TextRange`, `comment`) VALUES (129350, 2, 0, 'And entering the ring, we have the amazing... the incredible... the magnificent... the... what the? Really?', 12, 0, 0, 0, 0, 97271, 141275, 0, '');
INSERT INTO `creature_text`(`CreatureID`, `GroupID`, `ID`, `Text`, `Type`, `Language`, `Probability`, `Emote`, `Duration`, `Sound`, `BroadcastTextId`, `TextRange`, `comment`) VALUES (129350, 3, 0, 'It\'s a greased up pig? I\'m beginning to think this is not a professional setup. Oh well... grab the pig and you win.', 12, 0, 0, 0, 0, 97272, 141276, 0, '');
INSERT INTO `creature_text`(`CreatureID`, `GroupID`, `ID`, `Text`, `Type`, `Language`, `Probability`, `Emote`, `Duration`, `Sound`, `BroadcastTextId`, `TextRange`, `comment`) VALUES (129350, 4, 0, 'Well, look at that. They caught a pig. Maybe we should move on to a more... threatening challenge!', 12, 0, 0, 0, 0, 97273, 141340, 0, '');
INSERT INTO `creature_text`(`CreatureID`, `GroupID`, `ID`, `Text`, `Type`, `Language`, `Probability`, `Emote`, `Duration`, `Sound`, `BroadcastTextId`, `TextRange`, `comment`) VALUES (129350, 5, 0, 'From the sewers of Freehold comes a tortollan brigand who makes it his duty to \"turtley\" hurt you. He is the Dynamo of Defense... the Sergeant of Shell Shock... the Hellion in a Half-Shell... Ludwig!', 12, 0, 0, 0, 0, 97274, 141341, 0, '');
INSERT INTO `creature_text`(`CreatureID`, `GroupID`, `ID`, `Text`, `Type`, `Language`, `Probability`, `Emote`, `Duration`, `Sound`, `BroadcastTextId`, `TextRange`, `comment`) VALUES (129350, 6, 0, 'Ludwig goes down! What a fight! These smelly buccaneers are resilient, and they better be... because their next challenger is the epitome of brutality.', 12, 0, 0, 0, 0, 97275, 141344, 0, '');
INSERT INTO `creature_text`(`CreatureID`, `GroupID`, `ID`, `Text`, `Type`, `Language`, `Probability`, `Emote`, `Duration`, `Sound`, `BroadcastTextId`, `TextRange`, `comment`) VALUES (129350, 7, 0, 'Our champion that sleeps with the fishes... literally! The Freehold Fanatic... the Master of the Jagged Jawbone Jab... the Powerful Pugilist Predator... Trothak the Shark Puncher!', 12, 0, 0, 0, 0, 97279, 141351, 0, '');
INSERT INTO `creature_text`(`CreatureID`, `GroupID`, `ID`, `Text`, `Type`, `Language`, `Probability`, `Emote`, `Duration`, `Sound`, `BroadcastTextId`, `TextRange`, `comment`) VALUES (126832, 0, 0, 'Avast, ye bilge suckers!', 14, 0, 100, 0, 0, 98121, 0, 0, 'Skycap\'n Kragg');
INSERT INTO `creature_text`(`CreatureID`, `GroupID`, `ID`, `Text`, `Type`, `Language`, `Probability`, `Emote`, `Duration`, `Sound`, `BroadcastTextId`, `TextRange`, `comment`) VALUES (126832, 1, 0, 'Aaargh! Sharkbait, come about and blast their broadsides!', 14, 0, 100, 482, 0, 98126, 0, 0, 'Skycap\'n Kragg');
INSERT INTO `creature_text`(`CreatureID`, `GroupID`, `ID`, `Text`, `Type`, `Language`, `Probability`, `Emote`, `Duration`, `Sound`, `BroadcastTextId`, `TextRange`, `comment`) VALUES (126832, 2, 0, 'Well, looks like someone still ain\'t got their sea legs!', 14, 0, 100, 0, 0, 98119, 0, 0, 'Skycap\'n Kragg');
INSERT INTO `creature_text`(`CreatureID`, `GroupID`, `ID`, `Text`, `Type`, `Language`, `Probability`, `Emote`, `Duration`, `Sound`, `BroadcastTextId`, `TextRange`, `comment`) VALUES (126832, 3, 0, 'I\'ll scuttle yer hides!', 14, 0, 100, 0, 0, 98111, 0, 0, 'Skycap\'n Kragg to Player');
INSERT INTO `creature_text`(`CreatureID`, `GroupID`, `ID`, `Text`, `Type`, `Language`, `Probability`, `Emote`, `Duration`, `Sound`, `BroadcastTextId`, `TextRange`, `comment`) VALUES (126832, 4, 0, 'Ha Ha! Don\'t crack yer teacup!', 14, 0, 100, 0, 0, 98120, 0, 0, 'Skycap\'n Kragg');
INSERT INTO `creature_text`(`CreatureID`, `GroupID`, `ID`, `Text`, `Type`, `Language`, `Probability`, `Emote`, `Duration`, `Sound`, `BroadcastTextId`, `TextRange`, `comment`) VALUES (126832, 5, 0, 'Guess I... be off... ta the locker...', 14, 0, 100, 0, 0, 98123, 0, 0, 'Skycap\'n Kragg to Player');
INSERT INTO `creature_text`(`CreatureID`, `GroupID`, `ID`, `Text`, `Type`, `Language`, `Probability`, `Emote`, `Duration`, `Sound`, `BroadcastTextId`, `TextRange`, `comment`) VALUES (126832, 6, 0, 'Best be gettin\' yer wills in order!', 14, 0, 100, 0, 0, 98122, 140362, 0, '');
INSERT INTO `creature_text`(`CreatureID`, `GroupID`, `ID`, `Text`, `Type`, `Language`, `Probability`, `Emote`, `Duration`, `Sound`, `BroadcastTextId`, `TextRange`, `comment`) VALUES (126832, 7, 0, 'This one is goin\' right in yer deadlights!', 14, 0, 100, 0, 0, 98112, 140399, 0, '');
INSERT INTO `creature_text`(`CreatureID`, `GroupID`, `ID`, `Text`, `Type`, `Language`, `Probability`, `Emote`, `Duration`, `Sound`, `BroadcastTextId`, `TextRange`, `comment`) VALUES (126832, 8, 0, 'Ye won\'t soon be forgettin\' that taste.', 14, 0, 100, 0, 0, 98118, 140400, 0, '');
INSERT INTO `creature_text`(`CreatureID`, `GroupID`, `ID`, `Text`, `Type`, `Language`, `Probability`, `Emote`, `Duration`, `Sound`, `BroadcastTextId`, `TextRange`, `comment`) VALUES (126983, 2, 0, 'Inconceivable...', 14, 0, 100, 0, 0, 97286, 0, 0, 'Harlan Sweete to Player');
INSERT INTO `creature_text`(`CreatureID`, `GroupID`, `ID`, `Text`, `Type`, `Language`, `Probability`, `Emote`, `Duration`, `Sound`, `BroadcastTextId`, `TextRange`, `comment`) VALUES (126983, 1, 0, 'Men! Acquaint these scallywags with our heavy guns.', 14, 0, 100, 0, 0, 97283, 0, 0, 'Harlan Sweete');
INSERT INTO `creature_text`(`CreatureID`, `GroupID`, `ID`, `Text`, `Type`, `Language`, `Probability`, `Emote`, `Duration`, `Sound`, `BroadcastTextId`, `TextRange`, `comment`) VALUES (126983, 0, 0, 'Think you can stand against me, swine? Allow me to educate you.', 14, 0, 100, 0, 0, 97284, 0, 0, 'Harlan Sweete to Player');
INSERT INTO `creature_text`(`CreatureID`, `GroupID`, `ID`, `Text`, `Type`, `Language`, `Probability`, `Emote`, `Duration`, `Sound`, `BroadcastTextId`, `TextRange`, `comment`) VALUES (126983, 3, 0, 'Swab the deck with their gizzards!', 14, 0, 100, 0, 0, 97281, 140646, 0, '');
INSERT INTO `creature_text`(`CreatureID`, `GroupID`, `ID`, `Text`, `Type`, `Language`, `Probability`, `Emote`, `Duration`, `Sound`, `BroadcastTextId`, `TextRange`, `comment`) VALUES (126983, 4, 0, 'Cannons! Blast these scurvy dogs to bits!', 14, 0, 100, 0, 0, 97282, 140652, 0, '');
INSERT INTO `creature_text`(`CreatureID`, `GroupID`, `ID`, `Text`, `Type`, `Language`, `Probability`, `Emote`, `Duration`, `Sound`, `BroadcastTextId`, `TextRange`, `comment`) VALUES (126983, 5, 0, 'All hands on deck!', 14, 0, 0, 0, 0, 97280, 140645, 0, '');
INSERT INTO `creature_text`(`CreatureID`, `GroupID`, `ID`, `Text`, `Type`, `Language`, `Probability`, `Emote`, `Duration`, `Sound`, `BroadcastTextId`, `TextRange`, `comment`) VALUES (126848, 0, 0, 'Nice... shot...', 14, 0, 100, 0, 0, 97241, 0, 0, 'Captain Eudora to Player');
INSERT INTO `creature_text`(`CreatureID`, `GroupID`, `ID`, `Text`, `Type`, `Language`, `Probability`, `Emote`, `Duration`, `Sound`, `BroadcastTextId`, `TextRange`, `comment`) VALUES (126845, 2, 0, 'Bury me with my blade...', 14, 0, 100, 0, 0, 97250, 0, 0, 'Captain Jolly to Player');
INSERT INTO `creature_text`(`CreatureID`, `GroupID`, `ID`, `Text`, `Type`, `Language`, `Probability`, `Emote`, `Duration`, `Sound`, `BroadcastTextId`, `TextRange`, `comment`) VALUES (126845, 1, 0, 'Surging steel!', 14, 0, 100, 0, 0, 97246, 0, 0, 'Captain Jolly');
INSERT INTO `creature_text`(`CreatureID`, `GroupID`, `ID`, `Text`, `Type`, `Language`, `Probability`, `Emote`, `Duration`, `Sound`, `BroadcastTextId`, `TextRange`, `comment`) VALUES (126845, 0, 0, 'En guard!', 14, 0, 100, 0, 0, 97245, 0, 0, 'Captain Jolly');
INSERT INTO `creature_text`(`CreatureID`, `GroupID`, `ID`, `Text`, `Type`, `Language`, `Probability`, `Emote`, `Duration`, `Sound`, `BroadcastTextId`, `TextRange`, `comment`) VALUES (126848, 1, 0, 'Your skulls will be excellent target practice.', 14, 0, 100, 0, 0, 97240, 140535, 0, '');
INSERT INTO `creature_text`(`CreatureID`, `GroupID`, `ID`, `Text`, `Type`, `Language`, `Probability`, `Emote`, `Duration`, `Sound`, `BroadcastTextId`, `TextRange`, `comment`) VALUES (126845, 3, 0, 'Let\'s put your steel to the test!', 14, 0, 100, 0, 0, 97249, 140546, 0, '');
INSERT INTO `creature_text`(`CreatureID`, `GroupID`, `ID`, `Text`, `Type`, `Language`, `Probability`, `Emote`, `Duration`, `Sound`, `BroadcastTextId`, `TextRange`, `comment`) VALUES (126847, 0, 0, 'Bottoms up, scallywags!', 14, 0, 100, 0, 0, 97260, 140529, 0, '');

DELETE FROM `instance_template` WHERE `map` = '1754';
INSERT INTO `instance_template` (`map`, `parent`, `script`) VALUES ('1754', '0', 'instance_free_hold');
UPDATE `creature_template` SET `name`='teleporter free hold', `subname`='', `ScriptName`='npc_free_hold_entrance_teleporter' WHERE (`entry`='9000000');
INSERT INTO `creature_template_addon` (`entry`, `bytes1`, `auras`) VALUES ('9000000', '65536', '49414');